[gpu_pool] 22 jobs -> workers cuda:0 (physical GPU 3), cuda:1 (physical GPU 4), cuda:2 (physical GPU 7)
=== Test 1 static compression, design A_smooth, device cuda:0
=== Test 1 static compression, design B_tread, device cuda:1
=== Test 3 6-DOF A_smooth flexion: preload 100.0 N (force), dof 3 displacement-controlled, device cuda:2
step   1 uz 0.0100 Fz    -125.6 N  dmg   0.00%  maxVM   2.81  slip C4/C3 0.0000/0.0000  tilt -0.015/+0.003  contact 0.99  (2 outer, 1013 pcg, 10s)
   preload secant 0: Uz 0.00833 mm -> Fz -104.66 N
step   1 uz 0.0100 Fz    -126.6 N  dmg   0.00%  maxVM   2.99  slip C4/C3 0.0000/0.0000  tilt -0.016/+0.003  contact 0.96  (3 outer, 1138 pcg, 11s)
step   2 uz 0.0200 Fz    -249.7 N  dmg   0.00%  maxVM   5.57  slip C4/C3 0.0001/0.0000  tilt -0.030/+0.006  contact 0.98  (2 outer, 626 pcg, 15s)
step   2 uz 0.0200 Fz    -252.1 N  dmg   0.00%  maxVM   5.93  slip C4/C3 0.0001/0.0000  tilt -0.031/+0.006  contact 0.96  (2 outer, 620 pcg, 17s)
   preload secant 1: Uz 0.00794 mm -> Fz -93.34 N
step   3 uz 0.0300 Fz    -372.5 N  dmg   0.00%  maxVM   8.33  slip C4/C3 0.0001/0.0001  tilt -0.044/+0.009  contact 0.98  (2 outer, 620 pcg, 21s)
step   3 uz 0.0300 Fz    -376.9 N  dmg   0.00%  maxVM   8.87  slip C4/C3 0.0001/0.0001  tilt -0.046/+0.009  contact 0.95  (2 outer, 609 pcg, 22s)
step   4 uz 0.0400 Fz    -488.4 N  dmg   0.00%  maxVM  11.04  slip C4/C3 0.0002/0.0002  tilt -0.060/+0.012  contact 0.98  (5 outer, 707 pcg, 28s)
   preload secant 2: Uz 0.00817 mm -> Fz -92.64 N
step   4 uz 0.0400 Fz    -498.4 N  dmg   0.00%  maxVM  11.79  slip C4/C3 0.0002/0.0001  tilt -0.061/+0.012  contact 0.94  (3 outer, 634 pcg, 28s)
step   5 uz 0.0500 Fz    -605.2 N  dmg   0.00%  maxVM  13.74  slip C4/C3 0.0003/0.0004  tilt -0.075/+0.015  contact 0.97  (4 outer, 648 pcg, 34s)
   preload secant 3: Uz 0.01553 mm -> Fz -185.02 N
step   5 uz 0.0500 Fz    -621.5 N  dmg   0.00%  maxVM  14.72  slip C4/C3 0.0002/0.0002  tilt -0.078/+0.015  contact 0.93  (3 outer, 612 pcg, 34s)
   preload secant 4: Uz 0.00876 mm -> Fz -98.35 N
step   6 uz 0.0600 Fz    -740.1 N  dmg   0.00%  maxVM  17.59  slip C4/C3 0.0003/0.0004  tilt -0.094/+0.018  contact 0.92  (4 outer, 702 pcg, 41s)
step   6 uz 0.0600 Fz    -697.5 N  dmg   0.00%  maxVM  16.20  slip C4/C3 0.0006/0.0009  tilt -0.092/+0.018  contact 0.94  (14 outer, 1157 pcg, 44s)
step   7 uz 0.0700 Fz    -858.4 N  dmg   0.00%  maxVM  20.45  slip C4/C3 0.0004/0.0005  tilt -0.110/+0.021  contact 0.91  (5 outer, 692 pcg, 47s)
step   8 uz 0.0800 Fz    -970.2 N  dmg   0.00%  maxVM  23.22  slip C4/C3 0.0005/0.0008  tilt -0.127/+0.024  contact 0.89  (7 outer, 766 pcg, 54s)
step   7 uz 0.0700 Fz    -791.9 N  dmg   0.00%  maxVM  18.70  slip C4/C3 0.0008/0.0015  tilt -0.108/+0.022  contact 0.93  (15 outer, 1165 pcg, 55s)
step   9 uz 0.0850 Fz   -1005.2 N  dmg   0.00%  maxVM  24.30  slip C4/C3 0.0007/0.0013  tilt -0.136/+0.026  contact 0.86  (15 outer, 1046 pcg, 64s)
step   8 uz 0.0800 Fz    -889.6 N  dmg   0.00%  maxVM  21.28  slip C4/C3 0.0011/0.0021  tilt -0.125/+0.025  contact 0.93  (15 outer, 1124 pcg, 66s)
step  10 uz 0.0900 Fz   -1047.2 N  dmg   0.00%  maxVM  25.55  slip C4/C3 0.0009/0.0018  tilt -0.146/+0.028  contact 0.85  (15 outer, 884 pcg, 72s)
step   9 uz 0.0850 Fz    -928.5 N  dmg   0.00%  maxVM  22.55  slip C4/C3 0.0013/0.0027  tilt -0.133/+0.027  contact 0.92  (15 outer, 957 pcg, 75s)
step  11 uz 0.0950 Fz   -1091.9 N  dmg   0.00%  maxVM  26.94  slip C4/C3 0.0011/0.0023  tilt -0.156/+0.030  contact 0.84  (15 outer, 904 pcg, 81s)
step  10 uz 0.0900 Fz    -967.2 N  dmg   0.00%  maxVM  23.85  slip C4/C3 0.0015/0.0034  tilt -0.143/+0.030  contact 0.91  (15 outer, 909 pcg, 83s)
step  12 uz 0.1000 Fz   -1137.8 N  dmg   0.00%  maxVM  28.31  slip C4/C3 0.0013/0.0027  tilt -0.166/+0.032  contact 0.83  (15 outer, 878 pcg, 89s)
step  11 uz 0.0950 Fz   -1009.0 N  dmg   0.00%  maxVM  25.11  slip C4/C3 0.0017/0.0040  tilt -0.153/+0.032  contact 0.91  (15 outer, 913 pcg, 92s)
step  13 uz 0.1050 Fz   -1184.3 N  dmg   0.00%  maxVM  29.68  slip C4/C3 0.0014/0.0032  tilt -0.176/+0.034  contact 0.82  (15 outer, 817 pcg, 97s)
step  12 uz 0.1000 Fz   -1052.4 N  dmg   0.00%  maxVM  26.40  slip C4/C3 0.0019/0.0047  tilt -0.163/+0.034  contact 0.91  (15 outer, 807 pcg, 99s)
step  14 uz 0.1100 Fz   -1234.6 N  dmg   0.00%  maxVM  31.41  slip C4/C3 0.0016/0.0036  tilt -0.185/+0.036  contact 0.82  (13 outer, 731 pcg, 104s)
step  13 uz 0.1050 Fz   -1092.9 N  dmg   0.00%  maxVM  27.78  slip C4/C3 0.0021/0.0054  tilt -0.173/+0.037  contact 0.90  (15 outer, 834 pcg, 107s)
step  15 uz 0.1150 Fz   -1283.1 N  dmg   0.00%  maxVM  33.54  slip C4/C3 0.0017/0.0040  tilt -0.195/+0.037  contact 0.82  (13 outer, 663 pcg, 111s)
step  16 uz 0.1200 Fz   -1342.8 N  dmg   0.00%  maxVM  34.67  slip C4/C3 0.0018/0.0041  tilt -0.204/+0.039  contact 0.82  (4 outer, 327 pcg, 114s)
step  14 uz 0.1100 Fz   -1135.3 N  dmg   0.00%  maxVM  29.72  slip C4/C3 0.0023/0.0061  tilt -0.183/+0.039  contact 0.90  (15 outer, 824 pcg, 115s)
step  15 uz 0.1150 Fz   -1178.2 N  dmg   0.00%  maxVM  31.62  slip C4/C3 0.0025/0.0067  tilt -0.193/+0.042  contact 0.90  (15 outer, 809 pcg, 123s)
step  16 uz 0.1200 Fz   -1223.3 N  dmg   0.00%  maxVM  33.65  slip C4/C3 0.0026/0.0074  tilt -0.203/+0.044  contact 0.90  (15 outer, 778 pcg, 130s)
step  17 uz 0.1250 Fz   -1254.5 N  dmg   0.00%  maxVM  32.84  slip C4/C3 0.0029/0.0085  tilt -0.214/+0.047  contact 0.90  (15 outer, 776 pcg, 141s)
step  18 uz 0.1300 Fz   -1298.9 N  dmg   0.00%  maxVM  34.22  slip C4/C3 0.0030/0.0092  tilt -0.224/+0.050  contact 0.89  (15 outer, 774 pcg, 148s)
   preload done: Fz -100.00 N, Uz -0.00906 mm
step   1 flexion -0.25 deg  load   -656.04 Nmm  Fz  -100.0  dmg  0.00%  maxVM   7.03  slip C4/C3 0.0017/0.0011  contact 0.32 (7 outer, 233s)
step  17 uz 0.1250 Fz   -1249.5 N  dmg   0.28%  maxVM  42.34  slip C4/C3 0.0029/0.0085  tilt -0.257/+0.046  contact 0.74  (7 outer, 438 pcg, 239s)
step   2 flexion -0.50 deg  load   -753.67 Nmm  Fz  -100.0  dmg  0.00%  maxVM   9.21  slip C4/C3 0.0018/0.0022  contact 0.24 (4 outer, 257s)
step   3 flexion -0.75 deg  load   -765.87 Nmm  Fz  -100.0  dmg  0.00%  maxVM  10.44  slip C4/C3 0.0028/0.0022  contact 0.20 (6 outer, 278s)
step   4 flexion -1.00 deg  load   -776.79 Nmm  Fz  -100.0  dmg  0.00%  maxVM  11.63  slip C4/C3 0.0034/0.0006  contact 0.18 (2 outer, 296s)
step   5 flexion -1.25 deg  load   -788.59 Nmm  Fz  -100.1  dmg  0.00%  maxVM  12.77  slip C4/C3 0.0062/0.0010  contact 0.16 (2 outer, 315s)
step  19 uz 0.1350 Fz    -767.9 N  dmg   1.77%  maxVM  83.25  slip C4/C3 0.0043/0.0160  tilt -0.703/+0.082  contact 0.75  (15 outer, 731 pcg, 319s)
step   6 flexion -1.50 deg  load   -808.38 Nmm  Fz  -100.1  dmg  0.00%  maxVM  12.73  slip C4/C3 0.0055/0.0021  contact 0.14 (2 outer, 327s)
step   7 flexion -1.75 deg  load   -813.76 Nmm  Fz  -100.1  dmg  0.00%  maxVM  14.47  slip C4/C3 0.0052/0.0024  contact 0.13 (2 outer, 338s)
step   8 flexion -2.00 deg  load   -814.06 Nmm  Fz  -100.1  dmg  0.00%  maxVM  15.94  slip C4/C3 0.0051/0.0030  contact 0.12 (2 outer, 349s)
step   9 flexion -2.25 deg  load   -815.91 Nmm  Fz  -100.1  dmg  0.00%  maxVM  17.37  slip C4/C3 0.0057/0.0043  contact 0.11 (2 outer, 361s)
step  10 flexion -2.50 deg  load   -825.56 Nmm  Fz  -100.1  dmg  0.00%  maxVM  18.83  slip C4/C3 0.0050/0.0062  contact 0.11 (2 outer, 370s)
step  11 flexion -2.75 deg  load   -826.20 Nmm  Fz  -100.2  dmg  0.00%  maxVM  20.22  slip C4/C3 0.0054/0.0074  contact 0.10 (2 outer, 379s)
step  12 flexion -3.00 deg  load   -822.43 Nmm  Fz  -100.2  dmg  0.00%  maxVM  21.14  slip C4/C3 0.0056/0.0088  contact 0.10 (3 outer, 388s)
step  13 flexion -3.25 deg  load   -828.92 Nmm  Fz  -100.2  dmg  0.00%  maxVM  22.46  slip C4/C3 0.0062/0.0107  contact 0.10 (2 outer, 397s)
step  14 flexion -3.50 deg  load   -830.34 Nmm  Fz  -100.1  dmg  0.00%  maxVM  23.15  slip C4/C3 0.0065/0.0123  contact 0.09 (2 outer, 404s)
step  15 flexion -3.75 deg  load   -832.62 Nmm  Fz  -100.3  dmg  0.00%  maxVM  24.22  slip C4/C3 0.0072/0.0139  contact 0.09 (2 outer, 412s)
step  16 flexion -4.00 deg  load   -832.42 Nmm  Fz  -100.3  dmg  0.00%  maxVM  25.24  slip C4/C3 0.0076/0.0153  contact 0.09 (2 outer, 420s)
step  17 flexion -4.25 deg  load   -833.62 Nmm  Fz  -100.3  dmg  0.00%  maxVM  26.25  slip C4/C3 0.0083/0.0168  contact 0.09 (2 outer, 428s)
step  18 uz 0.1300 Fz    -761.6 N  dmg   2.10%  maxVM  67.06  slip C4/C3 0.0029/0.0104  tilt -0.733/+0.096  contact 0.59  (15 outer, 1091 pcg, 429s)
step  18 flexion -4.50 deg  load   -837.30 Nmm  Fz  -100.3  dmg  0.00%  maxVM  27.46  slip C4/C3 0.0085/0.0179  contact 0.08 (2 outer, 435s)
step  19 flexion -4.75 deg  load   -837.89 Nmm  Fz  -100.2  dmg  0.00%  maxVM  28.44  slip C4/C3 0.0093/0.0192  contact 0.08 (2 outer, 443s)
step  20 flexion -5.00 deg  load   -838.64 Nmm  Fz  -100.3  dmg  0.00%  maxVM  29.42  slip C4/C3 0.0095/0.0199  contact 0.08 (2 outer, 450s)
step  21 flexion -5.25 deg  load   -846.19 Nmm  Fz  -100.3  dmg  0.00%  maxVM  30.48  slip C4/C3 0.0101/0.0213  contact 0.08 (2 outer, 458s)
step  22 flexion -5.50 deg  load   -841.99 Nmm  Fz  -100.2  dmg  0.00%  maxVM  30.89  slip C4/C3 0.0102/0.0219  contact 0.08 (2 outer, 465s)
step  23 flexion -5.75 deg  load   -849.06 Nmm  Fz  -100.3  dmg  0.00%  maxVM  32.00  slip C4/C3 0.0110/0.0233  contact 0.08 (2 outer, 472s)
step  24 flexion -6.00 deg  load   -861.77 Nmm  Fz  -100.4  dmg  0.00%  maxVM  33.35  slip C4/C3 0.0105/0.0231  contact 0.08 (2 outer, 479s)
step  25 flexion -6.25 deg  load   -881.27 Nmm  Fz  -100.4  dmg  0.00%  maxVM  34.27  slip C4/C3 0.0119/0.0258  contact 0.08 (2 outer, 486s)
step  26 flexion -6.50 deg  load   -772.79 Nmm  Fz  -100.1  dmg  0.00%  maxVM  33.18  slip C4/C3 0.0113/0.0213  contact 0.06 (2 outer, 495s)
step  27 flexion -6.75 deg  load   -863.83 Nmm  Fz  -100.2  dmg  0.00%  maxVM  34.99  slip C4/C3 0.0118/0.0212  contact 0.07 (2 outer, 504s)
step  28 flexion -7.00 deg  load   -714.24 Nmm  Fz  -100.2  dmg  0.01%  maxVM  32.95  slip C4/C3 0.0102/0.0184  contact 0.06 (2 outer, 514s)
step  29 flexion -7.25 deg  load   -751.40 Nmm  Fz  -100.2  dmg  0.04%  maxVM  33.60  slip C4/C3 0.0117/0.0181  contact 0.07 (2 outer, 525s)
step  30 flexion -7.50 deg  load   -890.60 Nmm  Fz  -100.4  dmg  0.04%  maxVM  33.28  slip C4/C3 0.0089/0.0160  contact 0.07 (2 outer, 533s)
step  31 flexion -7.75 deg  load   -695.51 Nmm  Fz  -100.2  dmg  0.07%  maxVM  34.43  slip C4/C3 0.0105/0.0166  contact 0.06 (2 outer, 545s)
step  20 uz 0.1400 Fz    -299.7 N  dmg   3.31%  maxVM  47.73  slip C4/C3 0.0045/0.0247  tilt -1.349/+0.216  contact 0.49  (15 outer, 1752 pcg, 551s)
step  32 flexion -8.00 deg  load   -594.35 Nmm  Fz  -100.2  dmg  0.27%  maxVM  41.71  slip C4/C3 0.0102/0.0248  contact 0.07 (15 outer, 592s)
step  21 uz 0.1450 Fz    -289.6 N  dmg   3.40%  maxVM  34.76  slip C4/C3 0.0048/0.0257  tilt -1.401/+0.243  contact 0.49  (7 outer, 677 pcg, 605s)
step  19 uz 0.1350 Fz    -394.7 N  dmg   3.34%  maxVM  36.15  slip C4/C3 0.0023/0.0142  tilt -1.279/+0.114  contact 0.41  (15 outer, 1300 pcg, 650s)
step  20 uz 0.1400 Fz    -406.6 N  dmg   3.36%  maxVM  34.58  slip C4/C3 0.0023/0.0144  tilt -1.329/+0.113  contact 0.41  (15 outer, 1114 pcg, 671s)
step  33 flexion -8.25 deg  load   -480.63 Nmm  Fz  -100.2  dmg  0.56%  maxVM  44.64  slip C4/C3 0.0113/0.0416  contact 0.08 (15 outer, 671s)
step  22 uz 0.1500 Fz    -284.6 N  dmg   3.47%  maxVM  34.70  slip C4/C3 0.0051/0.0272  tilt -1.453/+0.270  contact 0.49  (15 outer, 1017 pcg, 683s)
step  23 uz 0.1550 Fz    -296.0 N  dmg   3.47%  maxVM  34.95  slip C4/C3 0.0052/0.0272  tilt -1.477/+0.277  contact 0.50  (5 outer, 596 pcg, 690s)
step  21 uz 0.1450 Fz    -418.2 N  dmg   3.39%  maxVM  34.75  slip C4/C3 0.0024/0.0146  tilt -1.386/+0.111  contact 0.41  (14 outer, 1254 pcg, 694s)
step  22 uz 0.1500 Fz    -431.2 N  dmg   3.41%  maxVM  34.98  slip C4/C3 0.0025/0.0147  tilt -1.450/+0.113  contact 0.41  (15 outer, 1153 pcg, 711s)
step  34 flexion -8.50 deg  load   -424.24 Nmm  Fz  -100.1  dmg  0.76%  maxVM  34.38  slip C4/C3 0.0112/0.0550  contact 0.09 (15 outer, 718s)
step  24 uz 0.1600 Fz    -302.9 N  dmg   3.50%  maxVM  34.90  slip C4/C3 0.0054/0.0280  tilt -1.543/+0.295  contact 0.50  (6 outer, 808 pcg, 722s)
step  23 uz 0.1550 Fz    -435.9 N  dmg   3.44%  maxVM  34.69  slip C4/C3 0.0025/0.0150  tilt -1.505/+0.124  contact 0.41  (15 outer, 1351 pcg, 742s)
step  35 flexion -8.75 deg  load   -428.73 Nmm  Fz  -100.0  dmg  0.92%  maxVM  34.56  slip C4/C3 0.0106/0.0671  contact 0.10 (15 outer, 760s)
step  25 uz 0.1650 Fz    -300.4 N  dmg   3.58%  maxVM  34.59  slip C4/C3 0.0056/0.0294  tilt -1.585/+0.323  contact 0.50  (15 outer, 836 pcg, 776s)
step  26 uz 0.1700 Fz    -305.2 N  dmg   3.63%  maxVM  34.77  slip C4/C3 0.0057/0.0305  tilt -1.627/+0.338  contact 0.50  (15 outer, 681 pcg, 808s)
step  36 flexion -9.00 deg  load   -438.47 Nmm  Fz  -100.0  dmg  1.05%  maxVM  34.95  slip C4/C3 0.0098/0.0789  contact 0.11 (15 outer, 808s)
step  27 uz 0.1750 Fz    -309.8 N  dmg   3.66%  maxVM  34.60  slip C4/C3 0.0058/0.0313  tilt -1.665/+0.344  contact 0.50  (15 outer, 1169 pcg, 839s)
step  37 flexion -9.25 deg  load   -488.34 Nmm  Fz  -100.3  dmg  1.13%  maxVM  34.74  slip C4/C3 0.0092/0.0894  contact 0.12 (15 outer, 846s)
step  38 flexion -9.50 deg  load   -574.43 Nmm  Fz  -100.2  dmg  1.19%  maxVM  34.91  slip C4/C3 0.0088/0.0983  contact 0.13 (15 outer, 868s)
step  24 uz 0.1600 Fz    -412.5 N  dmg   3.62%  maxVM  34.24  slip C4/C3 0.0025/0.0159  tilt -1.599/+0.172  contact 0.41  (15 outer, 1320 pcg, 881s)
step  28 uz 0.1800 Fz    -308.9 N  dmg   3.73%  maxVM  34.85  slip C4/C3 0.0059/0.0327  tilt -1.710/+0.348  contact 0.51  (15 outer, 1375 pcg, 882s)
step  39 flexion -9.75 deg  load   -630.33 Nmm  Fz  -100.0  dmg  1.27%  maxVM  34.71  slip C4/C3 0.0088/0.1073  contact 0.14 (15 outer, 894s)
step  40 flexion -10.00 deg  load   -639.79 Nmm  Fz  -100.3  dmg  1.32%  maxVM  34.07  slip C4/C3 0.0092/0.1159  contact 0.14 (15 outer, 917s)
{"design": "A_smooth", "mode": "flexion", "dof": 3, "stop_reason": "imposed limit reached", "preload_N": 100.0, "max_imposed": -0.1745329251994331, "max_imposed_unit": "rad", "max_load": 890.5975084683083, "load_unit": "Nmm", "load_at_endpoint": 639.7893462951085, "final_damage": 0.013216000513866361, "final_slip": 0.11590532214658589, "max_vm": 44.637942107998626, "steps": 40, "wall_s": 917.3983097076416}
[gpu_pool] pid 1907006 cuda:2(GPU7) done ('sixdof', 'A_smooth', 'flexion') 918.3s
=== Test 3 6-DOF B_tread flexion: preload 100.0 N (force), dof 3 displacement-controlled, device cuda:2
step  25 uz 0.1650 Fz    -421.5 N  dmg   3.65%  maxVM  34.74  slip C4/C3 0.0026/0.0161  tilt -1.651/+0.191  contact 0.41  (15 outer, 782 pcg, 919s)
step  29 uz 0.1850 Fz    -310.9 N  dmg   3.77%  maxVM  34.55  slip C4/C3 0.0059/0.0342  tilt -1.757/+0.351  contact 0.51  (15 outer, 1117 pcg, 922s)
   preload secant 0: Uz 0.00833 mm -> Fz -105.30 N
   preload secant 1: Uz 0.00789 mm -> Fz -95.33 N
   preload secant 2: Uz 0.00810 mm -> Fz -95.61 N
   preload secant 3: Uz 0.01131 mm -> Fz -136.22 N
   preload secant 4: Uz 0.00845 mm -> Fz -99.27 N
step  30 uz 0.1900 Fz    -315.4 N  dmg   3.81%  maxVM  34.92  slip C4/C3 0.0060/0.0353  tilt -1.789/+0.351  contact 0.51  (15 outer, 1409 pcg, 960s)
step  31 uz 0.1950 Fz    -325.7 N  dmg   3.82%  maxVM  34.55  slip C4/C3 0.0061/0.0360  tilt -1.824/+0.357  contact 0.52  (15 outer, 1101 pcg, 981s)
step  26 uz 0.1700 Fz    -420.8 N  dmg   3.73%  maxVM  34.91  slip C4/C3 0.0027/0.0171  tilt -1.716/+0.206  contact 0.41  (15 outer, 1531 pcg, 1008s)
step  32 uz 0.2000 Fz    -328.5 N  dmg   3.85%  maxVM  34.79  slip C4/C3 0.0061/0.0373  tilt -1.870/+0.364  contact 0.52  (15 outer, 1527 pcg, 1022s)
step  27 uz 0.1750 Fz    -423.9 N  dmg   3.78%  maxVM  34.41  slip C4/C3 0.0028/0.0177  tilt -1.775/+0.215  contact 0.41  (15 outer, 858 pcg, 1068s)
step  28 uz 0.1800 Fz    -440.2 N  dmg   3.78%  maxVM  34.99  slip C4/C3 0.0028/0.0178  tilt -1.818/+0.217  contact 0.41  (15 outer, 1756 pcg, 1092s)
   preload done: Fz -100.00 N, Uz -0.00862 mm
step   1 flexion -0.25 deg  load   -672.86 Nmm  Fz  -100.0  dmg  0.00%  maxVM   8.26  slip C4/C3 0.0009/0.0009  contact 0.28 (6 outer, 220s)
step  29 uz 0.1850 Fz    -439.3 N  dmg   3.86%  maxVM  34.77  slip C4/C3 0.0029/0.0182  tilt -1.881/+0.227  contact 0.41  (15 outer, 815 pcg, 1143s)
step  33 uz 0.2050 Fz    -284.2 N  dmg   4.15%  maxVM  52.51  slip C4/C3 0.0064/0.0406  tilt -1.918/+0.339  contact 0.52  (15 outer, 1288 pcg, 1145s)
step   2 flexion -0.50 deg  load   -751.82 Nmm  Fz  -100.0  dmg  0.00%  maxVM  10.70  slip C4/C3 0.0022/0.0023  contact 0.21 (4 outer, 244s)
step   3 flexion -0.75 deg  load   -772.75 Nmm  Fz  -100.1  dmg  0.00%  maxVM  12.17  slip C4/C3 0.0022/0.0019  contact 0.18 (4 outer, 264s)
step  34 uz 0.2100 Fz    -284.3 N  dmg   4.25%  maxVM  34.46  slip C4/C3 0.0065/0.0421  tilt -1.934/+0.318  contact 0.53  (15 outer, 1204 pcg, 1189s)
step   4 flexion -1.00 deg  load   -779.02 Nmm  Fz  -100.1  dmg  0.00%  maxVM  13.55  slip C4/C3 0.0032/0.0009  contact 0.15 (3 outer, 284s)
step   5 flexion -1.25 deg  load   -790.27 Nmm  Fz  -100.1  dmg  0.00%  maxVM  14.84  slip C4/C3 0.0049/0.0009  contact 0.14 (2 outer, 303s)
step   6 flexion -1.50 deg  load   -809.29 Nmm  Fz  -100.1  dmg  0.00%  maxVM  16.09  slip C4/C3 0.0046/0.0011  contact 0.12 (2 outer, 315s)
step   7 flexion -1.75 deg  load   -814.25 Nmm  Fz  -100.1  dmg  0.00%  maxVM  18.12  slip C4/C3 0.0043/0.0016  contact 0.11 (2 outer, 327s)
step   8 flexion -2.00 deg  load   -816.11 Nmm  Fz  -100.1  dmg  0.00%  maxVM  20.00  slip C4/C3 0.0046/0.0025  contact 0.11 (2 outer, 338s)
step   9 flexion -2.25 deg  load   -817.62 Nmm  Fz  -100.1  dmg  0.00%  maxVM  21.76  slip C4/C3 0.0047/0.0040  contact 0.10 (2 outer, 350s)
step  10 flexion -2.50 deg  load   -826.35 Nmm  Fz  -100.1  dmg  0.00%  maxVM  23.75  slip C4/C3 0.0048/0.0059  contact 0.09 (2 outer, 360s)
step  11 flexion -2.75 deg  load   -828.89 Nmm  Fz  -100.2  dmg  0.00%  maxVM  25.62  slip C4/C3 0.0048/0.0071  contact 0.09 (2 outer, 369s)
step  12 flexion -3.00 deg  load   -829.87 Nmm  Fz  -100.1  dmg  0.00%  maxVM  27.16  slip C4/C3 0.0051/0.0086  contact 0.09 (2 outer, 377s)
step  13 flexion -3.25 deg  load   -830.14 Nmm  Fz  -100.1  dmg  0.00%  maxVM  28.59  slip C4/C3 0.0054/0.0103  contact 0.08 (2 outer, 385s)
step  35 uz 0.2150 Fz    -259.1 N  dmg   4.46%  maxVM  41.28  slip C4/C3 0.0066/0.0450  tilt -1.949/+0.286  contact 0.53  (15 outer, 1108 pcg, 1311s)
step  14 flexion -3.50 deg  load   -830.49 Nmm  Fz  -100.2  dmg  0.00%  maxVM  30.15  slip C4/C3 0.0057/0.0118  contact 0.08 (2 outer, 393s)
step  30 uz 0.1900 Fz    -397.3 N  dmg   4.11%  maxVM  49.04  slip C4/C3 0.0028/0.0196  tilt -1.981/+0.339  contact 0.40  (15 outer, 1922 pcg, 1318s)
step  15 flexion -3.75 deg  load   -832.91 Nmm  Fz  -100.2  dmg  0.00%  maxVM  31.69  slip C4/C3 0.0060/0.0132  contact 0.08 (2 outer, 401s)
step  16 flexion -4.00 deg  load   -835.33 Nmm  Fz  -100.2  dmg  0.00%  maxVM  33.63  slip C4/C3 0.0063/0.0143  contact 0.08 (2 outer, 409s)
step  17 flexion -4.25 deg  load   -733.52 Nmm  Fz  -100.0  dmg  0.00%  maxVM  31.14  slip C4/C3 0.0068/0.0149  contact 0.07 (2 outer, 421s)
step  18 flexion -4.50 deg  load   -839.56 Nmm  Fz  -100.2  dmg  0.00%  maxVM  34.89  slip C4/C3 0.0067/0.0152  contact 0.07 (2 outer, 429s)
step  36 uz 0.2200 Fz    -259.6 N  dmg   4.52%  maxVM  34.16  slip C4/C3 0.0067/0.0459  tilt -1.963/+0.282  contact 0.54  (15 outer, 1126 pcg, 1351s)
step  19 flexion -4.75 deg  load   -730.26 Nmm  Fz  -100.1  dmg  0.02%  maxVM  34.62  slip C4/C3 0.0072/0.0160  contact 0.07 (2 outer, 440s)
step  31 uz 0.1950 Fz    -405.1 N  dmg   4.14%  maxVM  34.80  slip C4/C3 0.0028/0.0199  tilt -2.023/+0.366  contact 0.40  (15 outer, 1559 pcg, 1364s)
step  20 flexion -5.00 deg  load   -752.00 Nmm  Fz  -100.1  dmg  0.03%  maxVM  33.08  slip C4/C3 0.0074/0.0152  contact 0.07 (3 outer, 452s)
step  21 flexion -5.25 deg  load   -776.01 Nmm  Fz  -100.2  dmg  0.04%  maxVM  34.36  slip C4/C3 0.0080/0.0141  contact 0.07 (2 outer, 465s)
step  37 uz 0.2250 Fz    -259.6 N  dmg   4.55%  maxVM  34.76  slip C4/C3 0.0068/0.0468  tilt -1.984/+0.262  contact 0.55  (15 outer, 1402 pcg, 1394s)
step  22 flexion -5.50 deg  load   -774.84 Nmm  Fz  -100.2  dmg  0.07%  maxVM  34.31  slip C4/C3 0.0093/0.0137  contact 0.06 (4 outer, 479s)
step  32 uz 0.2000 Fz    -412.9 N  dmg   4.17%  maxVM  34.82  slip C4/C3 0.0029/0.0203  tilt -2.062/+0.390  contact 0.40  (15 outer, 1339 pcg, 1407s)
step  23 flexion -5.75 deg  load   -745.31 Nmm  Fz  -100.2  dmg  0.10%  maxVM  33.75  slip C4/C3 0.0096/0.0124  contact 0.06 (15 outer, 495s)
step  24 flexion -6.00 deg  load   -772.63 Nmm  Fz  -100.2  dmg  0.13%  maxVM  34.33  slip C4/C3 0.0115/0.0123  contact 0.06 (15 outer, 511s)
step  33 uz 0.2050 Fz    -426.4 N  dmg   4.18%  maxVM  34.92  slip C4/C3 0.0029/0.0204  tilt -2.099/+0.401  contact 0.41  (15 outer, 1611 pcg, 1439s)
step  25 flexion -6.25 deg  load   -774.75 Nmm  Fz  -100.3  dmg  0.15%  maxVM  34.42  slip C4/C3 0.0116/0.0147  contact 0.06 (15 outer, 531s)
step  38 uz 0.2300 Fz    -258.1 N  dmg   4.67%  maxVM  34.17  slip C4/C3 0.0069/0.0484  tilt -2.007/+0.247  contact 0.56  (15 outer, 1280 pcg, 1462s)
step  26 flexion -6.50 deg  load   -762.23 Nmm  Fz  -100.2  dmg  0.20%  maxVM  34.93  slip C4/C3 0.0131/0.0167  contact 0.06 (2 outer, 547s)
step  27 flexion -6.75 deg  load   -811.84 Nmm  Fz  -100.3  dmg  0.21%  maxVM  34.90  slip C4/C3 0.0133/0.0222  contact 0.07 (15 outer, 562s)
step  39 uz 0.2350 Fz    -260.2 N  dmg   4.69%  maxVM  34.61  slip C4/C3 0.0070/0.0490  tilt -2.020/+0.246  contact 0.57  (15 outer, 1020 pcg, 1491s)
step  28 flexion -7.00 deg  load   -618.06 Nmm  Fz  -100.2  dmg  0.34%  maxVM  34.67  slip C4/C3 0.0146/0.0251  contact 0.06 (15 outer, 595s)
step  40 uz 0.2400 Fz    -265.0 N  dmg   4.72%  maxVM  34.74  slip C4/C3 0.0071/0.0497  tilt -2.051/+0.240  contact 0.57  (15 outer, 1126 pcg, 1519s)
step  34 uz 0.2100 Fz    -422.0 N  dmg   4.25%  maxVM  34.21  slip C4/C3 0.0029/0.0210  tilt -2.158/+0.451  contact 0.41  (15 outer, 1303 pcg, 1523s)
step  35 uz 0.2150 Fz    -436.0 N  dmg   4.26%  maxVM  34.94  slip C4/C3 0.0030/0.0210  tilt -2.183/+0.462  contact 0.41  (15 outer, 1123 pcg, 1539s)
step  29 flexion -7.25 deg  load   -674.39 Nmm  Fz  -100.3  dmg  0.57%  maxVM  34.96  slip C4/C3 0.0151/0.0347  contact 0.07 (15 outer, 624s)
step  41 uz 0.2450 Fz    -268.0 N  dmg   4.74%  maxVM  34.94  slip C4/C3 0.0072/0.0505  tilt -2.081/+0.231  contact 0.58  (15 outer, 1423 pcg, 1553s)
step  42 uz 0.2500 Fz    -273.4 N  dmg   4.76%  maxVM  34.74  slip C4/C3 0.0073/0.0511  tilt -2.112/+0.225  contact 0.59  (15 outer, 1449 pcg, 1580s)
step  30 flexion -7.50 deg  load   -546.51 Nmm  Fz  -100.2  dmg  0.81%  maxVM  33.26  slip C4/C3 0.0146/0.0475  contact 0.08 (15 outer, 686s)
step  43 uz 0.2550 Fz    -272.1 N  dmg   4.81%  maxVM  34.57  slip C4/C3 0.0073/0.0523  tilt -2.150/+0.217  contact 0.59  (15 outer, 1427 pcg, 1621s)
step  31 flexion -7.75 deg  load   -656.06 Nmm  Fz  -100.4  dmg  0.95%  maxVM  34.91  slip C4/C3 0.0160/0.0571  contact 0.09 (15 outer, 713s)
step  36 uz 0.2200 Fz    -357.1 N  dmg   4.76%  maxVM  53.79  slip C4/C3 0.0034/0.0225  tilt -2.221/+0.431  contact 0.42  (15 outer, 973 pcg, 1645s)
step  44 uz 0.2600 Fz    -279.3 N  dmg   4.83%  maxVM  34.46  slip C4/C3 0.0074/0.0531  tilt -2.177/+0.209  contact 0.59  (15 outer, 1074 pcg, 1649s)
step  32 flexion -8.00 deg  load   -456.79 Nmm  Fz  -100.1  dmg  1.15%  maxVM  34.99  slip C4/C3 0.0167/0.0671  contact 0.09 (15 outer, 752s)
step  45 uz 0.2650 Fz    -281.9 N  dmg   4.88%  maxVM  34.97  slip C4/C3 0.0074/0.0541  tilt -2.210/+0.206  contact 0.60  (15 outer, 1158 pcg, 1681s)
step  33 flexion -8.25 deg  load   -478.78 Nmm  Fz  -100.1  dmg  1.27%  maxVM  33.49  slip C4/C3 0.0180/0.0761  contact 0.10 (15 outer, 785s)
step  46 uz 0.2700 Fz    -284.4 N  dmg   4.90%  maxVM  34.52  slip C4/C3 0.0075/0.0549  tilt -2.239/+0.202  contact 0.60  (15 outer, 1580 pcg, 1713s)
step  34 flexion -8.50 deg  load   -520.42 Nmm  Fz  -100.1  dmg  1.35%  maxVM  34.38  slip C4/C3 0.0194/0.0848  contact 0.11 (15 outer, 817s)
step  47 uz 0.2750 Fz    -290.6 N  dmg   4.91%  maxVM  34.19  slip C4/C3 0.0076/0.0556  tilt -2.274/+0.197  contact 0.61  (15 outer, 1207 pcg, 1736s)
step  35 flexion -8.75 deg  load   -601.44 Nmm  Fz  -100.3  dmg  1.41%  maxVM  34.54  slip C4/C3 0.0209/0.0929  contact 0.13 (15 outer, 838s)
step  36 flexion -9.00 deg  load   -647.94 Nmm  Fz  -100.2  dmg  1.47%  maxVM  34.24  slip C4/C3 0.0221/0.1011  contact 0.14 (15 outer, 859s)
step  37 uz 0.2250 Fz    -306.9 N  dmg   5.17%  maxVM  37.72  slip C4/C3 0.0036/0.0235  tilt -2.135/+0.373  contact 0.42  (15 outer, 708 pcg, 1779s)
step  48 uz 0.2800 Fz    -287.5 N  dmg   4.99%  maxVM  34.16  slip C4/C3 0.0076/0.0570  tilt -2.311/+0.191  contact 0.61  (15 outer, 1472 pcg, 1790s)
step  37 flexion -9.25 deg  load   -673.09 Nmm  Fz  -100.3  dmg  1.54%  maxVM  34.59  slip C4/C3 0.0233/0.1090  contact 0.14 (15 outer, 880s)
step  38 flexion -9.50 deg  load   -712.34 Nmm  Fz  -100.4  dmg  1.59%  maxVM  32.61  slip C4/C3 0.0243/0.1169  contact 0.15 (15 outer, 902s)
step  49 uz 0.2850 Fz    -293.2 N  dmg   5.00%  maxVM  34.65  slip C4/C3 0.0077/0.0577  tilt -2.334/+0.188  contact 0.61  (15 outer, 1189 pcg, 1821s)
step  38 uz 0.2300 Fz    -306.9 N  dmg   5.24%  maxVM  34.95  slip C4/C3 0.0037/0.0239  tilt -2.145/+0.362  contact 0.43  (15 outer, 796 pcg, 1841s)
step  39 flexion -9.75 deg  load   -788.70 Nmm  Fz  -100.5  dmg  1.64%  maxVM  33.91  slip C4/C3 0.0254/0.1248  contact 0.16 (15 outer, 926s)
step  50 uz 0.2900 Fz    -296.9 N  dmg   5.03%  maxVM  34.85  slip C4/C3 0.0078/0.0584  tilt -2.366/+0.188  contact 0.62  (15 outer, 1337 pcg, 1849s)
step  40 flexion -10.00 deg  load   -842.79 Nmm  Fz  -100.6  dmg  1.69%  maxVM  34.88  slip C4/C3 0.0267/0.1323  contact 0.16 (15 outer, 943s)
{"design": "B_tread", "mode": "flexion", "dof": 3, "stop_reason": "imposed limit reached", "preload_N": 100.0, "max_imposed": -0.1745329251994331, "max_imposed_unit": "rad", "max_load": 842.7945276143691, "load_unit": "Nmm", "load_at_endpoint": 842.7945276143691, "final_damage": 0.016879337362883367, "final_slip": 0.1322749006919575, "max_vm": 34.98601760519054, "steps": 40, "wall_s": 943.4358553886414}
[gpu_pool] pid 1907006 cuda:2(GPU7) done ('sixdof', 'B_tread', 'flexion') 944.0s
=== Test 3 6-DOF A_smooth extension: preload 100.0 N (force), dof 3 displacement-controlled, device cuda:2
   preload secant 0: Uz 0.00833 mm -> Fz -104.66 N
step  51 uz 0.2950 Fz    -298.1 N  dmg   5.09%  maxVM  34.84  slip C4/C3 0.0078/0.0591  tilt -2.396/+0.187  contact 0.62  (15 outer, 1347 pcg, 1879s)
   preload secant 1: Uz 0.00794 mm -> Fz -93.34 N
   preload secant 2: Uz 0.00817 mm -> Fz -92.64 N
   preload secant 3: Uz 0.01553 mm -> Fz -185.02 N
   preload secant 4: Uz 0.00876 mm -> Fz -98.35 N
step  52 uz 0.3000 Fz    -299.5 N  dmg   5.12%  maxVM  34.94  slip C4/C3 0.0079/0.0600  tilt -2.424/+0.187  contact 0.63  (15 outer, 1360 pcg, 1918s)
step  39 uz 0.2350 Fz    -299.4 N  dmg   5.38%  maxVM  35.63  slip C4/C3 0.0037/0.0245  tilt -2.123/+0.353  contact 0.43  (15 outer, 773 pcg, 1937s)
step  53 uz 0.3050 Fz    -299.8 N  dmg   5.17%  maxVM  34.72  slip C4/C3 0.0080/0.0610  tilt -2.455/+0.185  contact 0.63  (15 outer, 1363 pcg, 1959s)
step  54 uz 0.3100 Fz    -302.8 N  dmg   5.20%  maxVM  34.73  slip C4/C3 0.0080/0.0616  tilt -2.482/+0.188  contact 0.64  (15 outer, 1303 pcg, 1986s)
step  40 uz 0.2400 Fz    -293.9 N  dmg   5.47%  maxVM  33.81  slip C4/C3 0.0038/0.0249  tilt -2.129/+0.329  contact 0.44  (15 outer, 750 pcg, 2007s)
step  41 uz 0.2450 Fz    -306.2 N  dmg   5.47%  maxVM  34.80  slip C4/C3 0.0039/0.0250  tilt -2.141/+0.328  contact 0.45  (15 outer, 937 pcg, 2020s)
step  55 uz 0.3150 Fz    -307.0 N  dmg   5.23%  maxVM  33.54  slip C4/C3 0.0081/0.0626  tilt -2.513/+0.193  contact 0.64  (15 outer, 1126 pcg, 2023s)
step  56 uz 0.3200 Fz    -309.4 N  dmg   5.24%  maxVM  34.36  slip C4/C3 0.0081/0.0628  tilt -2.537/+0.189  contact 0.65  (15 outer, 1148 pcg, 2036s)
step  42 uz 0.2500 Fz    -313.4 N  dmg   5.49%  maxVM  34.90  slip C4/C3 0.0040/0.0252  tilt -2.175/+0.324  contact 0.45  (15 outer, 909 pcg, 2038s)
   preload done: Fz -100.00 N, Uz -0.00906 mm
step  57 uz 0.3250 Fz    -315.9 N  dmg   5.25%  maxVM  34.63  slip C4/C3 0.0082/0.0634  tilt -2.569/+0.187  contact 0.65  (15 outer, 1337 pcg, 2058s)
step  43 uz 0.2550 Fz    -312.7 N  dmg   5.53%  maxVM  34.70  slip C4/C3 0.0040/0.0255  tilt -2.206/+0.314  contact 0.45  (15 outer, 1336 pcg, 2075s)
step   1 extension 0.25 deg  load    679.11 Nmm  Fz  -100.0  dmg  0.00%  maxVM   8.28  slip C4/C3 0.0008/0.0001  contact 0.42 (6 outer, 225s)
step  58 uz 0.3300 Fz    -318.3 N  dmg   5.28%  maxVM  34.69  slip C4/C3 0.0083/0.0643  tilt -2.603/+0.187  contact 0.66  (15 outer, 1343 pcg, 2093s)
step  44 uz 0.2600 Fz    -320.0 N  dmg   5.55%  maxVM  34.54  slip C4/C3 0.0041/0.0257  tilt -2.234/+0.309  contact 0.46  (15 outer, 1155 pcg, 2098s)
step  59 uz 0.3350 Fz    -324.4 N  dmg   5.28%  maxVM  34.81  slip C4/C3 0.0083/0.0647  tilt -2.635/+0.192  contact 0.66  (15 outer, 1445 pcg, 2112s)
step   2 extension 0.50 deg  load    753.73 Nmm  Fz  -100.0  dmg  0.00%  maxVM  11.23  slip C4/C3 0.0028/0.0001  contact 0.28 (4 outer, 251s)
step  45 uz 0.2650 Fz    -328.1 N  dmg   5.57%  maxVM  34.80  slip C4/C3 0.0042/0.0260  tilt -2.265/+0.306  contact 0.46  (15 outer, 1635 pcg, 2127s)
step   3 extension 0.75 deg  load    776.33 Nmm  Fz  -100.1  dmg  0.00%  maxVM  13.35  slip C4/C3 0.0029/0.0012  contact 0.23 (3 outer, 268s)
step  60 uz 0.3400 Fz    -327.6 N  dmg   5.30%  maxVM  34.89  slip C4/C3 0.0084/0.0658  tilt -2.676/+0.197  contact 0.66  (15 outer, 1179 pcg, 2148s)
step   4 extension 1.00 deg  load    776.16 Nmm  Fz  -100.1  dmg  0.00%  maxVM  14.71  slip C4/C3 0.0056/0.0027  contact 0.19 (3 outer, 286s)
step   5 extension 1.25 deg  load    779.06 Nmm  Fz  -100.1  dmg  0.00%  maxVM  16.13  slip C4/C3 0.0060/0.0028  contact 0.17 (2 outer, 304s)
step  46 uz 0.2700 Fz    -329.5 N  dmg   5.60%  maxVM  34.99  slip C4/C3 0.0042/0.0264  tilt -2.305/+0.311  contact 0.46  (15 outer, 1404 pcg, 2166s)
step  61 uz 0.3450 Fz    -332.4 N  dmg   5.33%  maxVM  34.28  slip C4/C3 0.0084/0.0666  tilt -2.709/+0.202  contact 0.66  (15 outer, 1146 pcg, 2179s)
step   6 extension 1.50 deg  load    783.86 Nmm  Fz  -100.1  dmg  0.00%  maxVM  17.46  slip C4/C3 0.0065/0.0033  contact 0.15 (2 outer, 322s)
step  47 uz 0.2750 Fz    -331.8 N  dmg   5.64%  maxVM  34.75  slip C4/C3 0.0042/0.0267  tilt -2.329/+0.309  contact 0.47  (15 outer, 1413 pcg, 2190s)
step   7 extension 1.75 deg  load    789.90 Nmm  Fz  -100.1  dmg  0.00%  maxVM  18.70  slip C4/C3 0.0065/0.0039  contact 0.13 (2 outer, 341s)
step   8 extension 2.00 deg  load    841.72 Nmm  Fz  -100.1  dmg  0.00%  maxVM  24.26  slip C4/C3 0.0066/0.0074  contact 0.12 (2 outer, 352s)
step   9 extension 2.25 deg  load    806.76 Nmm  Fz  -100.1  dmg  0.00%  maxVM  22.59  slip C4/C3 0.0097/0.0063  contact 0.11 (2 outer, 371s)
step  48 uz 0.2800 Fz    -341.1 N  dmg   5.69%  maxVM  34.50  slip C4/C3 0.0043/0.0271  tilt -2.359/+0.307  contact 0.47  (15 outer, 1512 pcg, 2235s)
step  10 extension 2.50 deg  load    844.73 Nmm  Fz  -100.2  dmg  0.00%  maxVM  27.59  slip C4/C3 0.0084/0.0097  contact 0.10 (2 outer, 381s)
step  62 uz 0.3500 Fz    -332.5 N  dmg   5.39%  maxVM  34.68  slip C4/C3 0.0085/0.0683  tilt -2.740/+0.204  contact 0.66  (15 outer, 1418 pcg, 2248s)
step  11 extension 2.75 deg  load    844.62 Nmm  Fz  -100.2  dmg  0.00%  maxVM  31.29  slip C4/C3 0.0083/0.0132  contact 0.10 (2 outer, 391s)
step  49 uz 0.2850 Fz    -336.3 N  dmg   5.71%  maxVM  34.81  slip C4/C3 0.0044/0.0273  tilt -2.373/+0.314  contact 0.47  (15 outer, 1035 pcg, 2261s)
step  12 extension 3.00 deg  load    840.54 Nmm  Fz  -100.1  dmg  0.00%  maxVM  34.32  slip C4/C3 0.0092/0.0162  contact 0.09 (2 outer, 402s)
step  63 uz 0.3550 Fz    -331.6 N  dmg   5.41%  maxVM  34.47  slip C4/C3 0.0086/0.0690  tilt -2.754/+0.208  contact 0.67  (15 outer, 857 pcg, 2275s)
step  50 uz 0.2900 Fz    -339.4 N  dmg   5.82%  maxVM  34.90  slip C4/C3 0.0044/0.0278  tilt -2.394/+0.321  contact 0.47  (13 outer, 1073 pcg, 2316s)
step  13 extension 3.25 deg  load    797.00 Nmm  Fz  -100.1  dmg  0.06%  maxVM  33.73  slip C4/C3 0.0101/0.0177  contact 0.09 (2 outer, 461s)
step  64 uz 0.3600 Fz    -334.3 N  dmg   5.46%  maxVM  34.81  slip C4/C3 0.0086/0.0701  tilt -2.785/+0.217  contact 0.66  (15 outer, 1407 pcg, 2325s)
step  65 uz 0.3650 Fz    -334.6 N  dmg   5.49%  maxVM  34.59  slip C4/C3 0.0087/0.0706  tilt -2.805/+0.217  contact 0.67  (15 outer, 1211 pcg, 2349s)
step  51 uz 0.2950 Fz    -328.6 N  dmg   5.90%  maxVM  34.33  slip C4/C3 0.0045/0.0282  tilt -2.404/+0.315  contact 0.48  (15 outer, 884 pcg, 2365s)
step  14 extension 3.50 deg  load    776.84 Nmm  Fz  -100.1  dmg  0.09%  maxVM  33.01  slip C4/C3 0.0138/0.0214  contact 0.10 (15 outer, 511s)
step  66 uz 0.3700 Fz    -338.6 N  dmg   5.53%  maxVM  34.60  slip C4/C3 0.0087/0.0714  tilt -2.834/+0.215  contact 0.67  (15 outer, 1292 pcg, 2382s)
step  52 uz 0.3000 Fz    -344.0 N  dmg   5.92%  maxVM  34.42  slip C4/C3 0.0045/0.0283  tilt -2.415/+0.315  contact 0.48  (15 outer, 691 pcg, 2384s)
step  53 uz 0.3050 Fz    -346.8 N  dmg   5.93%  maxVM  34.79  slip C4/C3 0.0045/0.0286  tilt -2.437/+0.314  contact 0.49  (15 outer, 1225 pcg, 2411s)
step  67 uz 0.3750 Fz    -341.5 N  dmg   5.56%  maxVM  34.92  slip C4/C3 0.0088/0.0721  tilt -2.862/+0.215  contact 0.68  (15 outer, 1274 pcg, 2416s)
step  15 extension 3.75 deg  load    787.93 Nmm  Fz  -100.1  dmg  0.13%  maxVM  33.88  slip C4/C3 0.0150/0.0244  contact 0.10 (15 outer, 560s)
step  54 uz 0.3100 Fz    -352.7 N  dmg   5.95%  maxVM  34.73  slip C4/C3 0.0046/0.0287  tilt -2.464/+0.315  contact 0.49  (15 outer, 1343 pcg, 2429s)
step  55 uz 0.3150 Fz    -358.9 N  dmg   5.96%  maxVM  34.89  slip C4/C3 0.0047/0.0290  tilt -2.512/+0.321  contact 0.49  (15 outer, 960 pcg, 2447s)
step  16 extension 4.00 deg  load    769.85 Nmm  Fz  -100.1  dmg  0.18%  maxVM  34.77  slip C4/C3 0.0164/0.0275  contact 0.11 (15 outer, 594s)
step  68 uz 0.3800 Fz    -335.3 N  dmg   5.66%  maxVM  34.89  slip C4/C3 0.0089/0.0739  tilt -2.894/+0.210  contact 0.67  (15 outer, 1263 pcg, 2495s)
step  17 extension 4.25 deg  load    764.54 Nmm  Fz  -100.2  dmg  0.28%  maxVM  34.54  slip C4/C3 0.0185/0.0344  contact 0.11 (2 outer, 638s)
step  56 uz 0.3200 Fz    -344.3 N  dmg   6.07%  maxVM  35.00  slip C4/C3 0.0047/0.0294  tilt -2.525/+0.284  contact 0.50  (15 outer, 1039 pcg, 2527s)
step  18 extension 4.50 deg  load    720.78 Nmm  Fz  -100.1  dmg  0.37%  maxVM  34.87  slip C4/C3 0.0192/0.0344  contact 0.13 (15 outer, 670s)
step  69 uz 0.3850 Fz    -332.6 N  dmg   5.70%  maxVM  34.69  slip C4/C3 0.0089/0.0748  tilt -2.909/+0.206  contact 0.68  (15 outer, 927 pcg, 2537s)
step  57 uz 0.3250 Fz    -347.7 N  dmg   6.10%  maxVM  34.54  slip C4/C3 0.0047/0.0295  tilt -2.540/+0.268  contact 0.50  (15 outer, 954 pcg, 2558s)
step  70 uz 0.3900 Fz    -334.7 N  dmg   5.72%  maxVM  34.94  slip C4/C3 0.0090/0.0751  tilt -2.927/+0.198  contact 0.69  (15 outer, 1123 pcg, 2560s)
step  19 extension 4.75 deg  load    692.60 Nmm  Fz  -100.1  dmg  0.45%  maxVM  34.95  slip C4/C3 0.0201/0.0384  contact 0.13 (15 outer, 717s)
step  71 uz 0.3950 Fz    -346.2 N  dmg   5.72%  maxVM  34.31  slip C4/C3 0.0091/0.0756  tilt -2.966/+0.185  contact 0.69  (15 outer, 1102 pcg, 2583s)
step  58 uz 0.3300 Fz    -357.5 N  dmg   6.12%  maxVM  34.91  slip C4/C3 0.0048/0.0297  tilt -2.561/+0.263  contact 0.51  (15 outer, 1332 pcg, 2588s)
step  72 uz 0.4000 Fz    -346.6 N  dmg   5.74%  maxVM  34.57  slip C4/C3 0.0091/0.0761  tilt -2.984/+0.184  contact 0.69  (15 outer, 1149 pcg, 2608s)
step  20 extension 5.00 deg  load    720.66 Nmm  Fz  -100.2  dmg  0.52%  maxVM  34.18  slip C4/C3 0.0213/0.0414  contact 0.15 (15 outer, 755s)
step  73 uz 0.4050 Fz    -352.8 N  dmg   5.76%  maxVM  34.98  slip C4/C3 0.0092/0.0766  tilt -3.017/+0.180  contact 0.69  (15 outer, 1407 pcg, 2636s)
step  59 uz 0.3350 Fz    -360.0 N  dmg   6.15%  maxVM  34.98  slip C4/C3 0.0048/0.0303  tilt -2.591/+0.260  contact 0.51  (15 outer, 1214 pcg, 2638s)
step  21 extension 5.25 deg  load    695.96 Nmm  Fz  -100.1  dmg  0.59%  maxVM  34.63  slip C4/C3 0.0225/0.0439  contact 0.15 (15 outer, 788s)
step  60 uz 0.3400 Fz    -369.2 N  dmg   6.17%  maxVM  34.88  slip C4/C3 0.0049/0.0305  tilt -2.634/+0.252  contact 0.51  (15 outer, 1010 pcg, 2657s)
step  61 uz 0.3450 Fz    -371.6 N  dmg   6.19%  maxVM  34.99  slip C4/C3 0.0049/0.0306  tilt -2.649/+0.253  contact 0.51  (15 outer, 972 pcg, 2674s)
step  74 uz 0.4100 Fz    -355.8 N  dmg   5.80%  maxVM  34.69  slip C4/C3 0.0092/0.0775  tilt -3.052/+0.176  contact 0.69  (15 outer, 1126 pcg, 2675s)
step  22 extension 5.50 deg  load    683.98 Nmm  Fz  -100.1  dmg  0.66%  maxVM  34.39  slip C4/C3 0.0240/0.0460  contact 0.16 (15 outer, 825s)
step  75 uz 0.4150 Fz    -357.5 N  dmg   5.82%  maxVM  34.75  slip C4/C3 0.0093/0.0781  tilt -3.072/+0.173  contact 0.69  (15 outer, 1109 pcg, 2703s)
step  62 uz 0.3500 Fz    -377.2 N  dmg   6.22%  maxVM  34.79  slip C4/C3 0.0050/0.0310  tilt -2.685/+0.253  contact 0.51  (15 outer, 1282 pcg, 2707s)
step  23 extension 5.75 deg  load    735.12 Nmm  Fz  -100.2  dmg  0.72%  maxVM  34.97  slip C4/C3 0.0252/0.0479  contact 0.17 (15 outer, 855s)
step  24 extension 6.00 deg  load    658.58 Nmm  Fz  -100.0  dmg  0.79%  maxVM  34.83  slip C4/C3 0.0269/0.0495  contact 0.16 (15 outer, 889s)
step  76 uz 0.4200 Fz    -357.3 N  dmg   5.89%  maxVM  34.66  slip C4/C3 0.0094/0.0793  tilt -3.101/+0.174  contact 0.69  (15 outer, 1166 pcg, 2762s)
step  63 uz 0.3550 Fz    -373.0 N  dmg   6.27%  maxVM  34.81  slip C4/C3 0.0050/0.0316  tilt -2.711/+0.252  contact 0.52  (15 outer, 1263 pcg, 2769s)
step  77 uz 0.4250 Fz    -361.1 N  dmg   5.92%  maxVM  34.86  slip C4/C3 0.0094/0.0797  tilt -3.115/+0.176  contact 0.69  (15 outer, 791 pcg, 2783s)
step  64 uz 0.3600 Fz    -378.7 N  dmg   6.31%  maxVM  34.97  slip C4/C3 0.0050/0.0319  tilt -2.729/+0.260  contact 0.52  (15 outer, 1103 pcg, 2794s)
step  25 extension 6.25 deg  load    643.62 Nmm  Fz  -100.1  dmg  0.97%  maxVM  34.79  slip C4/C3 0.0286/0.0567  contact 0.17 (15 outer, 939s)
step  65 uz 0.3650 Fz    -383.6 N  dmg   6.32%  maxVM  34.62  slip C4/C3 0.0051/0.0320  tilt -2.752/+0.270  contact 0.53  (15 outer, 1040 pcg, 2810s)
step  78 uz 0.4300 Fz    -361.1 N  dmg   5.94%  maxVM  34.32  slip C4/C3 0.0095/0.0805  tilt -3.135/+0.172  contact 0.70  (15 outer, 1157 pcg, 2819s)
step  79 uz 0.4350 Fz    -364.4 N  dmg   5.95%  maxVM  34.49  slip C4/C3 0.0096/0.0806  tilt -3.158/+0.166  contact 0.70  (15 outer, 1183 pcg, 2833s)
step  26 extension 6.50 deg  load    636.69 Nmm  Fz  -100.1  dmg  1.08%  maxVM  34.85  slip C4/C3 0.0282/0.0650  contact 0.17 (15 outer, 981s)
step  80 uz 0.4400 Fz    -369.0 N  dmg   5.95%  maxVM  34.96  slip C4/C3 0.0096/0.0809  tilt -3.187/+0.162  contact 0.71  (15 outer, 1339 pcg, 2848s)
step  66 uz 0.3700 Fz    -389.1 N  dmg   6.40%  maxVM  34.66  slip C4/C3 0.0051/0.0327  tilt -2.785/+0.278  contact 0.52  (15 outer, 1265 pcg, 2863s)
step  81 uz 0.4450 Fz    -374.4 N  dmg   5.97%  maxVM  34.83  slip C4/C3 0.0097/0.0814  tilt -3.222/+0.159  contact 0.70  (15 outer, 1139 pcg, 2874s)
step  27 extension 6.75 deg  load    665.10 Nmm  Fz  -100.2  dmg  1.14%  maxVM  34.74  slip C4/C3 0.0302/0.0650  contact 0.19 (15 outer, 1020s)
step  82 uz 0.4500 Fz    -376.5 N  dmg   5.98%  maxVM  34.71  slip C4/C3 0.0098/0.0818  tilt -3.248/+0.154  contact 0.71  (15 outer, 1254 pcg, 2896s)
step  67 uz 0.3750 Fz    -390.3 N  dmg   6.46%  maxVM  34.89  slip C4/C3 0.0051/0.0331  tilt -2.798/+0.279  contact 0.52  (15 outer, 897 pcg, 2900s)
step  28 extension 7.00 deg  load    641.96 Nmm  Fz  -100.1  dmg  1.24%  maxVM  34.90  slip C4/C3 0.0300/0.0733  contact 0.20 (15 outer, 1060s)
step  68 uz 0.3800 Fz    -387.0 N  dmg   6.51%  maxVM  34.97  slip C4/C3 0.0052/0.0335  tilt -2.813/+0.287  contact 0.53  (15 outer, 923 pcg, 2933s)
step  83 uz 0.4550 Fz    -378.6 N  dmg   6.01%  maxVM  34.58  slip C4/C3 0.0098/0.0828  tilt -3.287/+0.145  contact 0.71  (15 outer, 1234 pcg, 2940s)
step  29 extension 7.25 deg  load    641.95 Nmm  Fz  -100.1  dmg  1.34%  maxVM  34.48  slip C4/C3 0.0296/0.0814  contact 0.21 (15 outer, 1097s)
step  84 uz 0.4600 Fz    -385.4 N  dmg   6.03%  maxVM  34.92  slip C4/C3 0.0099/0.0833  tilt -3.308/+0.141  contact 0.71  (15 outer, 1244 pcg, 2969s)
step  85 uz 0.4650 Fz    -387.8 N  dmg   6.04%  maxVM  34.99  slip C4/C3 0.0099/0.0836  tilt -3.334/+0.138  contact 0.72  (15 outer, 1172 pcg, 2987s)
step  30 extension 7.50 deg  load    708.60 Nmm  Fz  -100.2  dmg  1.41%  maxVM  34.29  slip C4/C3 0.0291/0.0893  contact 0.22 (15 outer, 1130s)
step  69 uz 0.3850 Fz    -385.6 N  dmg   6.58%  maxVM  34.77  slip C4/C3 0.0052/0.0341  tilt -2.809/+0.314  contact 0.53  (15 outer, 859 pcg, 2996s)
step  86 uz 0.4700 Fz    -391.5 N  dmg   6.08%  maxVM  34.94  slip C4/C3 0.0100/0.0842  tilt -3.365/+0.137  contact 0.71  (15 outer, 1235 pcg, 3014s)
step  31 extension 7.75 deg  load    697.35 Nmm  Fz  -100.2  dmg  1.50%  maxVM  33.11  slip C4/C3 0.0287/0.0975  contact 0.22 (15 outer, 1166s)
step  87 uz 0.4750 Fz    -394.0 N  dmg   6.11%  maxVM  34.79  slip C4/C3 0.0101/0.0846  tilt -3.383/+0.140  contact 0.72  (15 outer, 1075 pcg, 3035s)
step  88 uz 0.4800 Fz    -396.3 N  dmg   6.13%  maxVM  34.65  slip C4/C3 0.0101/0.0850  tilt -3.411/+0.147  contact 0.72  (15 outer, 1315 pcg, 3056s)
step  32 extension 8.00 deg  load    730.20 Nmm  Fz  -100.3  dmg  1.58%  maxVM  34.87  slip C4/C3 0.0282/0.1057  contact 0.23 (15 outer, 1196s)
step  70 uz 0.3900 Fz    -380.4 N  dmg   6.72%  maxVM  34.64  slip C4/C3 0.0051/0.0349  tilt -2.768/+0.386  contact 0.52  (15 outer, 928 pcg, 3082s)
step  89 uz 0.4850 Fz    -398.7 N  dmg   6.15%  maxVM  34.32  slip C4/C3 0.0102/0.0857  tilt -3.439/+0.155  contact 0.72  (15 outer, 1179 pcg, 3091s)
step  33 extension 8.25 deg  load    699.49 Nmm  Fz  -100.2  dmg  1.65%  maxVM  34.94  slip C4/C3 0.0278/0.1138  contact 0.24 (15 outer, 1230s)
step  90 uz 0.4900 Fz    -403.6 N  dmg   6.16%  maxVM  34.65  slip C4/C3 0.0102/0.0862  tilt -3.467/+0.163  contact 0.73  (15 outer, 1277 pcg, 3116s)
step  71 uz 0.3950 Fz    -384.3 N  dmg   6.77%  maxVM  34.80  slip C4/C3 0.0051/0.0354  tilt -2.765/+0.420  contact 0.52  (15 outer, 1079 pcg, 3120s)
step  91 uz 0.4950 Fz    -407.1 N  dmg   6.17%  maxVM  34.81  slip C4/C3 0.0103/0.0867  tilt -3.494/+0.168  contact 0.72  (15 outer, 1237 pcg, 3141s)
step  34 extension 8.50 deg  load    765.78 Nmm  Fz  -100.4  dmg  1.74%  maxVM  34.23  slip C4/C3 0.0270/0.1209  contact 0.24 (15 outer, 1289s)
step  35 extension 8.75 deg  load    828.01 Nmm  Fz  -100.5  dmg  1.78%  maxVM  33.23  slip C4/C3 0.0259/0.1283  contact 0.25 (15 outer, 1305s)
step  92 uz 0.5000 Fz    -408.9 N  dmg   6.20%  maxVM  34.34  slip C4/C3 0.0104/0.0881  tilt -3.538/+0.181  contact 0.72  (15 outer, 1096 pcg, 3199s)
step  36 extension 9.00 deg  load    831.35 Nmm  Fz  -100.6  dmg  1.82%  maxVM  34.52  slip C4/C3 0.0253/0.1357  contact 0.26 (15 outer, 1340s)
step  93 uz 0.5050 Fz    -413.8 N  dmg   6.21%  maxVM  35.00  slip C4/C3 0.0104/0.0884  tilt -3.553/+0.186  contact 0.73  (15 outer, 948 pcg, 3215s)
step  37 extension 9.25 deg  load    886.32 Nmm  Fz  -100.6  dmg  1.85%  maxVM  33.96  slip C4/C3 0.0244/0.1428  contact 0.27 (15 outer, 1359s)
step  94 uz 0.5100 Fz    -413.4 N  dmg   6.26%  maxVM  34.51  slip C4/C3 0.0105/0.0890  tilt -3.579/+0.195  contact 0.73  (15 outer, 1244 pcg, 3243s)
step  72 uz 0.4000 Fz    -351.9 N  dmg   7.02%  maxVM  34.47  slip C4/C3 0.0048/0.0370  tilt -2.296/+0.776  contact 0.51  (15 outer, 1543 pcg, 3250s)
step  38 extension 9.50 deg  load    894.08 Nmm  Fz  -100.7  dmg  1.91%  maxVM  33.91  slip C4/C3 0.0240/0.1509  contact 0.26 (15 outer, 1395s)
step  73 uz 0.4050 Fz    -356.2 N  dmg   7.03%  maxVM  34.89  slip C4/C3 0.0048/0.0373  tilt -2.306/+0.780  contact 0.52  (15 outer, 751 pcg, 3276s)
step  39 extension 9.75 deg  load    926.68 Nmm  Fz  -100.7  dmg  1.94%  maxVM  34.93  slip C4/C3 0.0232/0.1581  contact 0.28 (15 outer, 1416s)
step  95 uz 0.5150 Fz    -418.6 N  dmg   6.29%  maxVM  34.68  slip C4/C3 0.0105/0.0898  tilt -3.603/+0.204  contact 0.73  (15 outer, 1156 pcg, 3280s)
step  40 extension 10.00 deg  load   1000.67 Nmm  Fz  -100.9  dmg  1.97%  maxVM  33.18  slip C4/C3 0.0224/0.1653  contact 0.28 (15 outer, 1435s)
{"design": "A_smooth", "mode": "extension", "dof": 3, "stop_reason": "imposed limit reached", "preload_N": 100.0, "max_imposed": 0.1745329251994331, "max_imposed_unit": "rad", "max_load": 1000.6732576916904, "load_unit": "Nmm", "load_at_endpoint": 1000.6732576916904, "final_damage": 0.019703563342058354, "final_slip": 0.16525118481458892, "max_vm": 34.970996386581575, "steps": 40, "wall_s": 1435.3955132961273}
[gpu_pool] pid 1907006 cuda:2(GPU7) done ('sixdof', 'A_smooth', 'extension') 1436.0s
=== Test 3 6-DOF B_tread extension: preload 100.0 N (force), dof 3 displacement-controlled, device cuda:2
   preload secant 0: Uz 0.00833 mm -> Fz -105.30 N
step  96 uz 0.5200 Fz    -418.3 N  dmg   6.35%  maxVM  34.80  slip C4/C3 0.0106/0.0905  tilt -3.622/+0.210  contact 0.73  (15 outer, 1030 pcg, 3313s)
   preload secant 1: Uz 0.00789 mm -> Fz -95.33 N
   preload secant 2: Uz 0.00810 mm -> Fz -95.61 N
   preload secant 3: Uz 0.01131 mm -> Fz -136.22 N
step  74 uz 0.4100 Fz    -346.2 N  dmg   7.11%  maxVM  33.73  slip C4/C3 0.0049/0.0379  tilt -2.285/+0.784  contact 0.52  (15 outer, 774 pcg, 3335s)
   preload secant 4: Uz 0.00845 mm -> Fz -99.27 N
step  75 uz 0.4150 Fz    -358.3 N  dmg   7.11%  maxVM  34.49  slip C4/C3 0.0049/0.0379  tilt -2.294/+0.787  contact 0.53  (15 outer, 651 pcg, 3341s)
step  97 uz 0.5250 Fz    -414.0 N  dmg   6.38%  maxVM  34.12  slip C4/C3 0.0107/0.0913  tilt -3.636/+0.218  contact 0.74  (15 outer, 913 pcg, 3345s)
step  76 uz 0.4200 Fz    -358.5 N  dmg   7.12%  maxVM  34.97  slip C4/C3 0.0049/0.0381  tilt -2.304/+0.794  contact 0.53  (15 outer, 998 pcg, 3356s)
step  98 uz 0.5300 Fz    -419.2 N  dmg   6.40%  maxVM  34.44  slip C4/C3 0.0107/0.0917  tilt -3.651/+0.227  contact 0.74  (15 outer, 1117 pcg, 3366s)
step  77 uz 0.4250 Fz    -361.7 N  dmg   7.19%  maxVM  34.73  slip C4/C3 0.0050/0.0387  tilt -2.271/+0.833  contact 0.53  (15 outer, 1135 pcg, 3407s)
step  78 uz 0.4300 Fz    -372.6 N  dmg   7.20%  maxVM  34.77  slip C4/C3 0.0050/0.0389  tilt -2.279/+0.836  contact 0.53  (15 outer, 702 pcg, 3422s)
step  79 uz 0.4350 Fz    -372.8 N  dmg   7.20%  maxVM  34.80  slip C4/C3 0.0050/0.0390  tilt -2.289/+0.840  contact 0.54  (15 outer, 625 pcg, 3431s)
step  80 uz 0.4400 Fz    -372.6 N  dmg   7.21%  maxVM  34.97  slip C4/C3 0.0051/0.0392  tilt -2.299/+0.858  contact 0.54  (15 outer, 1188 pcg, 3447s)
step  81 uz 0.4450 Fz    -375.6 N  dmg   7.22%  maxVM  34.56  slip C4/C3 0.0051/0.0394  tilt -2.309/+0.869  contact 0.54  (15 outer, 1135 pcg, 3463s)
   preload done: Fz -100.00 N, Uz -0.00862 mm
step  99 uz 0.5350 Fz    -393.8 N  dmg   6.63%  maxVM  30.75  slip C4/C3 0.0103/0.0943  tilt -3.258/+0.617  contact 0.73  (15 outer, 1208 pcg, 3480s)
step  82 uz 0.4500 Fz    -380.4 N  dmg   7.23%  maxVM  34.87  slip C4/C3 0.0052/0.0397  tilt -2.320/+0.883  contact 0.54  (15 outer, 1261 pcg, 3487s)
step 100 uz 0.5400 Fz    -401.3 N  dmg   6.63%  maxVM  31.49  slip C4/C3 0.0103/0.0945  tilt -3.272/+0.625  contact 0.73  (15 outer, 1183 pcg, 3491s)
step  83 uz 0.4550 Fz    -386.5 N  dmg   7.24%  maxVM  33.66  slip C4/C3 0.0052/0.0400  tilt -2.331/+0.890  contact 0.55  (15 outer, 1060 pcg, 3503s)
step 101 uz 0.5450 Fz    -406.2 N  dmg   6.63%  maxVM  32.41  slip C4/C3 0.0104/0.0947  tilt -3.287/+0.634  contact 0.73  (15 outer, 1217 pcg, 3503s)
step  84 uz 0.4600 Fz    -387.0 N  dmg   7.24%  maxVM  34.95  slip C4/C3 0.0052/0.0401  tilt -2.345/+0.915  contact 0.55  (15 outer, 973 pcg, 3512s)
step   1 extension 0.25 deg  load    687.78 Nmm  Fz  -100.0  dmg  0.00%  maxVM   8.39  slip C4/C3 0.0008/0.0000  contact 0.39 (5 outer, 216s)
step 102 uz 0.5500 Fz    -410.1 N  dmg   6.63%  maxVM  33.25  slip C4/C3 0.0104/0.0949  tilt -3.307/+0.649  contact 0.74  (15 outer, 1362 pcg, 3515s)
step  85 uz 0.4650 Fz    -397.0 N  dmg   7.25%  maxVM  34.55  slip C4/C3 0.0053/0.0403  tilt -2.356/+0.921  contact 0.55  (15 outer, 983 pcg, 3527s)
step 103 uz 0.5550 Fz    -414.7 N  dmg   6.63%  maxVM  34.06  slip C4/C3 0.0105/0.0951  tilt -3.326/+0.664  contact 0.74  (15 outer, 1408 pcg, 3528s)
step   2 extension 0.50 deg  load    761.59 Nmm  Fz  -100.1  dmg  0.00%  maxVM  11.83  slip C4/C3 0.0026/0.0001  contact 0.26 (4 outer, 241s)
step 104 uz 0.5600 Fz    -419.1 N  dmg   6.63%  maxVM  34.91  slip C4/C3 0.0105/0.0953  tilt -3.344/+0.677  contact 0.74  (15 outer, 1308 pcg, 3541s)
step  86 uz 0.4700 Fz    -400.9 N  dmg   7.26%  maxVM  34.19  slip C4/C3 0.0053/0.0406  tilt -2.370/+0.933  contact 0.55  (15 outer, 1216 pcg, 3546s)
step   3 extension 0.75 deg  load    785.50 Nmm  Fz  -100.1  dmg  0.00%  maxVM  14.08  slip C4/C3 0.0029/0.0014  contact 0.22 (3 outer, 257s)
step 105 uz 0.5650 Fz    -424.7 N  dmg   6.64%  maxVM  34.14  slip C4/C3 0.0106/0.0956  tilt -3.363/+0.691  contact 0.74  (15 outer, 1290 pcg, 3558s)
step 106 uz 0.5700 Fz    -428.5 N  dmg   6.64%  maxVM  34.34  slip C4/C3 0.0106/0.0959  tilt -3.383/+0.706  contact 0.74  (15 outer, 1157 pcg, 3574s)
step   4 extension 1.00 deg  load    785.87 Nmm  Fz  -100.1  dmg  0.00%  maxVM  15.66  slip C4/C3 0.0044/0.0017  contact 0.18 (3 outer, 276s)
step  87 uz 0.4750 Fz    -413.7 N  dmg   7.29%  maxVM  33.70  slip C4/C3 0.0054/0.0411  tilt -2.384/+0.947  contact 0.55  (15 outer, 1232 pcg, 3581s)
step  88 uz 0.4800 Fz    -405.1 N  dmg   7.29%  maxVM  34.96  slip C4/C3 0.0054/0.0412  tilt -2.395/+0.955  contact 0.55  (15 outer, 1024 pcg, 3590s)
step 107 uz 0.5750 Fz    -433.7 N  dmg   6.64%  maxVM  34.31  slip C4/C3 0.0107/0.0962  tilt -3.402/+0.719  contact 0.74  (15 outer, 1258 pcg, 3591s)
step   5 extension 1.25 deg  load    782.70 Nmm  Fz  -100.1  dmg  0.00%  maxVM  17.11  slip C4/C3 0.0041/0.0017  contact 0.16 (2 outer, 294s)
step 108 uz 0.5800 Fz    -438.5 N  dmg   6.64%  maxVM  34.86  slip C4/C3 0.0107/0.0964  tilt -3.419/+0.729  contact 0.74  (15 outer, 1204 pcg, 3602s)
step  89 uz 0.4850 Fz    -408.2 N  dmg   7.29%  maxVM  34.97  slip C4/C3 0.0055/0.0414  tilt -2.408/+0.969  contact 0.56  (15 outer, 1296 pcg, 3607s)
step   6 extension 1.50 deg  load    788.40 Nmm  Fz  -100.1  dmg  0.00%  maxVM  18.45  slip C4/C3 0.0048/0.0022  contact 0.14 (2 outer, 313s)
step 109 uz 0.5850 Fz    -443.6 N  dmg   6.64%  maxVM  34.53  slip C4/C3 0.0108/0.0967  tilt -3.439/+0.742  contact 0.74  (15 outer, 1258 pcg, 3619s)
step  90 uz 0.4900 Fz    -414.3 N  dmg   7.31%  maxVM  34.84  slip C4/C3 0.0055/0.0418  tilt -2.421/+0.982  contact 0.56  (15 outer, 1151 pcg, 3625s)
step   7 extension 1.75 deg  load    793.57 Nmm  Fz  -100.1  dmg  0.00%  maxVM  19.77  slip C4/C3 0.0065/0.0030  contact 0.12 (2 outer, 332s)
step 110 uz 0.5900 Fz    -448.5 N  dmg   6.64%  maxVM  34.80  slip C4/C3 0.0108/0.0969  tilt -3.461/+0.757  contact 0.74  (15 outer, 1279 pcg, 3631s)
step   8 extension 2.00 deg  load    853.20 Nmm  Fz  -100.1  dmg  0.00%  maxVM  25.48  slip C4/C3 0.0069/0.0059  contact 0.11 (3 outer, 343s)
step  91 uz 0.4950 Fz    -417.1 N  dmg   7.32%  maxVM  34.69  slip C4/C3 0.0055/0.0420  tilt -2.433/+0.990  contact 0.56  (15 outer, 888 pcg, 3641s)
step   9 extension 2.25 deg  load    845.38 Nmm  Fz  -100.1  dmg  0.00%  maxVM  29.23  slip C4/C3 0.0072/0.0088  contact 0.10 (2 outer, 354s)
step 111 uz 0.5950 Fz    -450.9 N  dmg   6.65%  maxVM  34.80  slip C4/C3 0.0109/0.0975  tilt -3.484/+0.773  contact 0.74  (15 outer, 1183 pcg, 3660s)
step  10 extension 2.50 deg  load    845.11 Nmm  Fz  -100.2  dmg  0.00%  maxVM  32.33  slip C4/C3 0.0074/0.0105  contact 0.09 (2 outer, 364s)
step  92 uz 0.5000 Fz    -428.8 N  dmg   7.35%  maxVM  34.65  slip C4/C3 0.0056/0.0425  tilt -2.447/+1.000  contact 0.56  (15 outer, 917 pcg, 3666s)
step 112 uz 0.6000 Fz    -455.5 N  dmg   6.65%  maxVM  34.94  slip C4/C3 0.0109/0.0978  tilt -3.501/+0.782  contact 0.75  (15 outer, 1115 pcg, 3675s)
step  11 extension 2.75 deg  load    855.54 Nmm  Fz  -100.1  dmg  0.01%  maxVM  34.87  slip C4/C3 0.0082/0.0077  contact 0.09 (2 outer, 386s)
step  93 uz 0.5050 Fz    -433.1 N  dmg   7.38%  maxVM  34.76  slip C4/C3 0.0056/0.0430  tilt -2.457/+1.002  contact 0.56  (15 outer, 612 pcg, 3688s)
step  12 extension 3.00 deg  load    838.36 Nmm  Fz  -100.1  dmg  0.02%  maxVM  34.69  slip C4/C3 0.0086/0.0098  contact 0.08 (2 outer, 402s)
step 113 uz 0.6050 Fz    -459.6 N  dmg   6.66%  maxVM  32.94  slip C4/C3 0.0110/0.0984  tilt -3.524/+0.795  contact 0.75  (15 outer, 1230 pcg, 3700s)
step  94 uz 0.5100 Fz    -442.9 N  dmg   7.42%  maxVM  34.40  slip C4/C3 0.0056/0.0433  tilt -2.468/+1.004  contact 0.56  (15 outer, 553 pcg, 3704s)
step 114 uz 0.6100 Fz    -464.0 N  dmg   6.66%  maxVM  33.31  slip C4/C3 0.0110/0.0986  tilt -3.542/+0.804  contact 0.75  (15 outer, 1207 pcg, 3712s)
step  13 extension 3.25 deg  load    831.10 Nmm  Fz  -100.1  dmg  0.04%  maxVM  34.68  slip C4/C3 0.0094/0.0101  contact 0.08 (3 outer, 420s)
step  95 uz 0.5150 Fz    -433.5 N  dmg   7.43%  maxVM  34.65  slip C4/C3 0.0056/0.0435  tilt -2.478/+1.009  contact 0.56  (15 outer, 844 pcg, 3720s)
step 115 uz 0.6150 Fz    -470.9 N  dmg   6.66%  maxVM  33.69  slip C4/C3 0.0111/0.0988  tilt -3.561/+0.813  contact 0.75  (15 outer, 1250 pcg, 3723s)
step  14 extension 3.50 deg  load    817.79 Nmm  Fz  -100.1  dmg  0.07%  maxVM  32.55  slip C4/C3 0.0098/0.0107  contact 0.08 (2 outer, 435s)
step 116 uz 0.6200 Fz    -473.5 N  dmg   6.66%  maxVM  34.08  slip C4/C3 0.0111/0.0991  tilt -3.588/+0.829  contact 0.75  (15 outer, 1402 pcg, 3741s)
step  15 extension 3.75 deg  load    820.61 Nmm  Fz  -100.2  dmg  0.09%  maxVM  34.92  slip C4/C3 0.0100/0.0115  contact 0.08 (2 outer, 451s)
step 117 uz 0.6250 Fz    -478.1 N  dmg   6.66%  maxVM  34.60  slip C4/C3 0.0112/0.0994  tilt -3.609/+0.839  contact 0.75  (15 outer, 1295 pcg, 3753s)
step  16 extension 4.00 deg  load    787.66 Nmm  Fz  -100.1  dmg  0.13%  maxVM  34.32  slip C4/C3 0.0102/0.0130  contact 0.08 (2 outer, 473s)
step 118 uz 0.6300 Fz    -480.8 N  dmg   6.68%  maxVM  34.29  slip C4/C3 0.0113/0.1002  tilt -3.636/+0.854  contact 0.75  (15 outer, 1228 pcg, 3784s)
step  17 extension 4.25 deg  load    790.24 Nmm  Fz  -100.2  dmg  0.21%  maxVM  34.42  slip C4/C3 0.0108/0.0112  contact 0.10 (15 outer, 496s)
step  96 uz 0.5200 Fz    -424.3 N  dmg   7.54%  maxVM  34.38  slip C4/C3 0.0056/0.0446  tilt -2.453/+1.010  contact 0.56  (15 outer, 1134 pcg, 3795s)
step 119 uz 0.6350 Fz    -487.0 N  dmg   6.68%  maxVM  34.81  slip C4/C3 0.0113/0.1005  tilt -3.653/+0.861  contact 0.75  (15 outer, 1112 pcg, 3798s)
step  18 extension 4.50 deg  load    763.72 Nmm  Fz  -100.2  dmg  0.26%  maxVM  34.98  slip C4/C3 0.0108/0.0122  contact 0.11 (15 outer, 526s)
step  97 uz 0.5250 Fz    -430.3 N  dmg   7.58%  maxVM  34.86  slip C4/C3 0.0056/0.0451  tilt -2.441/+1.009  contact 0.56  (15 outer, 695 pcg, 3832s)
step  19 extension 4.75 deg  load    761.86 Nmm  Fz  -100.2  dmg  0.31%  maxVM  34.82  slip C4/C3 0.0111/0.0125  contact 0.12 (15 outer, 548s)
step  98 uz 0.5300 Fz    -436.9 N  dmg   7.60%  maxVM  34.86  slip C4/C3 0.0056/0.0454  tilt -2.448/+1.012  contact 0.56  (15 outer, 699 pcg, 3854s)
step  20 extension 5.00 deg  load    762.90 Nmm  Fz  -100.2  dmg  0.36%  maxVM  34.70  slip C4/C3 0.0112/0.0144  contact 0.11 (15 outer, 574s)
step  99 uz 0.5350 Fz    -445.4 N  dmg   7.63%  maxVM  34.91  slip C4/C3 0.0056/0.0458  tilt -2.456/+1.014  contact 0.56  (15 outer, 699 pcg, 3878s)
step  21 extension 5.25 deg  load    760.27 Nmm  Fz  -100.2  dmg  0.40%  maxVM  34.23  slip C4/C3 0.0113/0.0155  contact 0.12 (15 outer, 595s)
step 100 uz 0.5400 Fz    -440.7 N  dmg   7.67%  maxVM  34.69  slip C4/C3 0.0056/0.0462  tilt -2.463/+1.015  contact 0.56  (15 outer, 744 pcg, 3900s)
step 120 uz 0.6400 Fz    -453.3 N  dmg   7.11%  maxVM  54.90  slip C4/C3 0.0112/0.1040  tilt -3.426/+0.869  contact 0.75  (15 outer, 1160 pcg, 3915s)
step  22 extension 5.50 deg  load    759.82 Nmm  Fz  -100.3  dmg  0.45%  maxVM  34.70  slip C4/C3 0.0102/0.0197  contact 0.12 (15 outer, 638s)
step  23 extension 5.75 deg  load    757.94 Nmm  Fz  -100.3  dmg  0.51%  maxVM  34.41  slip C4/C3 0.0101/0.0204  contact 0.13 (15 outer, 664s)
step 121 uz 0.6450 Fz    -411.4 N  dmg   7.49%  maxVM  32.90  slip C4/C3 0.0103/0.1080  tilt -2.222/+0.303  contact 0.76  (15 outer, 1157 pcg, 3976s)
step 122 uz 0.6500 Fz    -423.4 N  dmg   7.49%  maxVM  32.66  slip C4/C3 0.0103/0.1083  tilt -2.233/+0.308  contact 0.77  (15 outer, 801 pcg, 3984s)
step 101 uz 0.5450 Fz    -403.1 N  dmg   8.04%  maxVM  30.04  slip C4/C3 0.0051/0.0485  tilt -1.467/+0.357  contact 0.57  (15 outer, 1116 pcg, 3990s)
step 123 uz 0.6550 Fz    -426.1 N  dmg   7.49%  maxVM  32.54  slip C4/C3 0.0103/0.1085  tilt -2.244/+0.311  contact 0.77  (15 outer, 694 pcg, 3990s)
step 102 uz 0.5500 Fz    -413.1 N  dmg   8.04%  maxVM  30.02  slip C4/C3 0.0051/0.0486  tilt -1.478/+0.359  contact 0.57  (15 outer, 708 pcg, 3997s)
step 124 uz 0.6600 Fz    -438.8 N  dmg   7.49%  maxVM  32.47  slip C4/C3 0.0103/0.1087  tilt -2.255/+0.315  contact 0.77  (15 outer, 721 pcg, 3997s)
step 103 uz 0.5550 Fz    -416.3 N  dmg   8.04%  maxVM  30.04  slip C4/C3 0.0051/0.0488  tilt -1.488/+0.362  contact 0.57  (15 outer, 636 pcg, 4003s)
step 125 uz 0.6650 Fz    -440.5 N  dmg   7.49%  maxVM  32.46  slip C4/C3 0.0103/0.1089  tilt -2.266/+0.319  contact 0.77  (15 outer, 728 pcg, 4004s)
step 104 uz 0.5600 Fz    -420.4 N  dmg   8.04%  maxVM  30.12  slip C4/C3 0.0051/0.0488  tilt -1.499/+0.365  contact 0.58  (15 outer, 702 pcg, 4010s)
step 126 uz 0.6700 Fz    -446.8 N  dmg   7.49%  maxVM  32.50  slip C4/C3 0.0104/0.1091  tilt -2.278/+0.322  contact 0.77  (15 outer, 695 pcg, 4011s)
step 105 uz 0.5650 Fz    -427.5 N  dmg   8.04%  maxVM  30.01  slip C4/C3 0.0051/0.0489  tilt -1.509/+0.368  contact 0.58  (15 outer, 753 pcg, 4017s)
step 127 uz 0.6750 Fz    -450.2 N  dmg   7.49%  maxVM  32.56  slip C4/C3 0.0104/0.1093  tilt -2.289/+0.326  contact 0.77  (15 outer, 704 pcg, 4017s)
step  24 extension 6.00 deg  load    669.54 Nmm  Fz  -100.1  dmg  0.60%  maxVM  34.36  slip C4/C3 0.0097/0.0238  contact 0.12 (15 outer, 719s)
step 106 uz 0.5700 Fz    -425.4 N  dmg   8.04%  maxVM  30.06  slip C4/C3 0.0051/0.0490  tilt -1.519/+0.371  contact 0.58  (15 outer, 718 pcg, 4024s)
step 128 uz 0.6800 Fz    -452.7 N  dmg   7.49%  maxVM  32.67  slip C4/C3 0.0104/0.1096  tilt -2.300/+0.330  contact 0.78  (15 outer, 798 pcg, 4025s)
step 107 uz 0.5750 Fz    -436.6 N  dmg   8.04%  maxVM  30.10  slip C4/C3 0.0051/0.0492  tilt -1.530/+0.373  contact 0.58  (15 outer, 707 pcg, 4031s)
step 108 uz 0.5800 Fz    -437.5 N  dmg   8.04%  maxVM  30.23  slip C4/C3 0.0051/0.0492  tilt -1.540/+0.376  contact 0.58  (15 outer, 690 pcg, 4038s)
step 129 uz 0.6850 Fz    -450.7 N  dmg   7.50%  maxVM  32.82  slip C4/C3 0.0104/0.1100  tilt -2.311/+0.335  contact 0.78  (15 outer, 767 pcg, 4038s)
step 109 uz 0.5850 Fz    -447.3 N  dmg   8.04%  maxVM  30.35  slip C4/C3 0.0052/0.0494  tilt -1.550/+0.379  contact 0.58  (15 outer, 707 pcg, 4044s)
step 130 uz 0.6900 Fz    -457.2 N  dmg   7.50%  maxVM  32.97  slip C4/C3 0.0104/0.1103  tilt -2.323/+0.340  contact 0.78  (15 outer, 757 pcg, 4049s)
step 110 uz 0.5900 Fz    -454.1 N  dmg   8.04%  maxVM  30.42  slip C4/C3 0.0052/0.0494  tilt -1.560/+0.381  contact 0.58  (15 outer, 706 pcg, 4051s)
step  25 extension 6.25 deg  load    735.70 Nmm  Fz  -100.2  dmg  0.75%  maxVM  34.56  slip C4/C3 0.0093/0.0317  contact 0.14 (15 outer, 755s)
step 131 uz 0.6950 Fz    -467.4 N  dmg   7.50%  maxVM  33.17  slip C4/C3 0.0105/0.1106  tilt -2.334/+0.343  contact 0.78  (15 outer, 738 pcg, 4056s)
step 111 uz 0.5950 Fz    -449.7 N  dmg   8.04%  maxVM  30.40  slip C4/C3 0.0052/0.0496  tilt -1.571/+0.385  contact 0.59  (15 outer, 779 pcg, 4059s)
step 112 uz 0.6000 Fz    -455.2 N  dmg   8.04%  maxVM  30.57  slip C4/C3 0.0052/0.0497  tilt -1.581/+0.387  contact 0.59  (15 outer, 690 pcg, 4065s)
step 132 uz 0.7000 Fz    -463.5 N  dmg   7.50%  maxVM  33.51  slip C4/C3 0.0105/0.1110  tilt -2.345/+0.348  contact 0.78  (15 outer, 754 pcg, 4066s)
step 113 uz 0.6050 Fz    -460.1 N  dmg   8.04%  maxVM  30.82  slip C4/C3 0.0052/0.0498  tilt -1.592/+0.390  contact 0.59  (15 outer, 645 pcg, 4072s)
step 133 uz 0.7050 Fz    -470.7 N  dmg   7.50%  maxVM  32.32  slip C4/C3 0.0105/0.1114  tilt -2.357/+0.352  contact 0.78  (15 outer, 758 pcg, 4076s)
step 114 uz 0.6100 Fz    -474.8 N  dmg   8.04%  maxVM  31.08  slip C4/C3 0.0052/0.0500  tilt -1.602/+0.393  contact 0.59  (15 outer, 713 pcg, 4078s)
step  26 extension 6.50 deg  load    770.92 Nmm  Fz  -100.4  dmg  0.77%  maxVM  34.61  slip C4/C3 0.0093/0.0297  contact 0.15 (15 outer, 784s)
step 134 uz 0.7100 Fz    -478.1 N  dmg   7.50%  maxVM  32.63  slip C4/C3 0.0105/0.1116  tilt -2.368/+0.355  contact 0.78  (15 outer, 673 pcg, 4082s)
step 115 uz 0.6150 Fz    -463.1 N  dmg   8.04%  maxVM  31.34  slip C4/C3 0.0052/0.0500  tilt -1.612/+0.396  contact 0.59  (15 outer, 763 pcg, 4086s)
step 135 uz 0.7150 Fz    -479.2 N  dmg   7.50%  maxVM  32.88  slip C4/C3 0.0105/0.1119  tilt -2.379/+0.359  contact 0.78  (15 outer, 780 pcg, 4090s)
step 116 uz 0.6200 Fz    -475.6 N  dmg   8.04%  maxVM  31.60  slip C4/C3 0.0053/0.0503  tilt -1.623/+0.399  contact 0.59  (15 outer, 746 pcg, 4093s)
step 136 uz 0.7200 Fz    -480.5 N  dmg   7.50%  maxVM  33.07  slip C4/C3 0.0106/0.1122  tilt -2.391/+0.363  contact 0.78  (15 outer, 848 pcg, 4098s)
step 117 uz 0.6250 Fz    -479.1 N  dmg   8.04%  maxVM  31.86  slip C4/C3 0.0053/0.0503  tilt -1.633/+0.402  contact 0.60  (15 outer, 751 pcg, 4100s)
step 137 uz 0.7250 Fz    -487.3 N  dmg   7.50%  maxVM  33.30  slip C4/C3 0.0106/0.1125  tilt -2.402/+0.367  contact 0.78  (15 outer, 767 pcg, 4105s)
step 118 uz 0.6300 Fz    -483.0 N  dmg   8.04%  maxVM  32.12  slip C4/C3 0.0053/0.0505  tilt -1.644/+0.405  contact 0.60  (15 outer, 735 pcg, 4107s)
step  27 extension 6.75 deg  load    777.88 Nmm  Fz  -100.4  dmg  0.80%  maxVM  33.77  slip C4/C3 0.0101/0.0308  contact 0.15 (15 outer, 809s)
step 138 uz 0.7300 Fz    -489.7 N  dmg   7.50%  maxVM  33.59  slip C4/C3 0.0106/0.1128  tilt -2.414/+0.371  contact 0.78  (15 outer, 831 pcg, 4113s)
step 119 uz 0.6350 Fz    -478.8 N  dmg   8.04%  maxVM  32.36  slip C4/C3 0.0053/0.0506  tilt -1.654/+0.408  contact 0.60  (15 outer, 637 pcg, 4113s)
step 139 uz 0.7350 Fz    -493.8 N  dmg   7.50%  maxVM  33.90  slip C4/C3 0.0106/0.1130  tilt -2.425/+0.374  contact 0.78  (15 outer, 746 pcg, 4120s)
step 120 uz 0.6400 Fz    -484.7 N  dmg   8.04%  maxVM  32.62  slip C4/C3 0.0053/0.0508  tilt -1.665/+0.411  contact 0.60  (15 outer, 677 pcg, 4120s)
step 140 uz 0.7400 Fz    -495.2 N  dmg   7.50%  maxVM  34.21  slip C4/C3 0.0106/0.1134  tilt -2.436/+0.378  contact 0.78  (15 outer, 705 pcg, 4126s)
step 121 uz 0.6450 Fz    -495.7 N  dmg   8.04%  maxVM  32.88  slip C4/C3 0.0053/0.0509  tilt -1.676/+0.413  contact 0.60  (15 outer, 719 pcg, 4127s)
step  28 extension 7.00 deg  load    826.62 Nmm  Fz  -100.4  dmg  0.95%  maxVM  34.97  slip C4/C3 0.0100/0.0397  contact 0.16 (15 outer, 835s)
step 122 uz 0.6500 Fz    -498.0 N  dmg   8.04%  maxVM  33.14  slip C4/C3 0.0053/0.0511  tilt -1.686/+0.416  contact 0.60  (15 outer, 664 pcg, 4133s)
step 141 uz 0.7450 Fz    -503.9 N  dmg   7.50%  maxVM  34.47  slip C4/C3 0.0107/0.1136  tilt -2.447/+0.382  contact 0.78  (15 outer, 846 pcg, 4134s)
step 123 uz 0.6550 Fz    -503.6 N  dmg   8.04%  maxVM  33.19  slip C4/C3 0.0054/0.0512  tilt -1.696/+0.418  contact 0.60  (15 outer, 644 pcg, 4140s)
step 142 uz 0.7500 Fz    -508.7 N  dmg   7.50%  maxVM  34.72  slip C4/C3 0.0107/0.1139  tilt -2.458/+0.385  contact 0.79  (15 outer, 638 pcg, 4141s)
step 124 uz 0.6600 Fz    -506.9 N  dmg   8.04%  maxVM  33.24  slip C4/C3 0.0054/0.0514  tilt -1.707/+0.420  contact 0.61  (15 outer, 626 pcg, 4146s)
step 143 uz 0.7550 Fz    -515.9 N  dmg   7.50%  maxVM  34.97  slip C4/C3 0.0107/0.1142  tilt -2.469/+0.388  contact 0.79  (15 outer, 700 pcg, 4147s)
step 125 uz 0.6650 Fz    -507.5 N  dmg   8.04%  maxVM  33.30  slip C4/C3 0.0054/0.0515  tilt -1.717/+0.422  contact 0.61  (15 outer, 588 pcg, 4151s)
step 144 uz 0.7600 Fz    -513.7 N  dmg   7.50%  maxVM  30.93  slip C4/C3 0.0107/0.1146  tilt -2.481/+0.392  contact 0.79  (15 outer, 726 pcg, 4157s)
step 126 uz 0.6700 Fz    -513.6 N  dmg   8.04%  maxVM  33.35  slip C4/C3 0.0054/0.0517  tilt -1.728/+0.424  contact 0.61  (15 outer, 609 pcg, 4157s)
step  29 extension 7.25 deg  load    747.94 Nmm  Fz  -100.3  dmg  1.12%  maxVM  34.32  slip C4/C3 0.0101/0.0482  contact 0.16 (15 outer, 865s)
step 127 uz 0.6750 Fz    -512.2 N  dmg   8.04%  maxVM  33.44  slip C4/C3 0.0054/0.0519  tilt -1.738/+0.427  contact 0.61  (15 outer, 646 pcg, 4163s)
step 145 uz 0.7650 Fz    -518.5 N  dmg   7.51%  maxVM  31.08  slip C4/C3 0.0107/0.1151  tilt -2.493/+0.396  contact 0.79  (15 outer, 725 pcg, 4167s)
step 128 uz 0.6800 Fz    -527.4 N  dmg   8.04%  maxVM  33.49  slip C4/C3 0.0054/0.0520  tilt -1.749/+0.429  contact 0.61  (15 outer, 707 pcg, 4170s)
step 146 uz 0.7700 Fz    -529.1 N  dmg   7.51%  maxVM  31.28  slip C4/C3 0.0108/0.1154  tilt -2.505/+0.399  contact 0.79  (15 outer, 756 pcg, 4174s)
step 129 uz 0.6850 Fz    -525.7 N  dmg   8.04%  maxVM  33.58  slip C4/C3 0.0054/0.0523  tilt -1.760/+0.431  contact 0.61  (15 outer, 631 pcg, 4176s)
step 147 uz 0.7750 Fz    -526.6 N  dmg   7.51%  maxVM  31.51  slip C4/C3 0.0108/0.1157  tilt -2.517/+0.403  contact 0.79  (15 outer, 770 pcg, 4181s)
step 130 uz 0.6900 Fz    -533.9 N  dmg   8.04%  maxVM  33.64  slip C4/C3 0.0055/0.0523  tilt -1.770/+0.433  contact 0.61  (15 outer, 720 pcg, 4183s)
step 148 uz 0.7800 Fz    -528.7 N  dmg   7.51%  maxVM  31.72  slip C4/C3 0.0108/0.1161  tilt -2.529/+0.406  contact 0.79  (15 outer, 796 pcg, 4189s)
step 131 uz 0.6950 Fz    -534.6 N  dmg   8.04%  maxVM  33.72  slip C4/C3 0.0055/0.0527  tilt -1.781/+0.435  contact 0.62  (15 outer, 632 pcg, 4189s)
step 149 uz 0.7850 Fz    -534.0 N  dmg   7.51%  maxVM  31.92  slip C4/C3 0.0108/0.1163  tilt -2.540/+0.410  contact 0.79  (15 outer, 776 pcg, 4196s)
step 132 uz 0.7000 Fz    -538.7 N  dmg   8.04%  maxVM  33.81  slip C4/C3 0.0055/0.0527  tilt -1.791/+0.437  contact 0.62  (15 outer, 744 pcg, 4197s)
step 150 uz 0.7900 Fz    -539.4 N  dmg   7.51%  maxVM  32.13  slip C4/C3 0.0108/0.1168  tilt -2.552/+0.413  contact 0.79  (15 outer, 678 pcg, 4203s)
step 133 uz 0.7050 Fz    -542.6 N  dmg   8.04%  maxVM  33.91  slip C4/C3 0.0055/0.0529  tilt -1.802/+0.440  contact 0.62  (15 outer, 776 pcg, 4204s)
step 151 uz 0.7950 Fz    -542.5 N  dmg   7.51%  maxVM  32.35  slip C4/C3 0.0109/0.1170  tilt -2.563/+0.417  contact 0.79  (15 outer, 758 pcg, 4210s)
step 134 uz 0.7100 Fz    -549.6 N  dmg   8.04%  maxVM  33.99  slip C4/C3 0.0055/0.0531  tilt -1.812/+0.443  contact 0.62  (15 outer, 749 pcg, 4211s)
step  30 extension 7.50 deg  load    620.09 Nmm  Fz  -100.1  dmg  1.27%  maxVM  33.68  slip C4/C3 0.0099/0.0561  contact 0.16 (15 outer, 918s)
step 152 uz 0.8000 Fz    -555.6 N  dmg   7.51%  maxVM  32.58  slip C4/C3 0.0109/0.1174  tilt -2.575/+0.420  contact 0.79  (15 outer, 729 pcg, 4217s)
step 135 uz 0.7150 Fz    -550.5 N  dmg   8.04%  maxVM  34.09  slip C4/C3 0.0055/0.0533  tilt -1.823/+0.446  contact 0.62  (15 outer, 706 pcg, 4218s)
step 153 uz 0.8050 Fz    -554.7 N  dmg   7.51%  maxVM  32.77  slip C4/C3 0.0109/0.1177  tilt -2.587/+0.424  contact 0.79  (15 outer, 823 pcg, 4225s)
step 136 uz 0.7200 Fz    -557.0 N  dmg   8.04%  maxVM  34.25  slip C4/C3 0.0055/0.0535  tilt -1.833/+0.449  contact 0.62  (15 outer, 685 pcg, 4225s)
step 137 uz 0.7250 Fz    -584.8 N  dmg   8.04%  maxVM  34.43  slip C4/C3 0.0056/0.0537  tilt -1.844/+0.451  contact 0.62  (15 outer, 609 pcg, 4231s)
step 154 uz 0.8100 Fz    -559.3 N  dmg   7.51%  maxVM  32.97  slip C4/C3 0.0109/0.1181  tilt -2.598/+0.427  contact 0.79  (15 outer, 799 pcg, 4232s)
step 138 uz 0.7300 Fz    -563.9 N  dmg   8.04%  maxVM  34.63  slip C4/C3 0.0056/0.0538  tilt -1.855/+0.453  contact 0.62  (15 outer, 645 pcg, 4237s)
step 155 uz 0.8150 Fz    -557.0 N  dmg   7.51%  maxVM  33.19  slip C4/C3 0.0109/0.1184  tilt -2.610/+0.431  contact 0.79  (15 outer, 842 pcg, 4240s)
step 156 uz 0.8200 Fz    -560.6 N  dmg   7.51%  maxVM  33.38  slip C4/C3 0.0110/0.1187  tilt -2.621/+0.434  contact 0.80  (15 outer, 722 pcg, 4247s)
step  31 extension 7.75 deg  load    644.35 Nmm  Fz  -100.2  dmg  1.39%  maxVM  34.09  slip C4/C3 0.0093/0.0629  contact 0.16 (15 outer, 953s)
step 139 uz 0.7350 Fz    -576.5 N  dmg   8.05%  maxVM  34.70  slip C4/C3 0.0056/0.0543  tilt -1.865/+0.456  contact 0.62  (15 outer, 689 pcg, 4252s)
step 157 uz 0.8250 Fz    -576.7 N  dmg   7.51%  maxVM  33.60  slip C4/C3 0.0110/0.1190  tilt -2.633/+0.438  contact 0.80  (15 outer, 723 pcg, 4254s)
step 140 uz 0.7400 Fz    -574.8 N  dmg   8.05%  maxVM  34.89  slip C4/C3 0.0056/0.0545  tilt -1.876/+0.459  contact 0.62  (15 outer, 682 pcg, 4259s)
step 158 uz 0.8300 Fz    -569.4 N  dmg   7.51%  maxVM  33.81  slip C4/C3 0.0110/0.1195  tilt -2.645/+0.441  contact 0.80  (15 outer, 760 pcg, 4261s)
step 141 uz 0.7450 Fz    -577.1 N  dmg   8.05%  maxVM  34.95  slip C4/C3 0.0056/0.0548  tilt -1.885/+0.462  contact 0.62  (15 outer, 647 pcg, 4267s)
step 159 uz 0.8350 Fz    -582.5 N  dmg   7.51%  maxVM  33.99  slip C4/C3 0.0110/0.1198  tilt -2.657/+0.444  contact 0.80  (15 outer, 756 pcg, 4268s)
step  32 extension 8.00 deg  load    764.41 Nmm  Fz  -100.4  dmg  1.45%  maxVM  34.37  slip C4/C3 0.0091/0.0711  contact 0.17 (15 outer, 973s)
step 160 uz 0.8400 Fz    -576.2 N  dmg   7.51%  maxVM  34.18  slip C4/C3 0.0110/0.1201  tilt -2.668/+0.448  contact 0.80  (15 outer, 671 pcg, 4275s)
step 142 uz 0.7500 Fz    -590.7 N  dmg   8.05%  maxVM  34.54  slip C4/C3 0.0056/0.0552  tilt -1.895/+0.465  contact 0.62  (15 outer, 611 pcg, 4276s)
step 161 uz 0.8450 Fz    -580.2 N  dmg   7.51%  maxVM  34.39  slip C4/C3 0.0111/0.1205  tilt -2.680/+0.451  contact 0.80  (15 outer, 738 pcg, 4282s)
step 143 uz 0.7550 Fz    -603.0 N  dmg   8.05%  maxVM  34.93  slip C4/C3 0.0056/0.0553  tilt -1.906/+0.468  contact 0.63  (15 outer, 739 pcg, 4283s)
step 162 uz 0.8500 Fz    -579.3 N  dmg   7.51%  maxVM  34.62  slip C4/C3 0.0111/0.1210  tilt -2.693/+0.455  contact 0.80  (15 outer, 751 pcg, 4292s)
step 144 uz 0.7600 Fz    -587.2 N  dmg   8.05%  maxVM  34.04  slip C4/C3 0.0057/0.0558  tilt -1.917/+0.472  contact 0.63  (15 outer, 685 pcg, 4297s)
step 163 uz 0.8550 Fz    -591.5 N  dmg   7.51%  maxVM  34.82  slip C4/C3 0.0111/0.1213  tilt -2.705/+0.459  contact 0.80  (15 outer, 772 pcg, 4299s)
step 145 uz 0.7650 Fz    -596.7 N  dmg   8.06%  maxVM  34.15  slip C4/C3 0.0057/0.0561  tilt -1.929/+0.476  contact 0.63  (15 outer, 708 pcg, 4307s)
step  33 extension 8.25 deg  load    682.07 Nmm  Fz  -100.3  dmg  1.55%  maxVM  33.92  slip C4/C3 0.0089/0.0794  contact 0.17 (15 outer, 1012s)
step 164 uz 0.8600 Fz    -581.8 N  dmg   7.51%  maxVM  30.57  slip C4/C3 0.0111/0.1221  tilt -2.718/+0.463  contact 0.80  (15 outer, 720 pcg, 4312s)
step 146 uz 0.7700 Fz    -611.4 N  dmg   8.06%  maxVM  34.33  slip C4/C3 0.0057/0.0563  tilt -1.941/+0.479  contact 0.63  (15 outer, 715 pcg, 4314s)
step 165 uz 0.8650 Fz    -605.1 N  dmg   7.51%  maxVM  30.72  slip C4/C3 0.0111/0.1224  tilt -2.731/+0.466  contact 0.80  (15 outer, 741 pcg, 4319s)
step 147 uz 0.7750 Fz    -599.3 N  dmg   8.06%  maxVM  34.52  slip C4/C3 0.0057/0.0564  tilt -1.952/+0.482  contact 0.63  (15 outer, 722 pcg, 4321s)
step 166 uz 0.8700 Fz    -609.3 N  dmg   7.51%  maxVM  30.85  slip C4/C3 0.0112/0.1228  tilt -2.743/+0.470  contact 0.80  (15 outer, 811 pcg, 4327s)
step 148 uz 0.7800 Fz    -617.4 N  dmg   8.06%  maxVM  34.73  slip C4/C3 0.0057/0.0567  tilt -1.964/+0.485  contact 0.63  (15 outer, 743 pcg, 4328s)
step  34 extension 8.50 deg  load    754.82 Nmm  Fz  -100.4  dmg  1.57%  maxVM  33.75  slip C4/C3 0.0088/0.0877  contact 0.19 (15 outer, 1030s)
step 149 uz 0.7850 Fz    -601.5 N  dmg   8.06%  maxVM  34.89  slip C4/C3 0.0057/0.0569  tilt -1.975/+0.488  contact 0.63  (15 outer, 614 pcg, 4334s)
step 167 uz 0.8750 Fz    -600.7 N  dmg   7.51%  maxVM  30.99  slip C4/C3 0.0112/0.1232  tilt -2.755/+0.473  contact 0.80  (15 outer, 745 pcg, 4334s)
step 168 uz 0.8800 Fz    -615.7 N  dmg   7.51%  maxVM  31.10  slip C4/C3 0.0112/0.1235  tilt -2.768/+0.476  contact 0.80  (15 outer, 763 pcg, 4341s)
step 150 uz 0.7900 Fz    -605.6 N  dmg   8.06%  maxVM  34.19  slip C4/C3 0.0058/0.0572  tilt -1.987/+0.491  contact 0.63  (15 outer, 761 pcg, 4344s)
step 169 uz 0.8850 Fz    -608.1 N  dmg   7.51%  maxVM  31.21  slip C4/C3 0.0112/0.1239  tilt -2.780/+0.479  contact 0.80  (15 outer, 676 pcg, 4348s)
step 151 uz 0.7950 Fz    -629.1 N  dmg   8.06%  maxVM  34.41  slip C4/C3 0.0058/0.0574  tilt -1.998/+0.494  contact 0.63  (15 outer, 711 pcg, 4350s)
step 152 uz 0.8000 Fz    -618.4 N  dmg   8.06%  maxVM  34.63  slip C4/C3 0.0058/0.0577  tilt -2.010/+0.498  contact 0.63  (15 outer, 731 pcg, 4358s)
step 170 uz 0.8900 Fz    -611.7 N  dmg   7.51%  maxVM  31.39  slip C4/C3 0.0113/0.1244  tilt -2.792/+0.483  contact 0.80  (15 outer, 756 pcg, 4358s)
step  35 extension 8.75 deg  load    789.89 Nmm  Fz  -100.5  dmg  1.63%  maxVM  34.33  slip C4/C3 0.0086/0.0956  contact 0.19 (15 outer, 1065s)
step 171 uz 0.8950 Fz    -620.9 N  dmg   7.51%  maxVM  31.54  slip C4/C3 0.0113/0.1248  tilt -2.805/+0.487  contact 0.80  (15 outer, 815 pcg, 4365s)
step 153 uz 0.8050 Fz    -620.9 N  dmg   8.06%  maxVM  34.75  slip C4/C3 0.0058/0.0581  tilt -2.021/+0.501  contact 0.63  (15 outer, 666 pcg, 4370s)
step 172 uz 0.9000 Fz    -629.0 N  dmg   7.51%  maxVM  31.68  slip C4/C3 0.0113/0.1251  tilt -2.817/+0.491  contact 0.80  (15 outer, 799 pcg, 4373s)
step 154 uz 0.8100 Fz    -627.1 N  dmg   8.06%  maxVM  34.77  slip C4/C3 0.0058/0.0586  tilt -2.033/+0.505  contact 0.63  (15 outer, 680 pcg, 4379s)
step 173 uz 0.9050 Fz    -623.5 N  dmg   7.51%  maxVM  31.79  slip C4/C3 0.0113/0.1256  tilt -2.829/+0.494  contact 0.80  (15 outer, 739 pcg, 4380s)
step 174 uz 0.9100 Fz    -634.8 N  dmg   7.51%  maxVM  31.93  slip C4/C3 0.0113/0.1260  tilt -2.841/+0.497  contact 0.80  (15 outer, 750 pcg, 4387s)
step 155 uz 0.8150 Fz    -635.2 N  dmg   8.07%  maxVM  34.76  slip C4/C3 0.0058/0.0591  tilt -2.045/+0.509  contact 0.64  (15 outer, 779 pcg, 4392s)
step  36 extension 9.00 deg  load    791.08 Nmm  Fz  -100.5  dmg  1.70%  maxVM  33.87  slip C4/C3 0.0086/0.1033  contact 0.20 (15 outer, 1097s)
step 175 uz 0.9150 Fz    -632.9 N  dmg   7.51%  maxVM  32.12  slip C4/C3 0.0114/0.1263  tilt -2.853/+0.501  contact 0.80  (15 outer, 822 pcg, 4395s)
step 176 uz 0.9200 Fz    -644.0 N  dmg   7.51%  maxVM  32.18  slip C4/C3 0.0114/0.1267  tilt -2.865/+0.504  contact 0.80  (15 outer, 711 pcg, 4402s)
step 177 uz 0.9250 Fz    -637.8 N  dmg   7.52%  maxVM  32.35  slip C4/C3 0.0114/0.1273  tilt -2.877/+0.509  contact 0.80  (15 outer, 723 pcg, 4412s)
step  37 extension 9.25 deg  load    904.38 Nmm  Fz  -100.7  dmg  1.75%  maxVM  34.66  slip C4/C3 0.0088/0.1108  contact 0.21 (15 outer, 1118s)
step 156 uz 0.8200 Fz    -626.9 N  dmg   8.09%  maxVM  34.45  slip C4/C3 0.0059/0.0601  tilt -2.059/+0.514  contact 0.63  (15 outer, 742 pcg, 4419s)
step 157 uz 0.8250 Fz    -646.5 N  dmg   8.09%  maxVM  34.73  slip C4/C3 0.0059/0.0604  tilt -2.070/+0.516  contact 0.64  (15 outer, 684 pcg, 4426s)
step 178 uz 0.9300 Fz    -631.9 N  dmg   7.52%  maxVM  32.71  slip C4/C3 0.0114/0.1280  tilt -2.891/+0.514  contact 0.81  (15 outer, 724 pcg, 4426s)
step 179 uz 0.9350 Fz    -650.5 N  dmg   7.52%  maxVM  32.81  slip C4/C3 0.0114/0.1286  tilt -2.903/+0.517  contact 0.80  (15 outer, 720 pcg, 4433s)
step  38 extension 9.50 deg  load    936.09 Nmm  Fz  -100.7  dmg  1.80%  maxVM  34.09  slip C4/C3 0.0091/0.1180  contact 0.22 (15 outer, 1136s)
step 158 uz 0.8300 Fz    -638.2 N  dmg   8.09%  maxVM  34.33  slip C4/C3 0.0059/0.0608  tilt -2.082/+0.520  contact 0.64  (15 outer, 768 pcg, 4436s)
step 180 uz 0.9400 Fz    -660.4 N  dmg   7.52%  maxVM  33.81  slip C4/C3 0.0115/0.1289  tilt -2.915/+0.520  contact 0.80  (15 outer, 759 pcg, 4440s)
step 181 uz 0.9450 Fz    -651.5 N  dmg   7.52%  maxVM  34.59  slip C4/C3 0.0115/0.1293  tilt -2.928/+0.524  contact 0.81  (15 outer, 787 pcg, 4447s)
step 159 uz 0.8350 Fz    -649.2 N  dmg   8.09%  maxVM  34.52  slip C4/C3 0.0059/0.0612  tilt -2.095/+0.523  contact 0.64  (15 outer, 685 pcg, 4450s)
step 182 uz 0.9500 Fz    -653.5 N  dmg   7.52%  maxVM  33.58  slip C4/C3 0.0115/0.1299  tilt -2.941/+0.528  contact 0.81  (15 outer, 744 pcg, 4458s)
step  39 extension 9.75 deg  load    952.11 Nmm  Fz  -100.8  dmg  1.88%  maxVM  34.41  slip C4/C3 0.0093/0.1251  contact 0.23 (15 outer, 1161s)
step 160 uz 0.8400 Fz    -653.6 N  dmg   8.10%  maxVM  34.86  slip C4/C3 0.0059/0.0618  tilt -2.107/+0.526  contact 0.64  (15 outer, 671 pcg, 4465s)
step 183 uz 0.9550 Fz    -666.4 N  dmg   7.52%  maxVM  33.80  slip C4/C3 0.0115/0.1303  tilt -2.954/+0.532  contact 0.81  (15 outer, 772 pcg, 4465s)
step 161 uz 0.8450 Fz    -670.3 N  dmg   8.10%  maxVM  34.94  slip C4/C3 0.0059/0.0621  tilt -2.119/+0.529  contact 0.64  (15 outer, 653 pcg, 4471s)
step 184 uz 0.9600 Fz    -672.8 N  dmg   7.52%  maxVM  34.06  slip C4/C3 0.0115/0.1307  tilt -2.966/+0.535  contact 0.81  (15 outer, 787 pcg, 4473s)
step 185 uz 0.9650 Fz    -678.7 N  dmg   7.52%  maxVM  34.18  slip C4/C3 0.0116/0.1311  tilt -2.978/+0.538  contact 0.81  (15 outer, 674 pcg, 4479s)
step 186 uz 0.9700 Fz    -673.1 N  dmg   7.52%  maxVM  34.46  slip C4/C3 0.0116/0.1315  tilt -2.991/+0.542  contact 0.81  (15 outer, 813 pcg, 4487s)
step  40 extension 10.00 deg  load    910.02 Nmm  Fz  -100.7  dmg  1.96%  maxVM  34.12  slip C4/C3 0.0093/0.1325  contact 0.22 (15 outer, 1190s)
{"design": "B_tread", "mode": "extension", "dof": 3, "stop_reason": "imposed limit reached", "preload_N": 100.0, "max_imposed": 0.1745329251994331, "max_imposed_unit": "rad", "max_load": 952.1134434653287, "load_unit": "Nmm", "load_at_endpoint": 910.0186199068754, "final_damage": 0.019580628311320052, "final_slip": 0.13250672730327606, "max_vm": 34.97955447671737, "steps": 40, "wall_s": 1189.6983387470245}
[gpu_pool] pid 1907006 cuda:2(GPU7) done ('sixdof', 'B_tread', 'extension') 1190.3s
=== Test 3 6-DOF A_smooth lat_bend_pos: preload 100.0 N (force), dof 4 displacement-controlled, device cuda:2
step 162 uz 0.8500 Fz    -645.7 N  dmg   8.11%  maxVM  34.95  slip C4/C3 0.0059/0.0630  tilt -2.133/+0.534  contact 0.64  (15 outer, 745 pcg, 4491s)
step 187 uz 0.9750 Fz    -678.0 N  dmg   7.52%  maxVM  34.58  slip C4/C3 0.0116/0.1319  tilt -3.004/+0.546  contact 0.81  (15 outer, 798 pcg, 4494s)
   preload secant 0: Uz 0.00833 mm -> Fz -104.66 N
step 188 uz 0.9800 Fz    -687.9 N  dmg   7.52%  maxVM  34.72  slip C4/C3 0.0116/0.1324  tilt -3.017/+0.549  contact 0.81  (15 outer, 727 pcg, 4501s)
step 163 uz 0.8550 Fz    -648.7 N  dmg   8.12%  maxVM  34.80  slip C4/C3 0.0060/0.0636  tilt -2.147/+0.539  contact 0.64  (15 outer, 706 pcg, 4507s)
   preload secant 1: Uz 0.00794 mm -> Fz -93.34 N
step 189 uz 0.9850 Fz    -676.7 N  dmg   7.52%  maxVM  34.21  slip C4/C3 0.0116/0.1330  tilt -3.031/+0.555  contact 0.81  (15 outer, 823 pcg, 4512s)
   preload secant 2: Uz 0.00817 mm -> Fz -92.64 N
step 164 uz 0.8600 Fz    -662.7 N  dmg   8.12%  maxVM  34.98  slip C4/C3 0.0060/0.0640  tilt -2.159/+0.542  contact 0.64  (15 outer, 687 pcg, 4516s)
step 190 uz 0.9900 Fz    -682.4 N  dmg   7.52%  maxVM  34.34  slip C4/C3 0.0117/0.1334  tilt -3.043/+0.558  contact 0.81  (15 outer, 783 pcg, 4520s)
   preload secant 3: Uz 0.01553 mm -> Fz -185.02 N
step 191 uz 0.9950 Fz    -694.1 N  dmg   7.52%  maxVM  34.50  slip C4/C3 0.0117/0.1338  tilt -3.056/+0.561  contact 0.81  (15 outer, 759 pcg, 4527s)
   preload secant 4: Uz 0.00876 mm -> Fz -98.35 N
step 165 uz 0.8650 Fz    -679.3 N  dmg   8.12%  maxVM  34.82  slip C4/C3 0.0060/0.0646  tilt -2.172/+0.545  contact 0.64  (15 outer, 644 pcg, 4528s)
step 166 uz 0.8700 Fz    -680.5 N  dmg   8.12%  maxVM  34.34  slip C4/C3 0.0060/0.0650  tilt -2.184/+0.547  contact 0.64  (15 outer, 689 pcg, 4535s)
step 192 uz 1.0000 Fz    -692.4 N  dmg   7.53%  maxVM  34.69  slip C4/C3 0.0117/0.1344  tilt -3.069/+0.566  contact 0.81  (15 outer, 798 pcg, 4538s)
step 167 uz 0.8750 Fz    -659.2 N  dmg   8.12%  maxVM  34.80  slip C4/C3 0.0060/0.0652  tilt -2.196/+0.551  contact 0.64  (15 outer, 644 pcg, 4541s)
step 193 uz 1.0050 Fz    -705.8 N  dmg   7.53%  maxVM  34.84  slip C4/C3 0.0117/0.1349  tilt -3.082/+0.569  contact 0.81  (15 outer, 690 pcg, 4545s)
step 194 uz 1.0100 Fz    -705.7 N  dmg   7.53%  maxVM  34.98  slip C4/C3 0.0118/0.1353  tilt -3.095/+0.573  contact 0.81  (15 outer, 798 pcg, 4552s)
step 168 uz 0.8800 Fz    -672.7 N  dmg   8.13%  maxVM  34.79  slip C4/C3 0.0060/0.0657  tilt -2.210/+0.554  contact 0.64  (15 outer, 696 pcg, 4554s)
step 169 uz 0.8850 Fz    -696.3 N  dmg   8.13%  maxVM  34.96  slip C4/C3 0.0061/0.0660  tilt -2.222/+0.557  contact 0.64  (15 outer, 741 pcg, 4562s)
step 195 uz 1.0150 Fz    -695.4 N  dmg   7.53%  maxVM  33.65  slip C4/C3 0.0118/0.1362  tilt -3.109/+0.578  contact 0.81  (15 outer, 703 pcg, 4565s)
step 170 uz 0.8900 Fz    -681.8 N  dmg   8.13%  maxVM  34.99  slip C4/C3 0.0061/0.0666  tilt -2.236/+0.561  contact 0.64  (15 outer, 707 pcg, 4574s)
step 196 uz 1.0200 Fz    -706.3 N  dmg   7.53%  maxVM  34.47  slip C4/C3 0.0118/0.1368  tilt -3.123/+0.582  contact 0.81  (15 outer, 725 pcg, 4576s)
step 197 uz 1.0250 Fz    -711.5 N  dmg   7.53%  maxVM  34.85  slip C4/C3 0.0118/0.1373  tilt -3.136/+0.585  contact 0.81  (15 outer, 784 pcg, 4583s)
step 171 uz 0.8950 Fz    -679.7 N  dmg   8.13%  maxVM  34.89  slip C4/C3 0.0061/0.0670  tilt -2.249/+0.564  contact 0.64  (15 outer, 597 pcg, 4584s)
step 172 uz 0.9000 Fz    -686.6 N  dmg   8.14%  maxVM  34.64  slip C4/C3 0.0061/0.0675  tilt -2.263/+0.567  contact 0.64  (15 outer, 662 pcg, 4597s)
step 198 uz 1.0300 Fz    -704.2 N  dmg   7.53%  maxVM  34.08  slip C4/C3 0.0119/0.1382  tilt -3.151/+0.590  contact 0.81  (15 outer, 719 pcg, 4597s)
step 199 uz 1.0350 Fz    -733.1 N  dmg   7.53%  maxVM  34.30  slip C4/C3 0.0119/0.1386  tilt -3.164/+0.594  contact 0.81  (15 outer, 677 pcg, 4603s)
step 173 uz 0.9050 Fz    -689.5 N  dmg   8.14%  maxVM  34.84  slip C4/C3 0.0061/0.0680  tilt -2.276/+0.570  contact 0.64  (15 outer, 641 pcg, 4606s)
step 200 uz 1.0400 Fz    -720.8 N  dmg   7.53%  maxVM  34.47  slip C4/C3 0.0119/0.1390  tilt -3.177/+0.597  contact 0.81  (15 outer, 764 pcg, 4611s)
step 174 uz 0.9100 Fz    -715.2 N  dmg   8.14%  maxVM  34.99  slip C4/C3 0.0061/0.0683  tilt -2.289/+0.573  contact 0.64  (15 outer, 626 pcg, 4612s)
step 201 uz 1.0450 Fz    -734.7 N  dmg   7.53%  maxVM  34.60  slip C4/C3 0.0119/0.1395  tilt -3.189/+0.599  contact 0.81  (15 outer, 531 pcg, 4616s)
step 175 uz 0.9150 Fz    -699.4 N  dmg   8.14%  maxVM  34.70  slip C4/C3 0.0062/0.0687  tilt -2.303/+0.577  contact 0.64  (15 outer, 742 pcg, 4625s)
step 202 uz 1.0500 Fz    -725.3 N  dmg   7.54%  maxVM  32.93  slip C4/C3 0.0119/0.1403  tilt -3.204/+0.602  contact 0.81  (15 outer, 741 pcg, 4626s)
step 176 uz 0.9200 Fz    -722.2 N  dmg   8.14%  maxVM  34.89  slip C4/C3 0.0062/0.0692  tilt -2.315/+0.579  contact 0.64  (15 outer, 679 pcg, 4631s)
step 203 uz 1.0550 Fz    -749.0 N  dmg   7.54%  maxVM  32.62  slip C4/C3 0.0120/0.1407  tilt -3.217/+0.605  contact 0.81  (15 outer, 708 pcg, 4633s)
step 204 uz 1.0600 Fz    -725.3 N  dmg   7.54%  maxVM  33.73  slip C4/C3 0.0120/0.1410  tilt -3.229/+0.608  contact 0.81  (15 outer, 758 pcg, 4640s)
step 177 uz 0.9250 Fz    -704.2 N  dmg   8.15%  maxVM  34.83  slip C4/C3 0.0062/0.0695  tilt -2.328/+0.583  contact 0.64  (15 outer, 738 pcg, 4641s)
step 205 uz 1.0650 Fz    -736.9 N  dmg   7.54%  maxVM  32.87  slip C4/C3 0.0120/0.1417  tilt -3.243/+0.612  contact 0.81  (15 outer, 768 pcg, 4651s)
step 178 uz 0.9300 Fz    -704.5 N  dmg   8.15%  maxVM  34.28  slip C4/C3 0.0062/0.0701  tilt -2.341/+0.587  contact 0.64  (15 outer, 580 pcg, 4652s)
step 206 uz 1.0700 Fz    -754.5 N  dmg   7.54%  maxVM  33.01  slip C4/C3 0.0120/0.1422  tilt -3.256/+0.615  contact 0.81  (15 outer, 721 pcg, 4657s)
step 179 uz 0.9350 Fz    -726.7 N  dmg   8.15%  maxVM  34.52  slip C4/C3 0.0062/0.0706  tilt -2.354/+0.590  contact 0.64  (15 outer, 637 pcg, 4659s)
step 207 uz 1.0750 Fz    -754.1 N  dmg   7.54%  maxVM  33.15  slip C4/C3 0.0120/0.1426  tilt -3.268/+0.619  contact 0.81  (15 outer, 740 pcg, 4664s)
step 180 uz 0.9400 Fz    -723.0 N  dmg   8.15%  maxVM  34.71  slip C4/C3 0.0062/0.0706  tilt -2.365/+0.591  contact 0.64  (15 outer, 628 pcg, 4665s)
step 181 uz 0.9450 Fz    -718.4 N  dmg   8.15%  maxVM  34.91  slip C4/C3 0.0063/0.0710  tilt -2.377/+0.594  contact 0.64  (15 outer, 621 pcg, 4673s)
step 208 uz 1.0800 Fz    -745.4 N  dmg   7.54%  maxVM  33.29  slip C4/C3 0.0121/0.1434  tilt -3.283/+0.624  contact 0.81  (15 outer, 806 pcg, 4675s)
step 182 uz 0.9500 Fz    -742.1 N  dmg   8.15%  maxVM  34.99  slip C4/C3 0.0063/0.0713  tilt -2.389/+0.595  contact 0.64  (15 outer, 538 pcg, 4678s)
   preload done: Fz -100.00 N, Uz -0.00906 mm
step 209 uz 1.0850 Fz    -757.5 N  dmg   7.54%  maxVM  34.06  slip C4/C3 0.0121/0.1439  tilt -3.296/+0.627  contact 0.81  (15 outer, 740 pcg, 4683s)
step 210 uz 1.0900 Fz    -750.9 N  dmg   7.54%  maxVM  34.65  slip C4/C3 0.0121/0.1443  tilt -3.309/+0.630  contact 0.81  (15 outer, 781 pcg, 4690s)
step 183 uz 0.9550 Fz    -732.0 N  dmg   8.16%  maxVM  34.69  slip C4/C3 0.0063/0.0719  tilt -2.400/+0.597  contact 0.65  (15 outer, 735 pcg, 4691s)
step 184 uz 0.9600 Fz    -748.7 N  dmg   8.16%  maxVM  34.79  slip C4/C3 0.0063/0.0723  tilt -2.413/+0.600  contact 0.64  (15 outer, 689 pcg, 4698s)
step 211 uz 1.0950 Fz    -753.2 N  dmg   7.54%  maxVM  34.16  slip C4/C3 0.0121/0.1451  tilt -3.324/+0.634  contact 0.81  (15 outer, 733 pcg, 4701s)
step 212 uz 1.1000 Fz    -768.9 N  dmg   7.54%  maxVM  34.37  slip C4/C3 0.0122/0.1455  tilt -3.338/+0.638  contact 0.81  (15 outer, 799 pcg, 4708s)
step 213 uz 1.1050 Fz    -774.5 N  dmg   7.54%  maxVM  34.46  slip C4/C3 0.0122/0.1461  tilt -3.351/+0.641  contact 0.81  (15 outer, 716 pcg, 4715s)
step 185 uz 0.9650 Fz    -729.7 N  dmg   8.17%  maxVM  34.91  slip C4/C3 0.0063/0.0734  tilt -2.429/+0.605  contact 0.64  (15 outer, 760 pcg, 4724s)
step   1 lat_bend_pos 0.25 deg  load    910.61 Nmm  Fz  -100.0  dmg  0.00%  maxVM   9.31  slip C4/C3 0.0004/0.0033  contact 0.34 (7 outer, 240s)
step 214 uz 1.1100 Fz    -753.9 N  dmg   7.55%  maxVM  32.63  slip C4/C3 0.0122/0.1472  tilt -3.368/+0.647  contact 0.81  (15 outer, 841 pcg, 4734s)
step 186 uz 0.9700 Fz    -726.8 N  dmg   8.18%  maxVM  34.91  slip C4/C3 0.0063/0.0739  tilt -2.444/+0.609  contact 0.64  (15 outer, 594 pcg, 4736s)
step 215 uz 1.1150 Fz    -777.2 N  dmg   7.55%  maxVM  32.77  slip C4/C3 0.0122/0.1477  tilt -3.382/+0.651  contact 0.81  (15 outer, 794 pcg, 4741s)
step 187 uz 0.9750 Fz    -752.9 N  dmg   8.18%  maxVM  34.61  slip C4/C3 0.0064/0.0745  tilt -2.457/+0.612  contact 0.64  (15 outer, 673 pcg, 4748s)
step 216 uz 1.1200 Fz    -780.3 N  dmg   7.55%  maxVM  32.92  slip C4/C3 0.0123/0.1482  tilt -3.395/+0.654  contact 0.81  (15 outer, 748 pcg, 4748s)
step   2 lat_bend_pos 0.50 deg  load   1023.92 Nmm  Fz  -100.1  dmg  0.00%  maxVM  12.71  slip C4/C3 0.0003/0.0093  contact 0.26 (4 outer, 264s)
step 188 uz 0.9800 Fz    -745.8 N  dmg   8.18%  maxVM  34.82  slip C4/C3 0.0064/0.0747  tilt -2.470/+0.615  contact 0.65  (15 outer, 554 pcg, 4753s)
step 217 uz 1.1250 Fz    -780.0 N  dmg   7.55%  maxVM  33.10  slip C4/C3 0.0123/0.1489  tilt -3.409/+0.659  contact 0.81  (15 outer, 769 pcg, 4759s)
step 189 uz 0.9850 Fz    -767.9 N  dmg   8.18%  maxVM  34.96  slip C4/C3 0.0064/0.0751  tilt -2.482/+0.617  contact 0.64  (15 outer, 648 pcg, 4760s)
step 218 uz 1.1300 Fz    -777.7 N  dmg   7.56%  maxVM  33.53  slip C4/C3 0.0123/0.1496  tilt -3.424/+0.663  contact 0.81  (15 outer, 721 pcg, 4770s)
step   3 lat_bend_pos 0.75 deg  load   1048.71 Nmm  Fz  -100.0  dmg  0.00%  maxVM  14.26  slip C4/C3 0.0001/0.0190  contact 0.21 (4 outer, 282s)
step 219 uz 1.1350 Fz    -806.0 N  dmg   7.56%  maxVM  33.69  slip C4/C3 0.0123/0.1502  tilt -3.437/+0.667  contact 0.81  (15 outer, 672 pcg, 4776s)
step 190 uz 0.9900 Fz    -763.0 N  dmg   8.19%  maxVM  34.96  slip C4/C3 0.0064/0.0758  tilt -2.495/+0.621  contact 0.65  (15 outer, 623 pcg, 4778s)
step 220 uz 1.1400 Fz    -797.7 N  dmg   7.56%  maxVM  33.83  slip C4/C3 0.0123/0.1507  tilt -3.451/+0.670  contact 0.81  (15 outer, 785 pcg, 4784s)
step   4 lat_bend_pos 1.00 deg  load   1046.76 Nmm  Fz  -100.1  dmg  0.00%  maxVM  15.28  slip C4/C3 0.0014/0.0281  contact 0.19 (3 outer, 300s)
step 221 uz 1.1450 Fz    -801.3 N  dmg   7.56%  maxVM  34.00  slip C4/C3 0.0124/0.1511  tilt -3.464/+0.673  contact 0.81  (15 outer, 701 pcg, 4790s)
step 222 uz 1.1500 Fz    -818.5 N  dmg   7.56%  maxVM  34.16  slip C4/C3 0.0124/0.1517  tilt -3.478/+0.676  contact 0.81  (15 outer, 680 pcg, 4797s)
step   5 lat_bend_pos 1.25 deg  load   1060.92 Nmm  Fz  -100.1  dmg  0.00%  maxVM  16.48  slip C4/C3 0.0026/0.0377  contact 0.17 (2 outer, 316s)
step 223 uz 1.1550 Fz    -798.7 N  dmg   7.56%  maxVM  33.94  slip C4/C3 0.0124/0.1524  tilt -3.493/+0.681  contact 0.81  (15 outer, 755 pcg, 4808s)
/raid/jupyter-alz.ee09/projects/claude-work/biocage stimulation test 1/scripts/run_tests.py:54: RuntimeWarning: overflow encountered in cast
  dmg=(m.cage.dmg[P] < 0.5).cpu().numpy(), p=pr[pl].astype(np.float16), st=st[pl]))
step 224 uz 1.1600 Fz    -818.4 N  dmg   7.56%  maxVM  34.24  slip C4/C3 0.0124/0.1529  tilt -3.506/+0.684  contact 0.81  (15 outer, 719 pcg, 4815s)
step   6 lat_bend_pos 1.50 deg  load   1069.96 Nmm  Fz  -100.1  dmg  0.00%  maxVM  17.57  slip C4/C3 0.0038/0.0474  contact 0.15 (2 outer, 332s)
step 225 uz 1.1650 Fz    -818.3 N  dmg   7.56%  maxVM  34.46  slip C4/C3 0.0125/0.1535  tilt -3.519/+0.687  contact 0.81  (15 outer, 709 pcg, 4822s)
step   7 lat_bend_pos 1.75 deg  load   1061.38 Nmm  Fz  -100.2  dmg  0.00%  maxVM  18.50  slip C4/C3 0.0058/0.0575  contact 0.14 (3 outer, 348s)
step 226 uz 1.1700 Fz    -794.8 N  dmg   7.57%  maxVM  34.55  slip C4/C3 0.0125/0.1546  tilt -3.537/+0.693  contact 0.81  (15 outer, 782 pcg, 4840s)
step 191 uz 0.9950 Fz    -740.9 N  dmg   8.30%  maxVM  36.53  slip C4/C3 0.0065/0.0790  tilt -2.511/+0.622  contact 0.64  (15 outer, 672 pcg, 4841s)
step 227 uz 1.1750 Fz    -823.3 N  dmg   7.57%  maxVM  34.96  slip C4/C3 0.0125/0.1552  tilt -3.550/+0.697  contact 0.81  (15 outer, 696 pcg, 4846s)
step   8 lat_bend_pos 2.00 deg  load   1075.42 Nmm  Fz  -100.2  dmg  0.00%  maxVM  19.42  slip C4/C3 0.0068/0.0671  contact 0.13 (2 outer, 363s)
step 228 uz 1.1800 Fz    -806.3 N  dmg   7.57%  maxVM  34.56  slip C4/C3 0.0125/0.1559  tilt -3.565/+0.702  contact 0.81  (15 outer, 791 pcg, 4857s)
step 229 uz 1.1850 Fz    -828.6 N  dmg   7.57%  maxVM  34.73  slip C4/C3 0.0126/0.1563  tilt -3.579/+0.705  contact 0.81  (15 outer, 741 pcg, 4864s)
step   9 lat_bend_pos 2.25 deg  load   1089.63 Nmm  Fz  -100.2  dmg  0.00%  maxVM  20.25  slip C4/C3 0.0044/0.0759  contact 0.12 (4 outer, 380s)
step 230 uz 1.1900 Fz    -815.0 N  dmg   7.57%  maxVM  34.92  slip C4/C3 0.0126/0.1571  tilt -3.595/+0.709  contact 0.81  (15 outer, 739 pcg, 4875s)
step 231 uz 1.1950 Fz    -817.2 N  dmg   7.57%  maxVM  34.62  slip C4/C3 0.0126/0.1579  tilt -3.611/+0.713  contact 0.81  (15 outer, 746 pcg, 4886s)
step 232 uz 1.2000 Fz    -831.7 N  dmg   7.57%  maxVM  34.60  slip C4/C3 0.0126/0.1584  tilt -3.625/+0.718  contact 0.81  (15 outer, 800 pcg, 4893s)
step  10 lat_bend_pos 2.50 deg  load   1060.82 Nmm  Fz  -100.3  dmg  0.00%  maxVM  21.32  slip C4/C3 0.0028/0.0855  contact 0.11 (9 outer, 410s)
step 233 uz 1.2050 Fz    -845.2 N  dmg   7.57%  maxVM  34.75  slip C4/C3 0.0126/0.1590  tilt -3.639/+0.721  contact 0.81  (15 outer, 717 pcg, 4900s)
step 234 uz 1.2100 Fz    -840.8 N  dmg   7.57%  maxVM  34.78  slip C4/C3 0.0127/0.1594  tilt -3.653/+0.724  contact 0.81  (15 outer, 712 pcg, 4907s)
step  11 lat_bend_pos 2.75 deg  load   1123.59 Nmm  Fz  -100.3  dmg  0.00%  maxVM  22.39  slip C4/C3 0.0050/0.0981  contact 0.12 (3 outer, 425s)
step 235 uz 1.2150 Fz    -847.9 N  dmg   7.57%  maxVM  34.82  slip C4/C3 0.0127/0.1598  tilt -3.667/+0.727  contact 0.81  (15 outer, 776 pcg, 4914s)
step 236 uz 1.2200 Fz    -857.9 N  dmg   7.57%  maxVM  34.91  slip C4/C3 0.0127/0.1604  tilt -3.681/+0.731  contact 0.81  (15 outer, 738 pcg, 4921s)
step  12 lat_bend_pos 3.00 deg  load   1106.86 Nmm  Fz  -100.3  dmg  0.00%  maxVM  22.98  slip C4/C3 0.0055/0.1078  contact 0.10 (4 outer, 442s)
step 237 uz 1.2250 Fz    -844.6 N  dmg   7.57%  maxVM  34.77  slip C4/C3 0.0127/0.1611  tilt -3.696/+0.735  contact 0.81  (15 outer, 717 pcg, 4931s)
step 192 uz 1.0000 Fz    -629.7 N  dmg  10.53%  maxVM  62.72  slip C4/C3 0.0075/0.0840  tilt -2.744/+1.205  contact 0.62  (15 outer, 518 pcg, 4941s)
step 238 uz 1.2300 Fz    -844.0 N  dmg   7.57%  maxVM  34.73  slip C4/C3 0.0128/0.1620  tilt -3.712/+0.740  contact 0.81  (15 outer, 758 pcg, 4941s)
step  13 lat_bend_pos 3.25 deg  load   1079.77 Nmm  Fz  -100.2  dmg  0.00%  maxVM  24.06  slip C4/C3 0.0025/0.1173  contact 0.09 (11 outer, 471s)
step 239 uz 1.2350 Fz    -830.2 N  dmg   7.59%  maxVM  34.86  slip C4/C3 0.0128/0.1642  tilt -3.735/+0.749  contact 0.81  (15 outer, 731 pcg, 4969s)
step  14 lat_bend_pos 3.50 deg  load   1104.45 Nmm  Fz  -100.4  dmg  0.00%  maxVM  24.60  slip C4/C3 0.0042/0.1283  contact 0.11 (3 outer, 487s)
step 240 uz 1.2400 Fz    -857.5 N  dmg   7.59%  maxVM  34.99  slip C4/C3 0.0128/0.1646  tilt -3.750/+0.752  contact 0.81  (15 outer, 727 pcg, 4976s)
step  15 lat_bend_pos 3.75 deg  load   1132.36 Nmm  Fz  -100.3  dmg  0.00%  maxVM  25.36  slip C4/C3 0.0044/0.1402  contact 0.09 (4 outer, 502s)
step 241 uz 1.2450 Fz    -835.1 N  dmg   7.60%  maxVM  34.56  slip C4/C3 0.0129/0.1660  tilt -3.769/+0.757  contact 0.81  (15 outer, 736 pcg, 4993s)
step 242 uz 1.2500 Fz    -851.7 N  dmg   7.60%  maxVM  34.79  slip C4/C3 0.0129/0.1668  tilt -3.785/+0.760  contact 0.81  (15 outer, 704 pcg, 5002s)
step 193 uz 1.0050 Fz    -595.9 N  dmg  11.31%  maxVM  34.41  slip C4/C3 0.0076/0.0849  tilt -2.617/+1.873  contact 0.61  (15 outer, 1115 pcg, 5004s)
step 194 uz 1.0100 Fz    -640.8 N  dmg  11.31%  maxVM  34.35  slip C4/C3 0.0077/0.0852  tilt -2.625/+1.875  contact 0.61  (15 outer, 781 pcg, 5012s)
step 243 uz 1.2550 Fz    -850.1 N  dmg   7.60%  maxVM  34.47  slip C4/C3 0.0129/0.1676  tilt -3.802/+0.764  contact 0.81  (15 outer, 789 pcg, 5013s)
step  16 lat_bend_pos 4.00 deg  load   1080.11 Nmm  Fz  -100.4  dmg  0.00%  maxVM  26.01  slip C4/C3 0.0024/0.1511  contact 0.08 (11 outer, 529s)
step 195 uz 1.0150 Fz    -642.0 N  dmg  11.31%  maxVM  34.76  slip C4/C3 0.0077/0.0854  tilt -2.634/+1.878  contact 0.61  (15 outer, 710 pcg, 5019s)
step 244 uz 1.2600 Fz    -848.7 N  dmg   7.61%  maxVM  34.64  slip C4/C3 0.0129/0.1684  tilt -3.819/+0.767  contact 0.81  (15 outer, 788 pcg, 5024s)
step 196 uz 1.0200 Fz    -631.0 N  dmg  11.31%  maxVM  34.61  slip C4/C3 0.0077/0.0856  tilt -2.643/+1.881  contact 0.61  (15 outer, 800 pcg, 5026s)
step  17 lat_bend_pos 4.25 deg  load   1115.91 Nmm  Fz  -100.4  dmg  0.00%  maxVM  26.81  slip C4/C3 0.0055/0.1622  contact 0.09 (3 outer, 545s)
step 197 uz 1.0250 Fz    -652.5 N  dmg  11.31%  maxVM  34.95  slip C4/C3 0.0078/0.0857  tilt -2.652/+1.883  contact 0.61  (15 outer, 737 pcg, 5033s)
step 245 uz 1.2650 Fz    -861.5 N  dmg   7.61%  maxVM  34.26  slip C4/C3 0.0129/0.1692  tilt -3.835/+0.770  contact 0.81  (15 outer, 745 pcg, 5035s)
step 198 uz 1.0300 Fz    -652.1 N  dmg  11.31%  maxVM  34.84  slip C4/C3 0.0078/0.0860  tilt -2.661/+1.886  contact 0.61  (15 outer, 716 pcg, 5040s)
step 246 uz 1.2700 Fz    -877.2 N  dmg   7.61%  maxVM  34.34  slip C4/C3 0.0130/0.1697  tilt -3.849/+0.773  contact 0.81  (15 outer, 729 pcg, 5042s)
step  18 lat_bend_pos 4.50 deg  load   1113.39 Nmm  Fz  -100.5  dmg  0.00%  maxVM  27.34  slip C4/C3 0.0029/0.1739  contact 0.08 (5 outer, 561s)
step 247 uz 1.2750 Fz    -878.5 N  dmg   7.61%  maxVM  34.54  slip C4/C3 0.0130/0.1703  tilt -3.864/+0.777  contact 0.81  (15 outer, 793 pcg, 5050s)
step 199 uz 1.0350 Fz    -654.7 N  dmg  11.31%  maxVM  34.94  slip C4/C3 0.0078/0.0864  tilt -2.669/+1.886  contact 0.61  (15 outer, 759 pcg, 5056s)
step 248 uz 1.2800 Fz    -874.7 N  dmg   7.61%  maxVM  34.89  slip C4/C3 0.0130/0.1708  tilt -3.879/+0.779  contact 0.81  (15 outer, 699 pcg, 5056s)
step 200 uz 1.0400 Fz    -665.3 N  dmg  11.31%  maxVM  34.89  slip C4/C3 0.0078/0.0865  tilt -2.679/+1.889  contact 0.61  (15 outer, 723 pcg, 5063s)
step 249 uz 1.2850 Fz    -868.0 N  dmg   7.61%  maxVM  34.86  slip C4/C3 0.0130/0.1717  tilt -3.895/+0.782  contact 0.81  (15 outer, 713 pcg, 5066s)
step  19 lat_bend_pos 4.75 deg  load   1122.75 Nmm  Fz  -100.3  dmg  0.00%  maxVM  28.08  slip C4/C3 0.0042/0.1859  contact 0.08 (7 outer, 580s)
step 201 uz 1.0450 Fz    -675.4 N  dmg  11.31%  maxVM  34.32  slip C4/C3 0.0078/0.0867  tilt -2.688/+1.891  contact 0.61  (15 outer, 728 pcg, 5073s)
step 250 uz 1.2900 Fz    -873.1 N  dmg   7.61%  maxVM  34.88  slip C4/C3 0.0131/0.1724  tilt -3.912/+0.786  contact 0.81  (15 outer, 741 pcg, 5076s)
step 202 uz 1.0500 Fz    -666.3 N  dmg  11.31%  maxVM  34.55  slip C4/C3 0.0078/0.0869  tilt -2.698/+1.895  contact 0.62  (15 outer, 720 pcg, 5080s)
step  20 lat_bend_pos 5.00 deg  load   1105.81 Nmm  Fz  -100.5  dmg  0.00%  maxVM  28.77  slip C4/C3 0.0050/0.1973  contact 0.08 (6 outer, 598s)
step 251 uz 1.2950 Fz    -873.5 N  dmg   7.61%  maxVM  34.88  slip C4/C3 0.0131/0.1733  tilt -3.929/+0.790  contact 0.81  (15 outer, 769 pcg, 5087s)
step 203 uz 1.0550 Fz    -652.7 N  dmg  11.31%  maxVM  34.58  slip C4/C3 0.0079/0.0871  tilt -2.707/+1.898  contact 0.61  (15 outer, 734 pcg, 5087s)
step 252 uz 1.3000 Fz    -896.3 N  dmg   7.61%  maxVM  34.99  slip C4/C3 0.0131/0.1738  tilt -3.944/+0.793  contact 0.81  (15 outer, 683 pcg, 5093s)
step 204 uz 1.0600 Fz    -669.9 N  dmg  11.31%  maxVM  34.54  slip C4/C3 0.0079/0.0873  tilt -2.717/+1.901  contact 0.62  (15 outer, 668 pcg, 5093s)
step 205 uz 1.0650 Fz    -685.0 N  dmg  11.31%  maxVM  34.40  slip C4/C3 0.0079/0.0875  tilt -2.727/+1.904  contact 0.61  (15 outer, 646 pcg, 5100s)
step  21 lat_bend_pos 5.25 deg  load   1088.64 Nmm  Fz  -100.4  dmg  0.00%  maxVM  29.73  slip C4/C3 0.0045/0.2095  contact 0.07 (10 outer, 618s)
step 253 uz 1.3050 Fz    -873.3 N  dmg   7.62%  maxVM  34.73  slip C4/C3 0.0131/0.1749  tilt -3.963/+0.796  contact 0.81  (15 outer, 723 pcg, 5107s)
step 206 uz 1.0700 Fz    -684.2 N  dmg  11.31%  maxVM  34.81  slip C4/C3 0.0079/0.0876  tilt -2.738/+1.907  contact 0.62  (15 outer, 738 pcg, 5107s)
step 254 uz 1.3100 Fz    -906.4 N  dmg   7.62%  maxVM  34.99  slip C4/C3 0.0132/0.1754  tilt -3.976/+0.798  contact 0.81  (15 outer, 659 pcg, 5113s)
step  22 lat_bend_pos 5.50 deg  load   1138.82 Nmm  Fz  -100.5  dmg  0.00%  maxVM  30.32  slip C4/C3 0.0077/0.2205  contact 0.08 (3 outer, 629s)
step 207 uz 1.0750 Fz    -684.6 N  dmg  11.32%  maxVM  34.49  slip C4/C3 0.0079/0.0881  tilt -2.747/+1.909  contact 0.62  (15 outer, 683 pcg, 5120s)
step  23 lat_bend_pos 5.75 deg  load   1105.76 Nmm  Fz  -100.8  dmg  0.00%  maxVM  31.59  slip C4/C3 0.0089/0.2331  contact 0.07 (2 outer, 639s)
step 208 uz 1.0800 Fz    -693.3 N  dmg  11.32%  maxVM  34.59  slip C4/C3 0.0079/0.0882  tilt -2.758/+1.911  contact 0.62  (15 outer, 751 pcg, 5127s)
step 255 uz 1.3150 Fz    -883.7 N  dmg   7.62%  maxVM  35.00  slip C4/C3 0.0132/0.1769  tilt -3.994/+0.801  contact 0.81  (15 outer, 664 pcg, 5129s)
step 209 uz 1.0850 Fz    -702.4 N  dmg  11.32%  maxVM  34.77  slip C4/C3 0.0079/0.0885  tilt -2.769/+1.913  contact 0.62  (15 outer, 709 pcg, 5134s)
step  24 lat_bend_pos 6.00 deg  load   1139.61 Nmm  Fz  -100.5  dmg  0.00%  maxVM  32.39  slip C4/C3 0.0088/0.2449  contact 0.08 (3 outer, 648s)
step 210 uz 1.0900 Fz    -689.2 N  dmg  11.32%  maxVM  34.84  slip C4/C3 0.0079/0.0887  tilt -2.779/+1.917  contact 0.62  (15 outer, 732 pcg, 5144s)
step  25 lat_bend_pos 6.25 deg  load   1131.87 Nmm  Fz  -100.6  dmg  0.00%  maxVM  33.43  slip C4/C3 0.0083/0.2569  contact 0.07 (3 outer, 657s)
step 256 uz 1.3200 Fz    -867.4 N  dmg   7.64%  maxVM  34.78  slip C4/C3 0.0132/0.1787  tilt -4.015/+0.805  contact 0.81  (15 outer, 721 pcg, 5150s)
step 211 uz 1.0950 Fz    -703.9 N  dmg  11.32%  maxVM  34.94  slip C4/C3 0.0079/0.0889  tilt -2.789/+1.919  contact 0.62  (15 outer, 739 pcg, 5151s)
step  26 lat_bend_pos 6.50 deg  load   1134.07 Nmm  Fz  -100.6  dmg  0.00%  maxVM  34.42  slip C4/C3 0.0096/0.2679  contact 0.07 (3 outer, 666s)
step 212 uz 1.1000 Fz    -701.2 N  dmg  11.32%  maxVM  34.29  slip C4/C3 0.0079/0.0892  tilt -2.800/+1.922  contact 0.62  (15 outer, 746 pcg, 5162s)
step 257 uz 1.3250 Fz    -873.9 N  dmg   7.64%  maxVM  34.05  slip C4/C3 0.0132/0.1799  tilt -4.035/+0.808  contact 0.81  (15 outer, 750 pcg, 5164s)
step 213 uz 1.1050 Fz    -719.9 N  dmg  11.32%  maxVM  34.31  slip C4/C3 0.0079/0.0896  tilt -2.811/+1.924  contact 0.62  (15 outer, 751 pcg, 5169s)
step 258 uz 1.3300 Fz    -903.4 N  dmg   7.64%  maxVM  34.23  slip C4/C3 0.0133/0.1802  tilt -4.050/+0.810  contact 0.81  (15 outer, 664 pcg, 5170s)
step 214 uz 1.1100 Fz    -673.0 N  dmg  11.32%  maxVM  34.44  slip C4/C3 0.0079/0.0897  tilt -2.820/+1.929  contact 0.62  (15 outer, 720 pcg, 5176s)
step 259 uz 1.3350 Fz    -898.4 N  dmg   7.64%  maxVM  34.36  slip C4/C3 0.0133/0.1809  tilt -4.066/+0.813  contact 0.81  (15 outer, 771 pcg, 5177s)
step 215 uz 1.1150 Fz    -695.1 N  dmg  11.32%  maxVM  34.53  slip C4/C3 0.0080/0.0899  tilt -2.830/+1.934  contact 0.62  (15 outer, 777 pcg, 5183s)
step 260 uz 1.3400 Fz    -913.2 N  dmg   7.64%  maxVM  34.54  slip C4/C3 0.0133/0.1814  tilt -4.082/+0.816  contact 0.81  (15 outer, 710 pcg, 5184s)
step  27 lat_bend_pos 6.75 deg  load    872.78 Nmm  Fz  -100.6  dmg  0.01%  maxVM  34.98  slip C4/C3 0.0050/0.2838  contact 0.05 (4 outer, 697s)
step 261 uz 1.3450 Fz    -902.1 N  dmg   7.64%  maxVM  34.67  slip C4/C3 0.0133/0.1819  tilt -4.098/+0.818  contact 0.81  (15 outer, 767 pcg, 5191s)
step 216 uz 1.1200 Fz    -680.8 N  dmg  11.32%  maxVM  34.46  slip C4/C3 0.0080/0.0905  tilt -2.809/+2.121  contact 0.62  (15 outer, 1042 pcg, 5193s)
step 262 uz 1.3500 Fz    -921.4 N  dmg   7.64%  maxVM  34.83  slip C4/C3 0.0134/0.1824  tilt -4.112/+0.821  contact 0.81  (15 outer, 730 pcg, 5198s)
step 217 uz 1.1250 Fz    -709.7 N  dmg  11.32%  maxVM  34.75  slip C4/C3 0.0080/0.0907  tilt -2.820/+2.123  contact 0.62  (15 outer, 706 pcg, 5200s)
step 218 uz 1.1300 Fz    -720.3 N  dmg  11.32%  maxVM  34.86  slip C4/C3 0.0080/0.0909  tilt -2.830/+2.125  contact 0.63  (15 outer, 662 pcg, 5206s)
step 263 uz 1.3550 Fz    -891.8 N  dmg   7.65%  maxVM  34.91  slip C4/C3 0.0134/0.1838  tilt -4.133/+0.826  contact 0.81  (15 outer, 722 pcg, 5215s)
step 219 uz 1.1350 Fz    -720.8 N  dmg  11.32%  maxVM  34.85  slip C4/C3 0.0081/0.0913  tilt -2.840/+2.126  contact 0.63  (15 outer, 772 pcg, 5217s)
step 220 uz 1.1400 Fz    -708.8 N  dmg  11.32%  maxVM  34.97  slip C4/C3 0.0080/0.0914  tilt -2.851/+2.128  contact 0.63  (15 outer, 760 pcg, 5224s)
step 264 uz 1.3600 Fz    -905.0 N  dmg   7.65%  maxVM  34.92  slip C4/C3 0.0134/0.1846  tilt -4.150/+0.828  contact 0.81  (15 outer, 694 pcg, 5225s)
step 221 uz 1.1450 Fz    -728.6 N  dmg  11.32%  maxVM  34.95  slip C4/C3 0.0081/0.0917  tilt -2.862/+2.128  contact 0.62  (15 outer, 691 pcg, 5234s)
step 265 uz 1.3650 Fz    -914.4 N  dmg   7.65%  maxVM  34.51  slip C4/C3 0.0134/0.1856  tilt -4.167/+0.831  contact 0.81  (15 outer, 652 pcg, 5235s)
step 266 uz 1.3700 Fz    -932.0 N  dmg   7.65%  maxVM  34.90  slip C4/C3 0.0135/0.1860  tilt -4.182/+0.834  contact 0.81  (15 outer, 689 pcg, 5242s)
step 222 uz 1.1500 Fz    -734.1 N  dmg  11.32%  maxVM  34.64  slip C4/C3 0.0080/0.0921  tilt -2.872/+2.129  contact 0.63  (15 outer, 748 pcg, 5245s)
step 223 uz 1.1550 Fz    -743.3 N  dmg  11.32%  maxVM  34.79  slip C4/C3 0.0081/0.0924  tilt -2.882/+2.130  contact 0.63  (15 outer, 755 pcg, 5252s)
step 224 uz 1.1600 Fz    -746.0 N  dmg  11.32%  maxVM  34.96  slip C4/C3 0.0081/0.0926  tilt -2.893/+2.132  contact 0.63  (15 outer, 662 pcg, 5258s)
step 267 uz 1.3750 Fz    -904.8 N  dmg   7.66%  maxVM  34.89  slip C4/C3 0.0135/0.1876  tilt -4.204/+0.839  contact 0.81  (15 outer, 749 pcg, 5259s)
step 225 uz 1.1650 Fz    -746.6 N  dmg  11.33%  maxVM  34.77  slip C4/C3 0.0081/0.0929  tilt -2.904/+2.133  contact 0.63  (15 outer, 703 pcg, 5269s)
step 226 uz 1.1700 Fz    -751.9 N  dmg  11.33%  maxVM  34.96  slip C4/C3 0.0081/0.0930  tilt -2.915/+2.135  contact 0.63  (15 outer, 669 pcg, 5275s)
step 268 uz 1.3800 Fz    -901.8 N  dmg   7.67%  maxVM  33.95  slip C4/C3 0.0135/0.1891  tilt -4.226/+0.843  contact 0.81  (15 outer, 671 pcg, 5278s)
step 269 uz 1.3850 Fz    -944.9 N  dmg   7.67%  maxVM  34.47  slip C4/C3 0.0135/0.1898  tilt -4.240/+0.845  contact 0.81  (15 outer, 698 pcg, 5285s)
step 227 uz 1.1750 Fz    -739.9 N  dmg  11.35%  maxVM  34.30  slip C4/C3 0.0081/0.0939  tilt -2.926/+2.134  contact 0.63  (15 outer, 701 pcg, 5294s)
step 270 uz 1.3900 Fz    -924.7 N  dmg   7.67%  maxVM  34.70  slip C4/C3 0.0136/0.1905  tilt -4.257/+0.848  contact 0.81  (15 outer, 697 pcg, 5294s)
step  28 lat_bend_pos 7.00 deg  load   1044.94 Nmm  Fz  -100.7  dmg  0.50%  maxVM  72.04  slip C4/C3 0.0067/0.3371  contact 0.07 (8 outer, 809s)
step 228 uz 1.1800 Fz    -752.0 N  dmg  11.35%  maxVM  34.85  slip C4/C3 0.0081/0.0941  tilt -2.937/+2.137  contact 0.63  (15 outer, 705 pcg, 5301s)
step 271 uz 1.3950 Fz    -919.7 N  dmg   7.67%  maxVM  34.37  slip C4/C3 0.0136/0.1917  tilt -4.275/+0.851  contact 0.81  (15 outer, 645 pcg, 5306s)
step 229 uz 1.1850 Fz    -767.3 N  dmg  11.35%  maxVM  34.62  slip C4/C3 0.0082/0.0945  tilt -2.948/+2.139  contact 0.63  (15 outer, 724 pcg, 5308s)
step 272 uz 1.4000 Fz    -940.5 N  dmg   7.67%  maxVM  34.50  slip C4/C3 0.0136/0.1922  tilt -4.290/+0.853  contact 0.81  (15 outer, 673 pcg, 5312s)
step 230 uz 1.1900 Fz    -767.8 N  dmg  11.35%  maxVM  34.74  slip C4/C3 0.0081/0.0945  tilt -2.959/+2.141  contact 0.63  (15 outer, 718 pcg, 5315s)
step 273 uz 1.4050 Fz    -950.1 N  dmg   7.67%  maxVM  34.56  slip C4/C3 0.0136/0.1928  tilt -4.307/+0.856  contact 0.81  (15 outer, 701 pcg, 5319s)
step 274 uz 1.4100 Fz    -952.4 N  dmg   7.67%  maxVM  34.92  slip C4/C3 0.0137/0.1932  tilt -4.323/+0.859  contact 0.81  (15 outer, 778 pcg, 5326s)
step 231 uz 1.1950 Fz    -769.2 N  dmg  11.35%  maxVM  34.63  slip C4/C3 0.0082/0.0951  tilt -2.971/+2.143  contact 0.63  (15 outer, 720 pcg, 5328s)
step 232 uz 1.2000 Fz    -746.3 N  dmg  11.35%  maxVM  34.78  slip C4/C3 0.0082/0.0953  tilt -2.983/+2.147  contact 0.63  (15 outer, 753 pcg, 5335s)
step 275 uz 1.4150 Fz    -941.0 N  dmg   7.67%  maxVM  34.75  slip C4/C3 0.0137/0.1942  tilt -4.341/+0.862  contact 0.81  (15 outer, 701 pcg, 5336s)
step 233 uz 1.2050 Fz    -775.3 N  dmg  11.35%  maxVM  34.96  slip C4/C3 0.0082/0.0956  tilt -2.994/+2.150  contact 0.63  (15 outer, 666 pcg, 5341s)
step 276 uz 1.4200 Fz    -960.8 N  dmg   7.67%  maxVM  34.77  slip C4/C3 0.0137/0.1948  tilt -4.356/+0.865  contact 0.81  (15 outer, 701 pcg, 5343s)
step 277 uz 1.4250 Fz    -961.8 N  dmg   7.67%  maxVM  34.89  slip C4/C3 0.0137/0.1953  tilt -4.372/+0.868  contact 0.81  (15 outer, 749 pcg, 5350s)
step 234 uz 1.2100 Fz    -765.7 N  dmg  11.35%  maxVM  34.70  slip C4/C3 0.0082/0.0961  tilt -3.007/+2.151  contact 0.64  (15 outer, 721 pcg, 5355s)
step 235 uz 1.2150 Fz    -778.5 N  dmg  11.35%  maxVM  34.97  slip C4/C3 0.0082/0.0965  tilt -3.018/+2.154  contact 0.63  (15 outer, 681 pcg, 5361s)
step 278 uz 1.4300 Fz    -927.8 N  dmg   7.68%  maxVM  34.74  slip C4/C3 0.0138/0.1971  tilt -4.396/+0.876  contact 0.81  (15 outer, 721 pcg, 5371s)
step 279 uz 1.4350 Fz    -958.4 N  dmg   7.69%  maxVM  34.73  slip C4/C3 0.0138/0.1978  tilt -4.413/+0.879  contact 0.81  (15 outer, 709 pcg, 5381s)
step 236 uz 1.2200 Fz    -765.6 N  dmg  11.37%  maxVM  34.96  slip C4/C3 0.0082/0.0976  tilt -3.031/+2.154  contact 0.64  (15 outer, 654 pcg, 5383s)
step 280 uz 1.4400 Fz    -971.8 N  dmg   7.69%  maxVM  34.85  slip C4/C3 0.0138/0.1984  tilt -4.428/+0.883  contact 0.81  (15 outer, 812 pcg, 5389s)
step 281 uz 1.4450 Fz    -989.5 N  dmg   7.69%  maxVM  34.96  slip C4/C3 0.0138/0.1990  tilt -4.442/+0.886  contact 0.81  (15 outer, 682 pcg, 5395s)
step 237 uz 1.2250 Fz    -765.5 N  dmg  11.37%  maxVM  34.96  slip C4/C3 0.0082/0.0981  tilt -3.044/+2.158  contact 0.63  (15 outer, 775 pcg, 5400s)
step 282 uz 1.4500 Fz    -961.6 N  dmg   7.69%  maxVM  34.93  slip C4/C3 0.0139/0.1999  tilt -4.460/+0.890  contact 0.81  (15 outer, 727 pcg, 5405s)
/raid/jupyter-alz.ee09/projects/claude-work/biocage stimulation test 1/scripts/run_tests.py:54: RuntimeWarning: overflow encountered in cast
  dmg=(m.cage.dmg[P] < 0.5).cpu().numpy(), p=pr[pl].astype(np.float16), st=st[pl]))
step 238 uz 1.2300 Fz    -751.6 N  dmg  11.38%  maxVM  34.98  slip C4/C3 0.0083/0.0990  tilt -3.070/+2.289  contact 0.63  (15 outer, 1187 pcg, 5414s)
step  29 lat_bend_pos 7.25 deg  load    968.69 Nmm  Fz  -100.0  dmg  1.10%  maxVM  59.83  slip C4/C3 0.0157/0.3725  contact 0.12 (15 outer, 937s)
step 283 uz 1.4550 Fz    -940.0 N  dmg   7.70%  maxVM  34.87  slip C4/C3 0.0139/0.2016  tilt -4.484/+0.896  contact 0.81  (15 outer, 759 pcg, 5426s)
step 239 uz 1.2350 Fz    -782.9 N  dmg  11.39%  maxVM  34.28  slip C4/C3 0.0083/0.0995  tilt -3.081/+2.291  contact 0.63  (15 outer, 720 pcg, 5431s)
step 240 uz 1.2400 Fz    -784.5 N  dmg  11.39%  maxVM  34.39  slip C4/C3 0.0083/0.0996  tilt -3.093/+2.294  contact 0.64  (15 outer, 716 pcg, 5438s)
step 284 uz 1.4600 Fz    -944.6 N  dmg   7.71%  maxVM  34.85  slip C4/C3 0.0139/0.2029  tilt -4.506/+0.901  contact 0.81  (15 outer, 682 pcg, 5443s)
step 241 uz 1.2450 Fz    -796.5 N  dmg  11.39%  maxVM  34.69  slip C4/C3 0.0083/0.1000  tilt -3.105/+2.297  contact 0.63  (15 outer, 680 pcg, 5444s)
step 285 uz 1.4650 Fz    -976.4 N  dmg   7.71%  maxVM  34.98  slip C4/C3 0.0140/0.2036  tilt -4.521/+0.903  contact 0.81  (15 outer, 655 pcg, 5449s)
step 242 uz 1.2500 Fz    -790.5 N  dmg  11.39%  maxVM  34.93  slip C4/C3 0.0083/0.1002  tilt -3.117/+2.299  contact 0.64  (15 outer, 736 pcg, 5451s)
step 286 uz 1.4700 Fz    -962.8 N  dmg   7.71%  maxVM  34.64  slip C4/C3 0.0140/0.2043  tilt -4.539/+0.906  contact 0.81  (15 outer, 777 pcg, 5459s)
step 243 uz 1.2550 Fz    -794.8 N  dmg  11.39%  maxVM  34.78  slip C4/C3 0.0084/0.1008  tilt -3.130/+2.302  contact 0.64  (15 outer, 692 pcg, 5461s)
step 287 uz 1.4750 Fz    -983.1 N  dmg   7.71%  maxVM  34.72  slip C4/C3 0.0140/0.2049  tilt -4.554/+0.909  contact 0.81  (15 outer, 699 pcg, 5466s)
step 244 uz 1.2600 Fz    -803.8 N  dmg  11.39%  maxVM  34.92  slip C4/C3 0.0084/0.1010  tilt -3.142/+2.305  contact 0.64  (15 outer, 729 pcg, 5468s)
step 288 uz 1.4800 Fz    -978.0 N  dmg   7.71%  maxVM  34.81  slip C4/C3 0.0140/0.2056  tilt -4.571/+0.912  contact 0.81  (15 outer, 786 pcg, 5474s)
step 289 uz 1.4850 Fz    -995.4 N  dmg   7.71%  maxVM  34.90  slip C4/C3 0.0141/0.2061  tilt -4.586/+0.915  contact 0.81  (15 outer, 703 pcg, 5480s)
step 245 uz 1.2650 Fz    -791.2 N  dmg  11.40%  maxVM  34.82  slip C4/C3 0.0084/0.1016  tilt -3.156/+2.309  contact 0.64  (15 outer, 710 pcg, 5482s)
step 290 uz 1.4900 Fz   -1001.1 N  dmg   7.71%  maxVM  34.98  slip C4/C3 0.0141/0.2066  tilt -4.602/+0.918  contact 0.81  (15 outer, 698 pcg, 5487s)
step 246 uz 1.2700 Fz    -854.6 N  dmg  11.40%  maxVM  34.89  slip C4/C3 0.0084/0.1019  tilt -3.169/+2.311  contact 0.64  (15 outer, 668 pcg, 5488s)
step 247 uz 1.2750 Fz    -780.7 N  dmg  11.40%  maxVM  34.97  slip C4/C3 0.0084/0.1024  tilt -3.180/+2.319  contact 0.64  (15 outer, 802 pcg, 5503s)
step 291 uz 1.4950 Fz    -967.0 N  dmg   7.73%  maxVM  34.55  slip C4/C3 0.0141/0.2083  tilt -4.626/+0.924  contact 0.81  (15 outer, 727 pcg, 5508s)
step 248 uz 1.2800 Fz    -796.7 N  dmg  11.40%  maxVM  34.55  slip C4/C3 0.0084/0.1030  tilt -3.191/+2.325  contact 0.64  (15 outer, 686 pcg, 5512s)
step 292 uz 1.5000 Fz    -983.5 N  dmg   7.73%  maxVM  34.65  slip C4/C3 0.0141/0.2088  tilt -4.642/+0.927  contact 0.81  (15 outer, 772 pcg, 5515s)
step 249 uz 1.2850 Fz    -791.5 N  dmg  11.40%  maxVM  34.89  slip C4/C3 0.0084/0.1033  tilt -3.202/+2.329  contact 0.64  (15 outer, 710 pcg, 5519s)
step 293 uz 1.5050 Fz    -989.0 N  dmg   7.73%  maxVM  34.76  slip C4/C3 0.0142/0.2094  tilt -4.660/+0.930  contact 0.81  (15 outer, 778 pcg, 5522s)
step 250 uz 1.2900 Fz    -814.6 N  dmg  11.40%  maxVM  34.99  slip C4/C3 0.0085/0.1034  tilt -3.214/+2.332  contact 0.64  (15 outer, 689 pcg, 5525s)
step  30 lat_bend_pos 7.50 deg  load    683.46 Nmm  Fz  -100.0  dmg  1.47%  maxVM  37.08  slip C4/C3 0.0212/0.3919  contact 0.13 (15 outer, 1043s)
step 251 uz 1.2950 Fz    -833.3 N  dmg  11.40%  maxVM  34.92  slip C4/C3 0.0085/0.1041  tilt -3.225/+2.336  contact 0.64  (15 outer, 704 pcg, 5535s)
step 294 uz 1.5100 Fz    -971.9 N  dmg   7.73%  maxVM  34.87  slip C4/C3 0.0142/0.2109  tilt -4.683/+0.934  contact 0.81  (15 outer, 771 pcg, 5539s)
step 252 uz 1.3000 Fz    -827.8 N  dmg  11.41%  maxVM  34.96  slip C4/C3 0.0085/0.1044  tilt -3.237/+2.337  contact 0.64  (15 outer, 678 pcg, 5545s)
step 295 uz 1.5150 Fz    -999.2 N  dmg   7.73%  maxVM  34.98  slip C4/C3 0.0142/0.2114  tilt -4.698/+0.936  contact 0.81  (15 outer, 693 pcg, 5546s)
step 253 uz 1.3050 Fz    -823.1 N  dmg  11.41%  maxVM  34.89  slip C4/C3 0.0085/0.1050  tilt -3.250/+2.337  contact 0.64  (15 outer, 631 pcg, 5557s)
step 296 uz 1.5200 Fz    -967.5 N  dmg   7.74%  maxVM  34.95  slip C4/C3 0.0143/0.2134  tilt -4.724/+0.942  contact 0.81  (15 outer, 785 pcg, 5566s)
step  31 lat_bend_pos 7.75 deg  load    723.81 Nmm  Fz  -100.0  dmg  1.54%  maxVM  34.93  slip C4/C3 0.0225/0.4056  contact 0.14 (15 outer, 1079s)
step 254 uz 1.3100 Fz    -816.8 N  dmg  11.42%  maxVM  34.97  slip C4/C3 0.0085/0.1056  tilt -3.264/+2.337  contact 0.64  (15 outer, 685 pcg, 5573s)
step 297 uz 1.5250 Fz    -977.2 N  dmg   7.75%  maxVM  34.57  slip C4/C3 0.0143/0.2142  tilt -4.746/+0.946  contact 0.81  (15 outer, 786 pcg, 5581s)
step 298 uz 1.5300 Fz   -1002.0 N  dmg   7.75%  maxVM  34.67  slip C4/C3 0.0143/0.2148  tilt -4.762/+0.949  contact 0.80  (15 outer, 672 pcg, 5588s)
step 255 uz 1.3150 Fz    -800.9 N  dmg  11.43%  maxVM  34.99  slip C4/C3 0.0085/0.1065  tilt -3.281/+2.338  contact 0.64  (15 outer, 715 pcg, 5594s)
step  32 lat_bend_pos 8.00 deg  load    841.27 Nmm  Fz  -100.3  dmg  1.59%  maxVM  34.35  slip C4/C3 0.0240/0.4188  contact 0.15 (15 outer, 1108s)
step 299 uz 1.5350 Fz    -995.9 N  dmg   7.75%  maxVM  34.78  slip C4/C3 0.0143/0.2156  tilt -4.781/+0.951  contact 0.81  (15 outer, 716 pcg, 5598s)
step 300 uz 1.5400 Fz    -992.1 N  dmg   7.75%  maxVM  34.93  slip C4/C3 0.0144/0.2164  tilt -4.800/+0.955  contact 0.81  (15 outer, 746 pcg, 5608s)
step 256 uz 1.3200 Fz    -800.2 N  dmg  11.44%  maxVM  34.90  slip C4/C3 0.0085/0.1074  tilt -3.299/+2.341  contact 0.64  (15 outer, 786 pcg, 5613s)
step 257 uz 1.3250 Fz    -833.4 N  dmg  11.44%  maxVM  34.99  slip C4/C3 0.0085/0.1077  tilt -3.312/+2.344  contact 0.64  (15 outer, 645 pcg, 5620s)
step 301 uz 1.5450 Fz    -984.5 N  dmg   7.76%  maxVM  34.85  slip C4/C3 0.0144/0.2182  tilt -4.824/+0.959  contact 0.81  (15 outer, 735 pcg, 5628s)
step  33 lat_bend_pos 8.25 deg  load    902.71 Nmm  Fz  -100.2  dmg  1.66%  maxVM  34.24  slip C4/C3 0.0253/0.4322  contact 0.16 (15 outer, 1141s)
step 302 uz 1.5500 Fz   -1006.0 N  dmg   7.76%  maxVM  34.98  slip C4/C3 0.0144/0.2187  tilt -4.841/+0.962  contact 0.81  (15 outer, 748 pcg, 5635s)
step 258 uz 1.3300 Fz    -812.7 N  dmg  11.45%  maxVM  34.99  slip C4/C3 0.0086/0.1083  tilt -3.327/+2.346  contact 0.64  (15 outer, 771 pcg, 5637s)
step 259 uz 1.3350 Fz    -828.3 N  dmg  11.45%  maxVM  34.93  slip C4/C3 0.0086/0.1089  tilt -3.341/+2.352  contact 0.64  (15 outer, 657 pcg, 5647s)
step  34 lat_bend_pos 8.50 deg  load    973.04 Nmm  Fz  -100.4  dmg  1.70%  maxVM  32.08  slip C4/C3 0.0271/0.4445  contact 0.16 (15 outer, 1161s)
step 303 uz 1.5550 Fz    -990.3 N  dmg   7.78%  maxVM  34.68  slip C4/C3 0.0145/0.2205  tilt -4.865/+0.966  contact 0.81  (15 outer, 697 pcg, 5655s)
step 260 uz 1.3400 Fz    -820.2 N  dmg  11.45%  maxVM  34.97  slip C4/C3 0.0086/0.1093  tilt -3.355/+2.355  contact 0.64  (15 outer, 706 pcg, 5657s)
step 304 uz 1.5600 Fz   -1001.9 N  dmg   7.78%  maxVM  35.00  slip C4/C3 0.0145/0.2212  tilt -4.884/+0.968  contact 0.81  (15 outer, 735 pcg, 5666s)
step 261 uz 1.3450 Fz    -817.0 N  dmg  11.46%  maxVM  34.96  slip C4/C3 0.0086/0.1097  tilt -3.370/+2.363  contact 0.64  (15 outer, 753 pcg, 5667s)
step 262 uz 1.3500 Fz    -844.4 N  dmg  11.46%  maxVM  34.82  slip C4/C3 0.0086/0.1104  tilt -3.385/+2.363  contact 0.64  (15 outer, 705 pcg, 5681s)
step  35 lat_bend_pos 8.75 deg  load   1071.89 Nmm  Fz  -100.4  dmg  1.74%  maxVM  31.70  slip C4/C3 0.0283/0.4582  contact 0.17 (15 outer, 1197s)
step 263 uz 1.3550 Fz    -872.6 N  dmg  11.46%  maxVM  34.95  slip C4/C3 0.0086/0.1106  tilt -3.398/+2.364  contact 0.64  (15 outer, 726 pcg, 5688s)
step 305 uz 1.5650 Fz    -984.5 N  dmg   7.79%  maxVM  34.88  slip C4/C3 0.0145/0.2235  tilt -4.912/+0.972  contact 0.81  (15 outer, 705 pcg, 5690s)
step 264 uz 1.3600 Fz    -851.0 N  dmg  11.46%  maxVM  34.88  slip C4/C3 0.0086/0.1111  tilt -3.413/+2.366  contact 0.64  (15 outer, 704 pcg, 5698s)
step  36 lat_bend_pos 9.00 deg  load   1212.61 Nmm  Fz  -100.6  dmg  1.76%  maxVM  33.39  slip C4/C3 0.0300/0.4699  contact 0.18 (15 outer, 1212s)
step 265 uz 1.3650 Fz    -838.5 N  dmg  11.46%  maxVM  34.76  slip C4/C3 0.0087/0.1115  tilt -3.428/+2.372  contact 0.64  (15 outer, 775 pcg, 5709s)
step 306 uz 1.5700 Fz    -994.0 N  dmg   7.82%  maxVM  34.89  slip C4/C3 0.0145/0.2253  tilt -4.937/+0.977  contact 0.81  (15 outer, 703 pcg, 5713s)
step 266 uz 1.3700 Fz    -870.9 N  dmg  11.46%  maxVM  34.86  slip C4/C3 0.0087/0.1118  tilt -3.441/+2.375  contact 0.64  (15 outer, 690 pcg, 5716s)
step 307 uz 1.5750 Fz   -1049.4 N  dmg   7.82%  maxVM  34.93  slip C4/C3 0.0146/0.2259  tilt -4.951/+0.979  contact 0.81  (15 outer, 540 pcg, 5719s)
step  37 lat_bend_pos 9.25 deg  load   1180.36 Nmm  Fz  -100.6  dmg  1.80%  maxVM  34.60  slip C4/C3 0.0317/0.4820  contact 0.18 (15 outer, 1230s)
step 308 uz 1.5800 Fz   -1017.3 N  dmg   7.83%  maxVM  34.92  slip C4/C3 0.0146/0.2269  tilt -4.972/+0.984  contact 0.81  (15 outer, 666 pcg, 5732s)
step 267 uz 1.3750 Fz    -843.8 N  dmg  11.47%  maxVM  34.84  slip C4/C3 0.0088/0.1131  tilt -3.531/+2.628  contact 0.64  (15 outer, 1178 pcg, 5733s)
step 309 uz 1.5850 Fz   -1015.5 N  dmg   7.83%  maxVM  34.90  slip C4/C3 0.0146/0.2279  tilt -4.991/+0.988  contact 0.81  (15 outer, 778 pcg, 5743s)
step 268 uz 1.3800 Fz    -837.2 N  dmg  11.47%  maxVM  34.86  slip C4/C3 0.0088/0.1134  tilt -3.543/+2.629  contact 0.64  (15 outer, 803 pcg, 5743s)
step  38 lat_bend_pos 9.50 deg  load   1223.69 Nmm  Fz  -100.8  dmg  1.83%  maxVM  34.43  slip C4/C3 0.0331/0.4949  contact 0.19 (15 outer, 1257s)
step 310 uz 1.5900 Fz   -1017.1 N  dmg   7.84%  maxVM  34.96  slip C4/C3 0.0146/0.2289  tilt -5.012/+0.992  contact 0.81  (15 outer, 774 pcg, 5756s)
step 269 uz 1.3850 Fz    -847.0 N  dmg  11.47%  maxVM  34.73  slip C4/C3 0.0088/0.1141  tilt -3.558/+2.626  contact 0.64  (15 outer, 725 pcg, 5758s)
step 270 uz 1.3900 Fz    -849.6 N  dmg  11.47%  maxVM  34.87  slip C4/C3 0.0088/0.1144  tilt -3.571/+2.628  contact 0.64  (15 outer, 737 pcg, 5765s)
step  39 lat_bend_pos 9.75 deg  load   1324.57 Nmm  Fz  -100.8  dmg  1.87%  maxVM  30.29  slip C4/C3 0.0344/0.5075  contact 0.19 (15 outer, 1283s)
step 271 uz 1.3950 Fz    -871.2 N  dmg  11.48%  maxVM  34.85  slip C4/C3 0.0088/0.1150  tilt -3.585/+2.628  contact 0.64  (15 outer, 636 pcg, 5778s)
step 272 uz 1.4000 Fz    -881.0 N  dmg  11.48%  maxVM  34.97  slip C4/C3 0.0089/0.1153  tilt -3.598/+2.628  contact 0.64  (15 outer, 760 pcg, 5785s)
step  40 lat_bend_pos 10.00 deg  load   1354.38 Nmm  Fz  -100.9  dmg  1.89%  maxVM  31.70  slip C4/C3 0.0359/0.5194  contact 0.20 (15 outer, 1302s)
{"design": "A_smooth", "mode": "lat_bend_pos", "dof": 4, "stop_reason": "imposed limit reached", "preload_N": 100.0, "max_imposed": 0.1745329251994331, "max_imposed_unit": "rad", "max_load": 1354.3786450607136, "load_unit": "Nmm", "load_at_endpoint": 1354.3786450607136, "final_damage": 0.018916705474282595, "final_slip": 0.5193700123476889, "max_vm": 72.0397032063612, "steps": 40, "wall_s": 1302.3124268054962}
[gpu_pool] pid 1907006 cuda:2(GPU7) done ('sixdof', 'A_smooth', 'lat_bend_pos') 1302.9s
=== Test 3 6-DOF B_tread lat_bend_pos: preload 100.0 N (force), dof 4 displacement-controlled, device cuda:2
step 311 uz 1.5950 Fz    -983.3 N  dmg   7.93%  maxVM  34.98  slip C4/C3 0.0147/0.2322  tilt -5.043/+0.996  contact 0.81  (15 outer, 698 pcg, 5793s)
   preload secant 0: Uz 0.00833 mm -> Fz -105.30 N
step 273 uz 1.4050 Fz    -857.5 N  dmg  11.49%  maxVM  34.93  slip C4/C3 0.0089/0.1160  tilt -3.612/+2.625  contact 0.64  (15 outer, 720 pcg, 5802s)
step 312 uz 1.6000 Fz    -979.7 N  dmg   7.94%  maxVM  34.95  slip C4/C3 0.0147/0.2334  tilt -5.067/+0.998  contact 0.81  (15 outer, 584 pcg, 5808s)
   preload secant 1: Uz 0.00789 mm -> Fz -95.33 N
step 274 uz 1.4100 Fz    -868.5 N  dmg  11.49%  maxVM  34.97  slip C4/C3 0.0089/0.1164  tilt -3.626/+2.624  contact 0.64  (15 outer, 788 pcg, 5812s)
   preload secant 2: Uz 0.00810 mm -> Fz -95.61 N
   preload secant 3: Uz 0.01131 mm -> Fz -136.22 N
step 275 uz 1.4150 Fz    -867.2 N  dmg  11.50%  maxVM  34.99  slip C4/C3 0.0089/0.1173  tilt -3.642/+2.622  contact 0.65  (15 outer, 674 pcg, 5828s)
step 313 uz 1.6050 Fz    -976.2 N  dmg   7.95%  maxVM  34.70  slip C4/C3 0.0147/0.2356  tilt -5.093/+1.001  contact 0.81  (15 outer, 553 pcg, 5829s)
   preload secant 4: Uz 0.00845 mm -> Fz -99.27 N
step 314 uz 1.6100 Fz   -1009.3 N  dmg   7.95%  maxVM  34.82  slip C4/C3 0.0147/0.2361  tilt -5.110/+1.003  contact 0.81  (15 outer, 686 pcg, 5836s)
step 276 uz 1.4200 Fz    -867.7 N  dmg  11.51%  maxVM  34.92  slip C4/C3 0.0089/0.1178  tilt -3.654/+2.623  contact 0.64  (15 outer, 701 pcg, 5842s)
step 315 uz 1.6150 Fz   -1032.2 N  dmg   7.95%  maxVM  34.97  slip C4/C3 0.0148/0.2366  tilt -5.127/+1.006  contact 0.81  (15 outer, 634 pcg, 5842s)
step 277 uz 1.4250 Fz    -892.3 N  dmg  11.51%  maxVM  35.00  slip C4/C3 0.0089/0.1181  tilt -3.667/+2.624  contact 0.64  (15 outer, 679 pcg, 5848s)
step 316 uz 1.6200 Fz   -1021.4 N  dmg   7.95%  maxVM  34.94  slip C4/C3 0.0148/0.2376  tilt -5.145/+1.008  contact 0.81  (15 outer, 683 pcg, 5854s)
step 278 uz 1.4300 Fz    -902.1 N  dmg  11.51%  maxVM  34.92  slip C4/C3 0.0089/0.1185  tilt -3.679/+2.625  contact 0.65  (15 outer, 697 pcg, 5855s)
step 317 uz 1.6250 Fz   -1048.2 N  dmg   7.96%  maxVM  34.76  slip C4/C3 0.0148/0.2384  tilt -5.161/+1.010  contact 0.81  (15 outer, 693 pcg, 5863s)
step 318 uz 1.6300 Fz   -1031.1 N  dmg   7.96%  maxVM  34.86  slip C4/C3 0.0148/0.2388  tilt -5.180/+1.014  contact 0.80  (15 outer, 761 pcg, 5870s)
step 279 uz 1.4350 Fz    -879.8 N  dmg  11.52%  maxVM  34.96  slip C4/C3 0.0090/0.1192  tilt -3.692/+2.621  contact 0.64  (15 outer, 628 pcg, 5871s)
step 319 uz 1.6350 Fz   -1003.1 N  dmg   7.96%  maxVM  34.99  slip C4/C3 0.0149/0.2397  tilt -5.203/+1.017  contact 0.81  (15 outer, 767 pcg, 5880s)
step 280 uz 1.4400 Fz    -907.8 N  dmg  11.52%  maxVM  34.79  slip C4/C3 0.0090/0.1197  tilt -3.705/+2.621  contact 0.64  (15 outer, 725 pcg, 5882s)
step 320 uz 1.6400 Fz   -1045.7 N  dmg   7.96%  maxVM  34.93  slip C4/C3 0.0149/0.2405  tilt -5.219/+1.019  contact 0.81  (15 outer, 554 pcg, 5888s)
step 281 uz 1.4450 Fz    -872.4 N  dmg  11.52%  maxVM  34.94  slip C4/C3 0.0090/0.1202  tilt -3.717/+2.624  contact 0.64  (15 outer, 682 pcg, 5888s)
step 282 uz 1.4500 Fz    -892.9 N  dmg  11.53%  maxVM  35.00  slip C4/C3 0.0090/0.1212  tilt -3.731/+2.618  contact 0.65  (15 outer, 745 pcg, 5912s)
step 321 uz 1.6450 Fz    -985.8 N  dmg   8.02%  maxVM  34.98  slip C4/C3 0.0149/0.2432  tilt -5.255/+1.025  contact 0.81  (15 outer, 729 pcg, 5920s)
step 322 uz 1.6500 Fz   -1008.6 N  dmg   8.02%  maxVM  34.85  slip C4/C3 0.0150/0.2440  tilt -5.275/+1.026  contact 0.81  (15 outer, 609 pcg, 5929s)
step 323 uz 1.6550 Fz   -1059.8 N  dmg   8.02%  maxVM  34.91  slip C4/C3 0.0150/0.2446  tilt -5.289/+1.028  contact 0.81  (15 outer, 539 pcg, 5934s)
step 283 uz 1.4550 Fz    -857.4 N  dmg  11.55%  maxVM  34.99  slip C4/C3 0.0090/0.1226  tilt -3.750/+2.613  contact 0.65  (15 outer, 647 pcg, 5945s)
step 284 uz 1.4600 Fz    -891.8 N  dmg  11.56%  maxVM  34.94  slip C4/C3 0.0090/0.1238  tilt -3.766/+2.613  contact 0.65  (15 outer, 590 pcg, 5966s)
step 324 uz 1.6600 Fz    -978.1 N  dmg   8.04%  maxVM  34.32  slip C4/C3 0.0151/0.2476  tilt -5.364/+1.034  contact 0.80  (15 outer, 772 pcg, 5968s)
   preload done: Fz -100.00 N, Uz -0.00862 mm
step 325 uz 1.6650 Fz   -1026.2 N  dmg   8.04%  maxVM  34.40  slip C4/C3 0.0151/0.2481  tilt -5.381/+1.036  contact 0.80  (15 outer, 556 pcg, 5973s)
step 326 uz 1.6700 Fz   -1069.4 N  dmg   8.04%  maxVM  34.53  slip C4/C3 0.0151/0.2493  tilt -5.396/+1.037  contact 0.81  (15 outer, 664 pcg, 5980s)
step 285 uz 1.4650 Fz    -875.9 N  dmg  11.58%  maxVM  34.89  slip C4/C3 0.0090/0.1248  tilt -3.782/+2.614  contact 0.65  (15 outer, 663 pcg, 5985s)
step 327 uz 1.6750 Fz   -1056.4 N  dmg   8.04%  maxVM  34.61  slip C4/C3 0.0151/0.2496  tilt -5.414/+1.039  contact 0.81  (15 outer, 738 pcg, 5989s)
step 328 uz 1.6800 Fz   -1078.2 N  dmg   8.04%  maxVM  34.61  slip C4/C3 0.0151/0.2501  tilt -5.430/+1.040  contact 0.80  (15 outer, 694 pcg, 5996s)
step 286 uz 1.4700 Fz    -910.1 N  dmg  11.58%  maxVM  34.92  slip C4/C3 0.0090/0.1255  tilt -3.796/+2.616  contact 0.65  (15 outer, 658 pcg, 5997s)
step 329 uz 1.6850 Fz   -1074.2 N  dmg   8.04%  maxVM  34.75  slip C4/C3 0.0152/0.2506  tilt -5.447/+1.042  contact 0.81  (15 outer, 724 pcg, 6003s)
step 330 uz 1.6900 Fz   -1059.7 N  dmg   8.04%  maxVM  34.89  slip C4/C3 0.0152/0.2512  tilt -5.464/+1.044  contact 0.81  (15 outer, 703 pcg, 6009s)
step   1 lat_bend_pos 0.25 deg  load    929.44 Nmm  Fz  -100.0  dmg  0.00%  maxVM   9.41  slip C4/C3 0.0005/0.0030  contact 0.30 (6 outer, 224s)
step 331 uz 1.6950 Fz   -1073.5 N  dmg   8.04%  maxVM  34.82  slip C4/C3 0.0152/0.2519  tilt -5.480/+1.046  contact 0.81  (15 outer, 583 pcg, 6018s)
step 332 uz 1.7000 Fz   -1083.9 N  dmg   8.04%  maxVM  34.94  slip C4/C3 0.0152/0.2525  tilt -5.496/+1.047  contact 0.80  (15 outer, 693 pcg, 6024s)
step 287 uz 1.4750 Fz    -864.8 N  dmg  11.61%  maxVM  34.86  slip C4/C3 0.0091/0.1267  tilt -3.821/+2.623  contact 0.65  (15 outer, 660 pcg, 6028s)
step 333 uz 1.7050 Fz   -1041.4 N  dmg   8.04%  maxVM  34.35  slip C4/C3 0.0153/0.2532  tilt -5.518/+1.051  contact 0.81  (15 outer, 656 pcg, 6035s)
step 288 uz 1.4800 Fz    -885.3 N  dmg  11.61%  maxVM  34.92  slip C4/C3 0.0091/0.1271  tilt -3.836/+2.627  contact 0.64  (15 outer, 687 pcg, 6038s)
step   2 lat_bend_pos 0.50 deg  load   1015.33 Nmm  Fz  -100.1  dmg  0.00%  maxVM  12.69  slip C4/C3 0.0006/0.0086  contact 0.22 (4 outer, 251s)
step 334 uz 1.7100 Fz   -1032.1 N  dmg   8.04%  maxVM  34.42  slip C4/C3 0.0153/0.2539  tilt -5.541/+1.055  contact 0.81  (15 outer, 932 pcg, 6044s)
step 335 uz 1.7150 Fz   -1037.0 N  dmg   8.04%  maxVM  34.52  slip C4/C3 0.0153/0.2544  tilt -5.562/+1.059  contact 0.81  (15 outer, 769 pcg, 6051s)
step 289 uz 1.4850 Fz    -885.2 N  dmg  11.62%  maxVM  34.99  slip C4/C3 0.0091/0.1280  tilt -3.858/+2.627  contact 0.65  (15 outer, 736 pcg, 6059s)
step   3 lat_bend_pos 0.75 deg  load   1055.00 Nmm  Fz  -100.1  dmg  0.00%  maxVM  14.27  slip C4/C3 0.0004/0.0182  contact 0.19 (3 outer, 270s)
step 336 uz 1.7200 Fz   -1029.6 N  dmg   8.05%  maxVM  34.63  slip C4/C3 0.0154/0.2552  tilt -5.588/+1.064  contact 0.81  (15 outer, 776 pcg, 6062s)
step 337 uz 1.7250 Fz   -1058.4 N  dmg   8.05%  maxVM  34.71  slip C4/C3 0.0154/0.2558  tilt -5.605/+1.066  contact 0.81  (15 outer, 734 pcg, 6069s)
step 338 uz 1.7300 Fz   -1071.8 N  dmg   8.05%  maxVM  34.79  slip C4/C3 0.0154/0.2563  tilt -5.622/+1.069  contact 0.81  (15 outer, 665 pcg, 6075s)
step   4 lat_bend_pos 1.00 deg  load   1052.84 Nmm  Fz  -100.1  dmg  0.00%  maxVM  15.49  slip C4/C3 0.0012/0.0258  contact 0.17 (2 outer, 287s)
step 339 uz 1.7350 Fz   -1056.5 N  dmg   8.05%  maxVM  34.93  slip C4/C3 0.0155/0.2571  tilt -5.644/+1.073  contact 0.81  (15 outer, 739 pcg, 6086s)
step 290 uz 1.4900 Fz    -841.1 N  dmg  11.64%  maxVM  34.99  slip C4/C3 0.0091/0.1295  tilt -3.887/+2.634  contact 0.65  (15 outer, 729 pcg, 6090s)
step 340 uz 1.7400 Fz   -1077.9 N  dmg   8.05%  maxVM  34.99  slip C4/C3 0.0155/0.2577  tilt -5.661/+1.076  contact 0.81  (15 outer, 831 pcg, 6093s)
step   5 lat_bend_pos 1.25 deg  load   1066.46 Nmm  Fz  -100.1  dmg  0.00%  maxVM  16.66  slip C4/C3 0.0019/0.0349  contact 0.15 (3 outer, 306s)
step 291 uz 1.4950 Fz    -862.7 N  dmg  11.64%  maxVM  34.98  slip C4/C3 0.0091/0.1299  tilt -3.905/+2.641  contact 0.65  (15 outer, 701 pcg, 6101s)
step 341 uz 1.7450 Fz   -1041.4 N  dmg   8.06%  maxVM  34.88  slip C4/C3 0.0155/0.2591  tilt -5.689/+1.082  contact 0.81  (15 outer, 648 pcg, 6110s)
step   6 lat_bend_pos 1.50 deg  load   1070.99 Nmm  Fz  -100.1  dmg  0.00%  maxVM  17.83  slip C4/C3 0.0029/0.0434  contact 0.13 (3 outer, 324s)
step 292 uz 1.5000 Fz    -873.1 N  dmg  11.65%  maxVM  34.94  slip C4/C3 0.0091/0.1305  tilt -3.924/+2.645  contact 0.65  (15 outer, 702 pcg, 6116s)
step 342 uz 1.7500 Fz   -1058.8 N  dmg   8.06%  maxVM  34.97  slip C4/C3 0.0156/0.2596  tilt -5.710/+1.085  contact 0.81  (15 outer, 793 pcg, 6118s)
step 293 uz 1.5050 Fz    -915.1 N  dmg  11.65%  maxVM  34.94  slip C4/C3 0.0092/0.1311  tilt -3.938/+2.650  contact 0.65  (15 outer, 770 pcg, 6126s)
step 343 uz 1.7550 Fz   -1052.8 N  dmg   8.06%  maxVM  34.60  slip C4/C3 0.0156/0.2605  tilt -5.732/+1.089  contact 0.81  (15 outer, 711 pcg, 6128s)
step   7 lat_bend_pos 1.75 deg  load   1074.36 Nmm  Fz  -100.1  dmg  0.00%  maxVM  18.93  slip C4/C3 0.0038/0.0524  contact 0.12 (2 outer, 341s)
step 344 uz 1.7600 Fz   -1064.5 N  dmg   8.07%  maxVM  34.64  slip C4/C3 0.0156/0.2614  tilt -5.754/+1.093  contact 0.81  (15 outer, 799 pcg, 6139s)
step 294 uz 1.5100 Fz    -879.3 N  dmg  11.66%  maxVM  34.86  slip C4/C3 0.0092/0.1318  tilt -3.957/+2.656  contact 0.65  (15 outer, 874 pcg, 6144s)
step   8 lat_bend_pos 2.00 deg  load   1077.34 Nmm  Fz  -100.2  dmg  0.00%  maxVM  19.99  slip C4/C3 0.0063/0.0618  contact 0.11 (4 outer, 358s)
step 345 uz 1.7650 Fz   -1104.7 N  dmg   8.07%  maxVM  34.83  slip C4/C3 0.0157/0.2628  tilt -5.772/+1.095  contact 0.81  (15 outer, 574 pcg, 6151s)
step 295 uz 1.5150 Fz    -886.8 N  dmg  11.66%  maxVM  34.91  slip C4/C3 0.0092/0.1325  tilt -3.973/+2.661  contact 0.65  (15 outer, 645 pcg, 6157s)
step 346 uz 1.7700 Fz   -1124.7 N  dmg   8.07%  maxVM  34.95  slip C4/C3 0.0157/0.2637  tilt -5.790/+1.097  contact 0.81  (15 outer, 714 pcg, 6161s)
step 296 uz 1.5200 Fz    -969.4 N  dmg  11.66%  maxVM  34.99  slip C4/C3 0.0092/0.1326  tilt -3.984/+2.663  contact 0.65  (15 outer, 584 pcg, 6163s)
step 347 uz 1.7750 Fz   -1057.4 N  dmg   8.08%  maxVM  34.98  slip C4/C3 0.0157/0.2644  tilt -5.815/+1.102  contact 0.81  (15 outer, 789 pcg, 6175s)
step   9 lat_bend_pos 2.25 deg  load   1105.23 Nmm  Fz  -100.1  dmg  0.00%  maxVM  21.31  slip C4/C3 0.0025/0.0698  contact 0.09 (13 outer, 390s)
step  10 lat_bend_pos 2.50 deg  load   1081.05 Nmm  Fz  -100.3  dmg  0.00%  maxVM  22.97  slip C4/C3 0.0039/0.0803  contact 0.10 (4 outer, 411s)
step 348 uz 1.7800 Fz   -1086.7 N  dmg   8.14%  maxVM  34.49  slip C4/C3 0.0158/0.2689  tilt -5.832/+1.099  contact 0.81  (15 outer, 490 pcg, 6212s)
step 349 uz 1.7850 Fz   -1140.7 N  dmg   8.14%  maxVM  34.57  slip C4/C3 0.0158/0.2699  tilt -5.845/+1.099  contact 0.80  (15 outer, 609 pcg, 6218s)
step 350 uz 1.7900 Fz   -1155.9 N  dmg   8.14%  maxVM  34.93  slip C4/C3 0.0158/0.2698  tilt -5.858/+1.100  contact 0.80  (15 outer, 594 pcg, 6224s)
step  11 lat_bend_pos 2.75 deg  load   1101.29 Nmm  Fz  -100.2  dmg  0.00%  maxVM  24.68  slip C4/C3 0.0027/0.0898  contact 0.09 (8 outer, 434s)
step  12 lat_bend_pos 3.00 deg  load   1118.09 Nmm  Fz  -100.3  dmg  0.00%  maxVM  26.51  slip C4/C3 0.0050/0.1004  contact 0.09 (4 outer, 452s)
step 297 uz 1.5250 Fz    -905.0 N  dmg  12.07%  maxVM  34.67  slip C4/C3 0.0092/0.1364  tilt -4.047/+2.726  contact 0.64  (15 outer, 657 pcg, 6257s)
step  13 lat_bend_pos 3.25 deg  load   1138.75 Nmm  Fz  -100.2  dmg  0.00%  maxVM  28.07  slip C4/C3 0.0049/0.1108  contact 0.08 (3 outer, 466s)
step 298 uz 1.5300 Fz    -827.6 N  dmg  12.07%  maxVM  34.85  slip C4/C3 0.0093/0.1370  tilt -4.045/+2.906  contact 0.64  (15 outer, 1211 pcg, 6268s)
step 299 uz 1.5350 Fz    -943.0 N  dmg  12.07%  maxVM  34.82  slip C4/C3 0.0093/0.1372  tilt -4.056/+2.908  contact 0.64  (15 outer, 630 pcg, 6274s)
step  14 lat_bend_pos 3.50 deg  load   1096.82 Nmm  Fz  -100.4  dmg  0.00%  maxVM  29.56  slip C4/C3 0.0025/0.1210  contact 0.07 (6 outer, 485s)
step 300 uz 1.5400 Fz    -902.0 N  dmg  12.07%  maxVM  34.94  slip C4/C3 0.0093/0.1375  tilt -4.065/+2.913  contact 0.64  (15 outer, 747 pcg, 6281s)
step 301 uz 1.5450 Fz    -966.4 N  dmg  12.07%  maxVM  34.95  slip C4/C3 0.0093/0.1377  tilt -4.075/+2.915  contact 0.64  (15 outer, 597 pcg, 6287s)
step 351 uz 1.7950 Fz   -1078.9 N  dmg   8.22%  maxVM  34.98  slip C4/C3 0.0162/0.2776  tilt -6.418/+1.176  contact 0.80  (15 outer, 565 pcg, 6290s)
step  15 lat_bend_pos 3.75 deg  load   1132.80 Nmm  Fz  -100.3  dmg  0.00%  maxVM  31.18  slip C4/C3 0.0053/0.1312  contact 0.07 (5 outer, 505s)
step 352 uz 1.8000 Fz   -1092.0 N  dmg   8.22%  maxVM  34.96  slip C4/C3 0.0162/0.2785  tilt -6.435/+1.180  contact 0.80  (15 outer, 748 pcg, 6299s)
step  16 lat_bend_pos 4.00 deg  load   1147.89 Nmm  Fz  -100.4  dmg  0.00%  maxVM  32.95  slip C4/C3 0.0052/0.1407  contact 0.07 (2 outer, 515s)
step 353 uz 1.8050 Fz   -1120.4 N  dmg   8.22%  maxVM  34.89  slip C4/C3 0.0163/0.2795  tilt -6.448/+1.183  contact 0.80  (15 outer, 746 pcg, 6310s)
step 354 uz 1.8100 Fz   -1134.3 N  dmg   8.22%  maxVM  34.90  slip C4/C3 0.0163/0.2800  tilt -6.461/+1.187  contact 0.80  (15 outer, 727 pcg, 6317s)
step 302 uz 1.5500 Fz    -902.3 N  dmg  12.11%  maxVM  34.97  slip C4/C3 0.0093/0.1389  tilt -4.091/+2.928  contact 0.64  (15 outer, 818 pcg, 6320s)
step  17 lat_bend_pos 4.25 deg  load   1124.77 Nmm  Fz  -100.4  dmg  0.00%  maxVM  34.36  slip C4/C3 0.0048/0.1520  contact 0.07 (3 outer, 529s)
step 355 uz 1.8150 Fz   -1105.9 N  dmg   8.23%  maxVM  34.82  slip C4/C3 0.0163/0.2812  tilt -6.477/+1.193  contact 0.80  (15 outer, 786 pcg, 6332s)
step 303 uz 1.5550 Fz    -919.7 N  dmg  12.12%  maxVM  34.99  slip C4/C3 0.0093/0.1398  tilt -4.105/+2.930  contact 0.64  (15 outer, 705 pcg, 6337s)
step 356 uz 1.8200 Fz   -1129.3 N  dmg   8.23%  maxVM  34.88  slip C4/C3 0.0163/0.2817  tilt -6.491/+1.197  contact 0.80  (15 outer, 797 pcg, 6340s)
step 304 uz 1.5600 Fz    -943.2 N  dmg  12.13%  maxVM  34.98  slip C4/C3 0.0093/0.1403  tilt -4.118/+2.933  contact 0.64  (15 outer, 759 pcg, 6350s)
step 357 uz 1.8250 Fz   -1118.0 N  dmg   8.23%  maxVM  34.40  slip C4/C3 0.0164/0.2828  tilt -6.506/+1.204  contact 0.80  (15 outer, 851 pcg, 6355s)
step 305 uz 1.5650 Fz    -901.0 N  dmg  12.13%  maxVM  34.97  slip C4/C3 0.0094/0.1411  tilt -4.129/+2.940  contact 0.64  (15 outer, 707 pcg, 6362s)
step 358 uz 1.8300 Fz   -1160.8 N  dmg   8.23%  maxVM  34.81  slip C4/C3 0.0164/0.2834  tilt -6.520/+1.208  contact 0.80  (15 outer, 768 pcg, 6363s)
step 306 uz 1.5700 Fz    -950.4 N  dmg  12.13%  maxVM  34.99  slip C4/C3 0.0094/0.1417  tilt -4.141/+2.940  contact 0.64  (15 outer, 659 pcg, 6372s)
step 359 uz 1.8350 Fz   -1105.0 N  dmg   8.23%  maxVM  34.67  slip C4/C3 0.0164/0.2845  tilt -6.540/+1.215  contact 0.80  (15 outer, 794 pcg, 6376s)
step 307 uz 1.5750 Fz    -909.5 N  dmg  12.14%  maxVM  34.89  slip C4/C3 0.0094/0.1419  tilt -4.152/+2.944  contact 0.64  (15 outer, 804 pcg, 6383s)
step 360 uz 1.8400 Fz   -1108.9 N  dmg   8.23%  maxVM  34.56  slip C4/C3 0.0165/0.2852  tilt -6.557/+1.221  contact 0.80  (15 outer, 838 pcg, 6387s)
step 308 uz 1.5800 Fz    -948.2 N  dmg  12.14%  maxVM  34.97  slip C4/C3 0.0094/0.1424  tilt -4.166/+2.945  contact 0.64  (15 outer, 720 pcg, 6394s)
step  18 lat_bend_pos 4.50 deg  load    895.75 Nmm  Fz  -100.3  dmg  0.10%  maxVM  34.63  slip C4/C3 0.0047/0.1664  contact 0.05 (2 outer, 604s)
step 361 uz 1.8450 Fz   -1110.0 N  dmg   8.23%  maxVM  34.75  slip C4/C3 0.0165/0.2857  tilt -6.574/+1.225  contact 0.80  (15 outer, 844 pcg, 6395s)
step 362 uz 1.8500 Fz   -1143.4 N  dmg   8.23%  maxVM  34.75  slip C4/C3 0.0165/0.2863  tilt -6.590/+1.230  contact 0.80  (15 outer, 790 pcg, 6403s)
step 363 uz 1.8550 Fz   -1132.8 N  dmg   8.23%  maxVM  34.99  slip C4/C3 0.0165/0.2870  tilt -6.606/+1.235  contact 0.81  (15 outer, 834 pcg, 6411s)
step 364 uz 1.8600 Fz   -1124.0 N  dmg   8.23%  maxVM  34.97  slip C4/C3 0.0166/0.2875  tilt -6.622/+1.240  contact 0.80  (15 outer, 824 pcg, 6419s)
step  19 lat_bend_pos 4.75 deg  load   1129.54 Nmm  Fz  -100.5  dmg  0.25%  maxVM  38.07  slip C4/C3 0.0106/0.1976  contact 0.07 (3 outer, 682s)
step 309 uz 1.5850 Fz    -842.8 N  dmg  13.31%  maxVM  90.84  slip C4/C3 0.0097/0.1477  tilt -4.190/+2.997  contact 0.63  (15 outer, 772 pcg, 6496s)
step  20 lat_bend_pos 5.00 deg  load    852.57 Nmm  Fz  -100.1  dmg  0.35%  maxVM  33.37  slip C4/C3 0.0132/0.2186  contact 0.06 (9 outer, 733s)
step 365 uz 1.8650 Fz   -1011.2 N  dmg  10.17%  maxVM 109.07  slip C4/C3 0.0172/0.2984  tilt -6.890/+1.840  contact 0.78  (15 outer, 781 pcg, 6529s)
step  21 lat_bend_pos 5.25 deg  load    822.42 Nmm  Fz  -100.2  dmg  0.44%  maxVM  34.92  slip C4/C3 0.0185/0.2367  contact 0.07 (4 outer, 754s)
step 366 uz 1.8700 Fz    -927.9 N  dmg  13.44%  maxVM  34.67  slip C4/C3 0.0182/0.3061  tilt -6.938/+2.527  contact 0.77  (15 outer, 714 pcg, 6578s)
step  22 lat_bend_pos 5.50 deg  load    907.47 Nmm  Fz  -100.3  dmg  0.49%  maxVM  34.72  slip C4/C3 0.0168/0.2586  contact 0.07 (15 outer, 788s)
step 367 uz 1.8750 Fz    -939.3 N  dmg  13.45%  maxVM  34.59  slip C4/C3 0.0184/0.3078  tilt -6.952/+2.532  contact 0.77  (15 outer, 883 pcg, 6594s)
step 310 uz 1.5900 Fz    -725.8 N  dmg  16.38%  maxVM  34.88  slip C4/C3 0.0116/0.1554  tilt -6.134/+2.923  contact 0.61  (15 outer, 1039 pcg, 6626s)
step 311 uz 1.5950 Fz    -724.5 N  dmg  16.38%  maxVM  34.18  slip C4/C3 0.0115/0.1560  tilt -6.148/+2.922  contact 0.61  (15 outer, 722 pcg, 6637s)
step 312 uz 1.6000 Fz    -777.8 N  dmg  16.38%  maxVM  34.20  slip C4/C3 0.0115/0.1561  tilt -6.160/+2.921  contact 0.62  (15 outer, 668 pcg, 6643s)
step 313 uz 1.6050 Fz    -740.9 N  dmg  16.38%  maxVM  34.24  slip C4/C3 0.0115/0.1563  tilt -6.175/+2.919  contact 0.62  (15 outer, 714 pcg, 6650s)
step 314 uz 1.6100 Fz    -739.1 N  dmg  16.38%  maxVM  34.45  slip C4/C3 0.0114/0.1566  tilt -6.190/+2.917  contact 0.62  (15 outer, 820 pcg, 6658s)
step 315 uz 1.6150 Fz    -693.3 N  dmg  16.38%  maxVM  34.47  slip C4/C3 0.0115/0.1569  tilt -6.208/+2.915  contact 0.61  (15 outer, 754 pcg, 6665s)
step 316 uz 1.6200 Fz    -731.6 N  dmg  16.38%  maxVM  34.58  slip C4/C3 0.0114/0.1572  tilt -6.224/+2.913  contact 0.62  (15 outer, 764 pcg, 6672s)
step 317 uz 1.6250 Fz    -760.0 N  dmg  16.38%  maxVM  34.93  slip C4/C3 0.0114/0.1578  tilt -6.238/+2.912  contact 0.62  (15 outer, 738 pcg, 6679s)
step 368 uz 1.8800 Fz    -932.4 N  dmg  13.50%  maxVM  34.66  slip C4/C3 0.0188/0.3133  tilt -6.981/+2.552  contact 0.76  (15 outer, 877 pcg, 6684s)
step  23 lat_bend_pos 5.75 deg  load    912.97 Nmm  Fz  -100.3  dmg  0.72%  maxVM  38.81  slip C4/C3 0.0170/0.2990  contact 0.08 (15 outer, 898s)
step 318 uz 1.6300 Fz    -757.6 N  dmg  16.38%  maxVM  34.99  slip C4/C3 0.0113/0.1580  tilt -6.252/+2.909  contact 0.62  (15 outer, 754 pcg, 6690s)
step 319 uz 1.6350 Fz    -762.2 N  dmg  16.38%  maxVM  34.54  slip C4/C3 0.0113/0.1584  tilt -6.266/+2.908  contact 0.62  (15 outer, 662 pcg, 6699s)
step  24 lat_bend_pos 6.00 deg  load    693.89 Nmm  Fz  -100.1  dmg  0.86%  maxVM  34.94  slip C4/C3 0.0182/0.3182  contact 0.08 (15 outer, 947s)
step 320 uz 1.6400 Fz    -683.9 N  dmg  16.39%  maxVM  34.65  slip C4/C3 0.0113/0.1596  tilt -6.543/+2.869  contact 0.61  (15 outer, 1209 pcg, 6739s)
step 321 uz 1.6450 Fz    -738.1 N  dmg  16.39%  maxVM  34.66  slip C4/C3 0.0113/0.1599  tilt -6.559/+2.868  contact 0.62  (15 outer, 730 pcg, 6746s)
step 322 uz 1.6500 Fz    -761.4 N  dmg  16.39%  maxVM  34.90  slip C4/C3 0.0113/0.1603  tilt -6.573/+2.867  contact 0.61  (15 outer, 704 pcg, 6753s)
step 323 uz 1.6550 Fz    -769.8 N  dmg  16.39%  maxVM  34.93  slip C4/C3 0.0112/0.1605  tilt -6.587/+2.865  contact 0.62  (15 outer, 803 pcg, 6761s)
step 324 uz 1.6600 Fz    -772.6 N  dmg  16.39%  maxVM  34.98  slip C4/C3 0.0113/0.1610  tilt -6.600/+2.863  contact 0.62  (15 outer, 737 pcg, 6768s)
step  25 lat_bend_pos 6.25 deg  load    738.77 Nmm  Fz  -100.2  dmg  1.02%  maxVM  34.95  slip C4/C3 0.0191/0.3329  contact 0.09 (15 outer, 984s)
step 325 uz 1.6650 Fz    -743.7 N  dmg  16.40%  maxVM  34.84  slip C4/C3 0.0112/0.1615  tilt -6.615/+2.857  contact 0.62  (15 outer, 693 pcg, 6788s)
step 369 uz 1.8850 Fz    -931.9 N  dmg  13.59%  maxVM  41.00  slip C4/C3 0.0195/0.3185  tilt -7.015/+2.563  contact 0.76  (15 outer, 880 pcg, 6795s)
step 326 uz 1.6700 Fz    -751.1 N  dmg  16.40%  maxVM  34.89  slip C4/C3 0.0112/0.1620  tilt -6.631/+2.856  contact 0.62  (15 outer, 722 pcg, 6797s)
step 327 uz 1.6750 Fz    -798.4 N  dmg  16.40%  maxVM  34.95  slip C4/C3 0.0111/0.1622  tilt -6.644/+2.856  contact 0.62  (15 outer, 674 pcg, 6804s)
step 328 uz 1.6800 Fz    -768.1 N  dmg  16.41%  maxVM  34.77  slip C4/C3 0.0111/0.1628  tilt -6.660/+2.853  contact 0.62  (15 outer, 651 pcg, 6817s)
step  26 lat_bend_pos 6.50 deg  load    838.26 Nmm  Fz  -100.3  dmg  1.20%  maxVM  33.07  slip C4/C3 0.0189/0.3512  contact 0.11 (15 outer, 1031s)
step 329 uz 1.6850 Fz    -757.9 N  dmg  16.42%  maxVM  34.75  slip C4/C3 0.0111/0.1634  tilt -6.674/+2.850  contact 0.62  (15 outer, 746 pcg, 6833s)
step 330 uz 1.6900 Fz    -764.9 N  dmg  16.42%  maxVM  34.71  slip C4/C3 0.0111/0.1638  tilt -6.690/+2.850  contact 0.62  (15 outer, 730 pcg, 6840s)
step 331 uz 1.6950 Fz    -793.2 N  dmg  16.42%  maxVM  34.88  slip C4/C3 0.0110/0.1640  tilt -6.704/+2.850  contact 0.62  (15 outer, 714 pcg, 6847s)
step 332 uz 1.7000 Fz    -774.5 N  dmg  16.42%  maxVM  34.67  slip C4/C3 0.0110/0.1647  tilt -6.719/+2.847  contact 0.62  (15 outer, 715 pcg, 6860s)
step  27 lat_bend_pos 6.75 deg  load    825.49 Nmm  Fz  -100.3  dmg  1.27%  maxVM  34.63  slip C4/C3 0.0200/0.3662  contact 0.12 (15 outer, 1071s)
step 333 uz 1.7050 Fz    -720.1 N  dmg  16.42%  maxVM  34.85  slip C4/C3 0.0110/0.1648  tilt -6.737/+2.846  contact 0.62  (15 outer, 838 pcg, 6868s)
step 370 uz 1.8900 Fz    -935.0 N  dmg  13.66%  maxVM  34.95  slip C4/C3 0.0206/0.3221  tilt -7.061/+2.600  contact 0.75  (15 outer, 836 pcg, 6884s)
step 334 uz 1.7100 Fz    -769.3 N  dmg  16.44%  maxVM  34.67  slip C4/C3 0.0110/0.1674  tilt -7.001/+2.863  contact 0.62  (15 outer, 1195 pcg, 6902s)
step 335 uz 1.7150 Fz    -830.8 N  dmg  16.44%  maxVM  34.78  slip C4/C3 0.0109/0.1674  tilt -7.012/+2.865  contact 0.62  (15 outer, 682 pcg, 6908s)
step  28 lat_bend_pos 7.00 deg  load    921.51 Nmm  Fz  -100.4  dmg  1.45%  maxVM  33.84  slip C4/C3 0.0206/0.3805  contact 0.12 (15 outer, 1117s)
step 371 uz 1.8950 Fz    -918.3 N  dmg  13.67%  maxVM  34.87  slip C4/C3 0.0209/0.3232  tilt -7.080/+2.598  contact 0.75  (15 outer, 864 pcg, 6909s)
step 336 uz 1.7200 Fz    -798.8 N  dmg  16.44%  maxVM  34.96  slip C4/C3 0.0109/0.1676  tilt -7.023/+2.867  contact 0.62  (15 outer, 762 pcg, 6916s)
step 372 uz 1.9000 Fz    -949.6 N  dmg  13.67%  maxVM  34.85  slip C4/C3 0.0210/0.3236  tilt -7.094/+2.601  contact 0.75  (15 outer, 886 pcg, 6917s)
step 337 uz 1.7250 Fz    -814.9 N  dmg  16.44%  maxVM  34.97  slip C4/C3 0.0109/0.1680  tilt -7.033/+2.869  contact 0.62  (15 outer, 714 pcg, 6926s)
step 373 uz 1.9050 Fz    -926.3 N  dmg  13.67%  maxVM  34.91  slip C4/C3 0.0213/0.3238  tilt -7.108/+2.601  contact 0.76  (15 outer, 891 pcg, 6930s)
step  29 lat_bend_pos 7.25 deg  load    943.38 Nmm  Fz  -100.4  dmg  1.52%  maxVM  33.05  slip C4/C3 0.0215/0.3934  contact 0.13 (15 outer, 1143s)
step 338 uz 1.7300 Fz    -808.5 N  dmg  16.45%  maxVM  34.89  slip C4/C3 0.0108/0.1688  tilt -7.040/+2.869  contact 0.62  (15 outer, 706 pcg, 6944s)
step 339 uz 1.7350 Fz    -821.7 N  dmg  16.46%  maxVM  34.99  slip C4/C3 0.0108/0.1689  tilt -7.050/+2.871  contact 0.62  (15 outer, 654 pcg, 6954s)
step  30 lat_bend_pos 7.50 deg  load   1044.05 Nmm  Fz  -100.5  dmg  1.57%  maxVM  34.95  slip C4/C3 0.0227/0.4056  contact 0.14 (15 outer, 1167s)
step 340 uz 1.7400 Fz    -803.1 N  dmg  16.47%  maxVM  34.91  slip C4/C3 0.0108/0.1701  tilt -7.057/+2.874  contact 0.62  (15 outer, 627 pcg, 6972s)
step  31 lat_bend_pos 7.75 deg  load   1051.42 Nmm  Fz  -100.5  dmg  1.64%  maxVM  33.85  slip C4/C3 0.0238/0.4183  contact 0.14 (15 outer, 1196s)
step 374 uz 1.9100 Fz    -906.7 N  dmg  13.72%  maxVM  34.82  slip C4/C3 0.0228/0.3272  tilt -7.367/+3.115  contact 0.74  (15 outer, 1310 pcg, 6989s)
step 341 uz 1.7450 Fz    -781.2 N  dmg  16.48%  maxVM  34.62  slip C4/C3 0.0107/0.1705  tilt -7.067/+2.880  contact 0.62  (15 outer, 690 pcg, 6992s)
step 375 uz 1.9150 Fz    -952.7 N  dmg  13.72%  maxVM  34.92  slip C4/C3 0.0229/0.3284  tilt -7.376/+3.110  contact 0.75  (15 outer, 886 pcg, 7002s)
step 342 uz 1.7500 Fz    -810.6 N  dmg  16.49%  maxVM  34.62  slip C4/C3 0.0107/0.1714  tilt -7.080/+2.884  contact 0.62  (15 outer, 700 pcg, 7004s)
step 343 uz 1.7550 Fz    -814.9 N  dmg  16.49%  maxVM  34.99  slip C4/C3 0.0107/0.1716  tilt -7.092/+2.886  contact 0.62  (15 outer, 735 pcg, 7011s)
step 376 uz 1.9200 Fz    -929.4 N  dmg  13.72%  maxVM  34.88  slip C4/C3 0.0232/0.3288  tilt -7.385/+3.102  contact 0.75  (15 outer, 871 pcg, 7015s)
step  32 lat_bend_pos 8.00 deg  load   1109.37 Nmm  Fz  -100.5  dmg  1.71%  maxVM  32.92  slip C4/C3 0.0248/0.4312  contact 0.14 (15 outer, 1227s)
step 377 uz 1.9250 Fz    -947.8 N  dmg  13.72%  maxVM  34.90  slip C4/C3 0.0233/0.3289  tilt -7.396/+3.100  contact 0.75  (15 outer, 848 pcg, 7023s)
step 378 uz 1.9300 Fz    -933.8 N  dmg  13.72%  maxVM  34.94  slip C4/C3 0.0235/0.3295  tilt -7.409/+3.097  contact 0.75  (15 outer, 917 pcg, 7031s)
step 344 uz 1.7600 Fz    -810.1 N  dmg  16.50%  maxVM  34.88  slip C4/C3 0.0107/0.1728  tilt -7.099/+2.892  contact 0.62  (15 outer, 688 pcg, 7037s)
step  33 lat_bend_pos 8.25 deg  load   1211.31 Nmm  Fz  -100.8  dmg  1.76%  maxVM  33.51  slip C4/C3 0.0260/0.4435  contact 0.15 (15 outer, 1249s)
step 379 uz 1.9350 Fz    -950.9 N  dmg  13.72%  maxVM  34.70  slip C4/C3 0.0236/0.3301  tilt -7.419/+3.094  contact 0.74  (15 outer, 825 pcg, 7043s)
step 345 uz 1.7650 Fz    -825.3 N  dmg  16.51%  maxVM  34.85  slip C4/C3 0.0106/0.1731  tilt -7.108/+2.896  contact 0.62  (15 outer, 709 pcg, 7050s)
step 380 uz 1.9400 Fz    -953.8 N  dmg  13.72%  maxVM  34.83  slip C4/C3 0.0239/0.3302  tilt -7.431/+3.093  contact 0.75  (15 outer, 838 pcg, 7051s)
step 381 uz 1.9450 Fz   -1004.7 N  dmg  13.72%  maxVM  34.84  slip C4/C3 0.0239/0.3308  tilt -7.442/+3.090  contact 0.74  (15 outer, 835 pcg, 7059s)
step  34 lat_bend_pos 8.50 deg  load   1237.04 Nmm  Fz  -100.7  dmg  1.80%  maxVM  33.91  slip C4/C3 0.0270/0.4557  contact 0.15 (15 outer, 1275s)
step 346 uz 1.7700 Fz    -793.1 N  dmg  16.52%  maxVM  34.69  slip C4/C3 0.0106/0.1742  tilt -7.122/+2.902  contact 0.62  (15 outer, 685 pcg, 7069s)
step 382 uz 1.9500 Fz    -944.0 N  dmg  13.73%  maxVM  34.59  slip C4/C3 0.0243/0.3308  tilt -7.456/+3.087  contact 0.75  (15 outer, 920 pcg, 7071s)
step 383 uz 1.9550 Fz    -964.8 N  dmg  13.73%  maxVM  34.82  slip C4/C3 0.0242/0.3315  tilt -7.468/+3.086  contact 0.75  (15 outer, 822 pcg, 7079s)
step 347 uz 1.7750 Fz    -824.7 N  dmg  16.53%  maxVM  34.71  slip C4/C3 0.0105/0.1745  tilt -7.133/+2.907  contact 0.62  (15 outer, 694 pcg, 7083s)
step  35 lat_bend_pos 8.75 deg  load   1348.15 Nmm  Fz  -100.9  dmg  1.84%  maxVM  31.46  slip C4/C3 0.0281/0.4677  contact 0.16 (15 outer, 1292s)
step 384 uz 1.9600 Fz    -995.6 N  dmg  13.73%  maxVM  34.80  slip C4/C3 0.0246/0.3317  tilt -7.480/+3.088  contact 0.75  (15 outer, 754 pcg, 7086s)
step 348 uz 1.7800 Fz    -808.4 N  dmg  16.53%  maxVM  34.86  slip C4/C3 0.0106/0.1751  tilt -7.147/+2.913  contact 0.62  (15 outer, 745 pcg, 7096s)
step 385 uz 1.9650 Fz    -950.5 N  dmg  13.73%  maxVM  34.98  slip C4/C3 0.0246/0.3324  tilt -7.498/+3.083  contact 0.75  (15 outer, 877 pcg, 7099s)
step  36 lat_bend_pos 9.00 deg  load   1435.55 Nmm  Fz  -100.9  dmg  1.87%  maxVM  34.43  slip C4/C3 0.0292/0.4795  contact 0.16 (15 outer, 1310s)
step 349 uz 1.7850 Fz    -869.9 N  dmg  16.53%  maxVM  34.88  slip C4/C3 0.0105/0.1754  tilt -7.158/+2.915  contact 0.63  (15 outer, 685 pcg, 7103s)
step 350 uz 1.7900 Fz    -878.9 N  dmg  16.53%  maxVM  34.94  slip C4/C3 0.0105/0.1756  tilt -7.169/+2.918  contact 0.62  (15 outer, 708 pcg, 7110s)
step 386 uz 1.9700 Fz    -968.2 N  dmg  13.73%  maxVM  34.04  slip C4/C3 0.0250/0.3333  tilt -7.513/+3.081  contact 0.75  (15 outer, 857 pcg, 7115s)
step 351 uz 1.7950 Fz    -833.7 N  dmg  16.53%  maxVM  34.95  slip C4/C3 0.0105/0.1760  tilt -7.182/+2.920  contact 0.63  (15 outer, 761 pcg, 7117s)
step  37 lat_bend_pos 9.25 deg  load   1487.72 Nmm  Fz  -100.9  dmg  1.90%  maxVM  32.19  slip C4/C3 0.0303/0.4912  contact 0.16 (15 outer, 1329s)
step 387 uz 1.9750 Fz    -997.2 N  dmg  13.73%  maxVM  34.12  slip C4/C3 0.0249/0.3341  tilt -7.523/+3.081  contact 0.75  (15 outer, 823 pcg, 7123s)
step 388 uz 1.9800 Fz    -965.7 N  dmg  13.73%  maxVM  34.23  slip C4/C3 0.0251/0.3343  tilt -7.537/+3.081  contact 0.76  (15 outer, 965 pcg, 7132s)
step 389 uz 1.9850 Fz   -1009.8 N  dmg  13.73%  maxVM  34.32  slip C4/C3 0.0252/0.3344  tilt -7.550/+3.079  contact 0.75  (15 outer, 891 pcg, 7140s)
step  38 lat_bend_pos 9.50 deg  load   1529.18 Nmm  Fz  -101.1  dmg  1.94%  maxVM  32.90  slip C4/C3 0.0312/0.5028  contact 0.17 (15 outer, 1352s)
step 390 uz 1.9900 Fz   -1002.8 N  dmg  13.73%  maxVM  34.43  slip C4/C3 0.0253/0.3350  tilt -7.565/+3.079  contact 0.76  (15 outer, 870 pcg, 7148s)
step 352 uz 1.8000 Fz    -826.9 N  dmg  16.55%  maxVM  34.82  slip C4/C3 0.0105/0.1775  tilt -7.190/+2.928  contact 0.63  (15 outer, 682 pcg, 7149s)
step 391 uz 1.9950 Fz    -986.5 N  dmg  13.73%  maxVM  34.52  slip C4/C3 0.0254/0.3353  tilt -7.579/+3.080  contact 0.75  (15 outer, 860 pcg, 7156s)
step 392 uz 2.0000 Fz   -1027.7 N  dmg  13.73%  maxVM  34.62  slip C4/C3 0.0257/0.3360  tilt -7.592/+3.080  contact 0.76  (15 outer, 879 pcg, 7165s)
step 353 uz 1.8050 Fz    -846.7 N  dmg  16.57%  maxVM  34.93  slip C4/C3 0.0104/0.1778  tilt -7.199/+2.932  contact 0.63  (15 outer, 696 pcg, 7165s)
step  39 lat_bend_pos 9.75 deg  load   1624.63 Nmm  Fz  -101.2  dmg  1.96%  maxVM  34.41  slip C4/C3 0.0323/0.5144  contact 0.18 (15 outer, 1374s)
step 393 uz 2.0050 Fz   -1016.1 N  dmg  13.73%  maxVM  34.72  slip C4/C3 0.0257/0.3363  tilt -7.607/+3.080  contact 0.75  (15 outer, 888 pcg, 7173s)
step 394 uz 2.0100 Fz   -1008.0 N  dmg  13.73%  maxVM  34.83  slip C4/C3 0.0258/0.3370  tilt -7.621/+3.079  contact 0.76  (15 outer, 875 pcg, 7181s)
step 395 uz 2.0150 Fz    -991.2 N  dmg  13.73%  maxVM  34.93  slip C4/C3 0.0259/0.3373  tilt -7.637/+3.079  contact 0.75  (15 outer, 884 pcg, 7190s)
step  40 lat_bend_pos 10.00 deg  load   1719.74 Nmm  Fz  -101.2  dmg  2.00%  maxVM  34.69  slip C4/C3 0.0333/0.5265  contact 0.18 (15 outer, 1405s)
{"design": "B_tread", "mode": "lat_bend_pos", "dof": 4, "stop_reason": "imposed limit reached", "preload_N": 100.0, "max_imposed": 0.1745329251994331, "max_imposed_unit": "rad", "max_load": 1719.7371052007586, "load_unit": "Nmm", "load_at_endpoint": 1719.7371052007586, "final_damage": 0.019998507574061637, "final_slip": 0.5264887088532113, "max_vm": 38.81374592100409, "steps": 40, "wall_s": 1404.5271835327148}
[gpu_pool] pid 1907006 cuda:2(GPU7) done ('sixdof', 'B_tread', 'lat_bend_pos') 1405.2s
=== Test 3 6-DOF A_smooth lat_bend_neg: preload 100.0 N (force), dof 4 displacement-controlled, device cuda:2
step 354 uz 1.8100 Fz    -767.4 N  dmg  16.58%  maxVM  34.87  slip C4/C3 0.0104/0.1789  tilt -7.299/+2.951  contact 0.63  (15 outer, 698 pcg, 7198s)
step 396 uz 2.0200 Fz    -968.6 N  dmg  13.73%  maxVM  34.71  slip C4/C3 0.0261/0.3378  tilt -7.656/+3.082  contact 0.76  (15 outer, 846 pcg, 7202s)
   preload secant 0: Uz 0.00833 mm -> Fz -104.66 N
step 355 uz 1.8150 Fz    -821.6 N  dmg  16.58%  maxVM  34.93  slip C4/C3 0.0104/0.1793  tilt -7.314/+2.955  contact 0.63  (15 outer, 753 pcg, 7209s)
step 397 uz 2.0250 Fz   -1012.9 N  dmg  13.73%  maxVM  34.87  slip C4/C3 0.0262/0.3384  tilt -7.670/+3.081  contact 0.75  (15 outer, 877 pcg, 7210s)
   preload secant 1: Uz 0.00794 mm -> Fz -93.34 N
   preload secant 2: Uz 0.00817 mm -> Fz -92.64 N
   preload secant 3: Uz 0.01553 mm -> Fz -185.02 N
step 398 uz 2.0300 Fz   -1007.8 N  dmg  13.74%  maxVM  34.95  slip C4/C3 0.0265/0.3396  tilt -7.689/+3.079  contact 0.76  (15 outer, 844 pcg, 7235s)
   preload secant 4: Uz 0.00876 mm -> Fz -98.35 N
step 399 uz 2.0350 Fz    -997.5 N  dmg  13.74%  maxVM  34.69  slip C4/C3 0.0266/0.3402  tilt -7.708/+3.078  contact 0.75  (15 outer, 856 pcg, 7247s)
step 400 uz 2.0400 Fz   -1015.0 N  dmg  13.74%  maxVM  34.78  slip C4/C3 0.0267/0.3405  tilt -7.723/+3.080  contact 0.76  (15 outer, 882 pcg, 7256s)
step 401 uz 2.0450 Fz   -1002.0 N  dmg  13.74%  maxVM  34.86  slip C4/C3 0.0268/0.3410  tilt -7.738/+3.083  contact 0.75  (15 outer, 841 pcg, 7264s)
step 402 uz 2.0500 Fz   -1005.2 N  dmg  13.74%  maxVM  34.95  slip C4/C3 0.0269/0.3417  tilt -7.753/+3.087  contact 0.76  (15 outer, 899 pcg, 7272s)
step 403 uz 2.0550 Fz    -958.6 N  dmg  13.74%  maxVM  34.69  slip C4/C3 0.0271/0.3419  tilt -7.773/+3.092  contact 0.75  (15 outer, 917 pcg, 7285s)
step 404 uz 2.0600 Fz    -957.1 N  dmg  13.74%  maxVM  34.82  slip C4/C3 0.0272/0.3421  tilt -7.787/+3.095  contact 0.76  (15 outer, 900 pcg, 7293s)
step 356 uz 1.8200 Fz    -790.3 N  dmg  16.89%  maxVM  51.90  slip C4/C3 0.0107/0.1834  tilt -7.811/+3.021  contact 0.61  (15 outer, 1041 pcg, 7306s)
step 405 uz 2.0650 Fz   -1048.0 N  dmg  13.75%  maxVM  34.82  slip C4/C3 0.0273/0.3435  tilt -7.797/+3.094  contact 0.75  (15 outer, 737 pcg, 7308s)
step 406 uz 2.0700 Fz    -945.8 N  dmg  13.75%  maxVM  34.76  slip C4/C3 0.0276/0.3436  tilt -7.821/+3.104  contact 0.76  (15 outer, 1044 pcg, 7321s)
step 407 uz 2.0750 Fz    -990.7 N  dmg  13.75%  maxVM  34.84  slip C4/C3 0.0276/0.3439  tilt -7.835/+3.108  contact 0.76  (15 outer, 839 pcg, 7329s)
step 408 uz 2.0800 Fz    -997.2 N  dmg  13.75%  maxVM  34.93  slip C4/C3 0.0277/0.3447  tilt -7.852/+3.113  contact 0.76  (15 outer, 937 pcg, 7341s)
step 409 uz 2.0850 Fz    -962.7 N  dmg  13.75%  maxVM  34.74  slip C4/C3 0.0278/0.3452  tilt -7.871/+3.122  contact 0.76  (15 outer, 1049 pcg, 7354s)
step 410 uz 2.0900 Fz   -1044.4 N  dmg  13.75%  maxVM  34.61  slip C4/C3 0.0281/0.3461  tilt -7.885/+3.123  contact 0.76  (15 outer, 814 pcg, 7362s)
step 411 uz 2.0950 Fz    -949.3 N  dmg  13.75%  maxVM  34.68  slip C4/C3 0.0280/0.3471  tilt -7.920/+3.163  contact 0.76  (15 outer, 1113 pcg, 7372s)
step 412 uz 2.1000 Fz   -1028.0 N  dmg  13.75%  maxVM  34.75  slip C4/C3 0.0281/0.3471  tilt -7.931/+3.164  contact 0.76  (15 outer, 816 pcg, 7380s)
step 413 uz 2.1050 Fz   -1073.2 N  dmg  13.75%  maxVM  35.00  slip C4/C3 0.0281/0.3478  tilt -7.946/+3.164  contact 0.75  (15 outer, 865 pcg, 7388s)
   preload done: Fz -100.00 N, Uz -0.00906 mm
step 414 uz 2.1100 Fz    -995.0 N  dmg  13.76%  maxVM  34.87  slip C4/C3 0.0282/0.3484  tilt -7.964/+3.171  contact 0.75  (15 outer, 1064 pcg, 7401s)
step 357 uz 1.8250 Fz    -778.1 N  dmg  17.36%  maxVM  37.13  slip C4/C3 0.0108/0.1864  tilt -7.851/+3.020  contact 0.61  (15 outer, 777 pcg, 7406s)
step 415 uz 2.1150 Fz   -1028.4 N  dmg  13.76%  maxVM  34.93  slip C4/C3 0.0284/0.3489  tilt -7.977/+3.173  contact 0.76  (15 outer, 843 pcg, 7409s)
step 416 uz 2.1200 Fz   -1004.8 N  dmg  13.76%  maxVM  34.68  slip C4/C3 0.0286/0.3492  tilt -7.990/+3.178  contact 0.76  (15 outer, 896 pcg, 7422s)
step   1 lat_bend_neg -0.25 deg  load   -914.90 Nmm  Fz  -100.0  dmg  0.00%  maxVM   9.02  slip C4/C3 0.0017/0.0028  contact 0.40 (5 outer, 229s)
step 417 uz 2.1250 Fz   -1055.9 N  dmg  13.76%  maxVM  34.87  slip C4/C3 0.0286/0.3498  tilt -8.003/+3.180  contact 0.76  (15 outer, 824 pcg, 7430s)
step 418 uz 2.1300 Fz   -1074.2 N  dmg  13.76%  maxVM  34.99  slip C4/C3 0.0288/0.3504  tilt -8.017/+3.183  contact 0.76  (15 outer, 840 pcg, 7437s)
step 358 uz 1.8300 Fz    -778.2 N  dmg  17.41%  maxVM  34.82  slip C4/C3 0.0108/0.1878  tilt -7.877/+3.017  contact 0.60  (15 outer, 759 pcg, 7446s)
step 419 uz 2.1350 Fz    -933.7 N  dmg  13.76%  maxVM  34.95  slip C4/C3 0.0288/0.3506  tilt -8.089/+3.279  contact 0.75  (15 outer, 896 pcg, 7453s)
step 359 uz 1.8350 Fz    -814.3 N  dmg  17.41%  maxVM  34.86  slip C4/C3 0.0107/0.1880  tilt -7.891/+3.017  contact 0.61  (15 outer, 795 pcg, 7454s)
step   2 lat_bend_neg -0.50 deg  load   -984.16 Nmm  Fz  -100.1  dmg  0.00%  maxVM  11.92  slip C4/C3 0.0038/0.0091  contact 0.25 (5 outer, 259s)
step 420 uz 2.1400 Fz   -1063.3 N  dmg  13.76%  maxVM  34.91  slip C4/C3 0.0294/0.3510  tilt -8.100/+3.282  contact 0.76  (15 outer, 777 pcg, 7461s)
step 360 uz 1.8400 Fz    -828.7 N  dmg  17.41%  maxVM  34.98  slip C4/C3 0.0108/0.1883  tilt -7.904/+3.019  contact 0.60  (15 outer, 795 pcg, 7462s)
step 421 uz 2.1450 Fz   -1050.9 N  dmg  13.76%  maxVM  34.91  slip C4/C3 0.0290/0.3516  tilt -8.109/+3.283  contact 0.75  (15 outer, 891 pcg, 7469s)
step 361 uz 1.8450 Fz    -840.3 N  dmg  17.42%  maxVM  34.57  slip C4/C3 0.0108/0.1887  tilt -7.916/+3.020  contact 0.61  (15 outer, 768 pcg, 7473s)
step   3 lat_bend_neg -0.75 deg  load  -1044.47 Nmm  Fz  -100.0  dmg  0.00%  maxVM  13.64  slip C4/C3 0.0064/0.0177  contact 0.21 (3 outer, 278s)
step 422 uz 2.1500 Fz   -1084.7 N  dmg  13.76%  maxVM  34.94  slip C4/C3 0.0292/0.3525  tilt -8.119/+3.285  contact 0.76  (15 outer, 797 pcg, 7477s)
step 362 uz 1.8500 Fz    -808.9 N  dmg  17.42%  maxVM  34.25  slip C4/C3 0.0109/0.1889  tilt -7.930/+3.019  contact 0.60  (15 outer, 837 pcg, 7481s)
step 363 uz 1.8550 Fz    -826.1 N  dmg  17.42%  maxVM  34.61  slip C4/C3 0.0108/0.1892  tilt -7.945/+3.020  contact 0.61  (15 outer, 836 pcg, 7489s)
step   4 lat_bend_neg -1.00 deg  load  -1055.86 Nmm  Fz  -100.0  dmg  0.00%  maxVM  14.82  slip C4/C3 0.0083/0.0255  contact 0.18 (3 outer, 297s)
step 364 uz 1.8600 Fz    -818.1 N  dmg  17.42%  maxVM  34.46  slip C4/C3 0.0109/0.1895  tilt -7.958/+3.019  contact 0.60  (15 outer, 778 pcg, 7496s)
step 423 uz 2.1550 Fz   -1029.8 N  dmg  13.76%  maxVM  34.92  slip C4/C3 0.0293/0.3535  tilt -8.136/+3.285  contact 0.76  (15 outer, 952 pcg, 7498s)
step 365 uz 1.8650 Fz    -838.8 N  dmg  17.42%  maxVM  34.46  slip C4/C3 0.0107/0.1898  tilt -7.973/+3.019  contact 0.61  (15 outer, 794 pcg, 7504s)
step 424 uz 2.1600 Fz   -1052.3 N  dmg  13.77%  maxVM  34.53  slip C4/C3 0.0296/0.3548  tilt -8.152/+3.287  contact 0.76  (15 outer, 861 pcg, 7509s)
step 366 uz 1.8700 Fz    -864.9 N  dmg  17.42%  maxVM  34.97  slip C4/C3 0.0109/0.1900  tilt -7.986/+3.021  contact 0.61  (15 outer, 796 pcg, 7511s)
step   5 lat_bend_neg -1.25 deg  load  -1068.44 Nmm  Fz  -100.1  dmg  0.00%  maxVM  15.86  slip C4/C3 0.0063/0.0354  contact 0.16 (3 outer, 316s)
step 425 uz 2.1650 Fz   -1012.6 N  dmg  13.77%  maxVM  34.63  slip C4/C3 0.0294/0.3550  tilt -8.168/+3.290  contact 0.76  (15 outer, 957 pcg, 7518s)
step 367 uz 1.8750 Fz    -819.6 N  dmg  17.42%  maxVM  34.52  slip C4/C3 0.0109/0.1903  tilt -8.000/+3.019  contact 0.61  (15 outer, 814 pcg, 7519s)
step 426 uz 2.1700 Fz   -1061.7 N  dmg  13.77%  maxVM  34.69  slip C4/C3 0.0297/0.3554  tilt -8.183/+3.293  contact 0.75  (15 outer, 843 pcg, 7526s)
step 368 uz 1.8800 Fz    -837.8 N  dmg  17.42%  maxVM  34.83  slip C4/C3 0.0109/0.1906  tilt -8.013/+3.017  contact 0.61  (15 outer, 804 pcg, 7527s)
step   6 lat_bend_neg -1.50 deg  load  -1062.99 Nmm  Fz  -100.2  dmg  0.00%  maxVM  16.61  slip C4/C3 0.0085/0.0453  contact 0.15 (3 outer, 333s)
step 369 uz 1.8850 Fz    -837.4 N  dmg  17.42%  maxVM  35.00  slip C4/C3 0.0109/0.1913  tilt -8.028/+3.016  contact 0.61  (15 outer, 770 pcg, 7534s)
step 427 uz 2.1750 Fz   -1063.6 N  dmg  13.77%  maxVM  34.79  slip C4/C3 0.0297/0.3555  tilt -8.199/+3.293  contact 0.76  (15 outer, 880 pcg, 7534s)
step 370 uz 1.8900 Fz    -831.5 N  dmg  17.42%  maxVM  34.92  slip C4/C3 0.0109/0.1910  tilt -8.042/+3.015  contact 0.61  (15 outer, 787 pcg, 7542s)
step 428 uz 2.1800 Fz   -1050.7 N  dmg  13.77%  maxVM  35.00  slip C4/C3 0.0297/0.3559  tilt -8.218/+3.298  contact 0.76  (15 outer, 937 pcg, 7543s)
step   7 lat_bend_neg -1.75 deg  load  -1072.20 Nmm  Fz  -100.2  dmg  0.00%  maxVM  17.49  slip C4/C3 0.0088/0.0546  contact 0.13 (2 outer, 350s)
step 429 uz 2.1850 Fz   -1101.3 N  dmg  13.77%  maxVM  34.96  slip C4/C3 0.0300/0.3564  tilt -8.232/+3.299  contact 0.76  (15 outer, 841 pcg, 7551s)
step 371 uz 1.8950 Fz    -845.5 N  dmg  17.42%  maxVM  34.81  slip C4/C3 0.0109/0.1917  tilt -8.056/+3.017  contact 0.61  (15 outer, 800 pcg, 7553s)
step   8 lat_bend_neg -2.00 deg  load  -1066.67 Nmm  Fz  -100.2  dmg  0.00%  maxVM  18.22  slip C4/C3 0.0099/0.0640  contact 0.12 (3 outer, 366s)
step 430 uz 2.1900 Fz   -1073.2 N  dmg  13.77%  maxVM  34.73  slip C4/C3 0.0299/0.3572  tilt -8.248/+3.300  contact 0.76  (15 outer, 882 pcg, 7563s)
step 372 uz 1.9000 Fz    -866.0 N  dmg  17.42%  maxVM  34.88  slip C4/C3 0.0109/0.1920  tilt -8.070/+3.019  contact 0.61  (15 outer, 741 pcg, 7564s)
step 373 uz 1.9050 Fz    -873.3 N  dmg  17.42%  maxVM  34.96  slip C4/C3 0.0109/0.1924  tilt -8.084/+3.020  contact 0.61  (15 outer, 731 pcg, 7571s)
step 431 uz 2.1950 Fz   -1078.9 N  dmg  13.77%  maxVM  34.77  slip C4/C3 0.0302/0.3578  tilt -8.261/+3.303  contact 0.76  (15 outer, 815 pcg, 7571s)
step 432 uz 2.2000 Fz   -1012.8 N  dmg  13.77%  maxVM  34.84  slip C4/C3 0.0301/0.3577  tilt -8.279/+3.308  contact 0.76  (15 outer, 954 pcg, 7580s)
step 374 uz 1.9100 Fz    -825.3 N  dmg  17.42%  maxVM  34.49  slip C4/C3 0.0110/0.1926  tilt -8.101/+3.021  contact 0.61  (15 outer, 795 pcg, 7582s)
step 433 uz 2.2050 Fz   -1083.6 N  dmg  13.77%  maxVM  34.90  slip C4/C3 0.0302/0.3584  tilt -8.293/+3.312  contact 0.76  (15 outer, 810 pcg, 7587s)
step   9 lat_bend_neg -2.25 deg  load  -1068.93 Nmm  Fz  -100.2  dmg  0.00%  maxVM  19.37  slip C4/C3 0.0074/0.0745  contact 0.11 (10 outer, 392s)
step 375 uz 1.9150 Fz    -822.4 N  dmg  17.42%  maxVM  34.56  slip C4/C3 0.0109/0.1931  tilt -8.116/+3.020  contact 0.61  (15 outer, 820 pcg, 7590s)
step 376 uz 1.9200 Fz    -834.2 N  dmg  17.42%  maxVM  34.65  slip C4/C3 0.0110/0.1932  tilt -8.131/+3.019  contact 0.61  (15 outer, 762 pcg, 7598s)
step 434 uz 2.2100 Fz   -1017.2 N  dmg  13.77%  maxVM  34.98  slip C4/C3 0.0303/0.3589  tilt -8.313/+3.320  contact 0.76  (15 outer, 844 pcg, 7600s)
step 377 uz 1.9250 Fz    -847.3 N  dmg  17.42%  maxVM  34.71  slip C4/C3 0.0109/0.1939  tilt -8.146/+3.019  contact 0.61  (15 outer, 756 pcg, 7605s)
step  10 lat_bend_neg -2.50 deg  load  -1079.65 Nmm  Fz  -100.3  dmg  0.00%  maxVM  20.13  slip C4/C3 0.0072/0.0857  contact 0.11 (5 outer, 410s)
step 378 uz 1.9300 Fz    -861.1 N  dmg  17.42%  maxVM  34.98  slip C4/C3 0.0110/0.1938  tilt -8.161/+3.021  contact 0.61  (15 outer, 824 pcg, 7613s)
step 435 uz 2.2150 Fz   -1067.2 N  dmg  13.78%  maxVM  34.85  slip C4/C3 0.0306/0.3605  tilt -8.369/+3.385  contact 0.76  (15 outer, 1066 pcg, 7619s)
step 379 uz 1.9350 Fz    -833.0 N  dmg  17.42%  maxVM  34.86  slip C4/C3 0.0108/0.1941  tilt -8.175/+3.020  contact 0.61  (15 outer, 720 pcg, 7620s)
step  11 lat_bend_neg -2.75 deg  load  -1096.72 Nmm  Fz  -100.3  dmg  0.00%  maxVM  20.97  slip C4/C3 0.0107/0.0962  contact 0.11 (4 outer, 427s)
step 436 uz 2.2200 Fz   -1108.0 N  dmg  13.78%  maxVM  34.96  slip C4/C3 0.0306/0.3605  tilt -8.384/+3.386  contact 0.76  (15 outer, 874 pcg, 7627s)
step 380 uz 1.9400 Fz    -867.3 N  dmg  17.42%  maxVM  34.91  slip C4/C3 0.0110/0.1945  tilt -8.190/+3.021  contact 0.61  (15 outer, 822 pcg, 7628s)
step  12 lat_bend_neg -3.00 deg  load  -1124.34 Nmm  Fz  -100.3  dmg  0.00%  maxVM  21.53  slip C4/C3 0.0077/0.1096  contact 0.10 (2 outer, 438s)
step 381 uz 1.9450 Fz    -844.0 N  dmg  17.42%  maxVM  34.98  slip C4/C3 0.0109/0.1947  tilt -8.206/+3.019  contact 0.62  (15 outer, 851 pcg, 7636s)
step 382 uz 1.9500 Fz    -844.9 N  dmg  17.42%  maxVM  34.98  slip C4/C3 0.0110/0.1954  tilt -8.225/+3.019  contact 0.61  (15 outer, 761 pcg, 7651s)
step  13 lat_bend_neg -3.25 deg  load  -1137.11 Nmm  Fz  -100.3  dmg  0.00%  maxVM  22.39  slip C4/C3 0.0105/0.1179  contact 0.10 (4 outer, 455s)
step 383 uz 1.9550 Fz    -860.2 N  dmg  17.42%  maxVM  34.91  slip C4/C3 0.0109/0.1957  tilt -8.239/+3.019  contact 0.62  (15 outer, 786 pcg, 7658s)
step  14 lat_bend_neg -3.50 deg  load  -1103.47 Nmm  Fz  -100.5  dmg  0.00%  maxVM  22.80  slip C4/C3 0.0075/0.1301  contact 0.09 (5 outer, 470s)
step 384 uz 1.9600 Fz    -857.5 N  dmg  17.43%  maxVM  34.74  slip C4/C3 0.0110/0.1962  tilt -8.257/+3.019  contact 0.61  (15 outer, 809 pcg, 7673s)
step 385 uz 1.9650 Fz    -891.4 N  dmg  17.43%  maxVM  34.79  slip C4/C3 0.0111/0.1968  tilt -8.271/+3.021  contact 0.62  (15 outer, 793 pcg, 7681s)
step  15 lat_bend_neg -3.75 deg  load  -1088.80 Nmm  Fz  -100.5  dmg  0.00%  maxVM  23.45  slip C4/C3 0.0095/0.1404  contact 0.09 (5 outer, 486s)
step 386 uz 1.9700 Fz    -857.0 N  dmg  17.43%  maxVM  34.89  slip C4/C3 0.0110/0.1970  tilt -8.286/+3.020  contact 0.61  (15 outer, 737 pcg, 7688s)
step  16 lat_bend_neg -4.00 deg  load  -1154.47 Nmm  Fz  -100.3  dmg  0.00%  maxVM  24.03  slip C4/C3 0.0075/0.1529  contact 0.10 (2 outer, 495s)
step 387 uz 1.9750 Fz    -894.5 N  dmg  17.43%  maxVM  34.96  slip C4/C3 0.0110/0.1971  tilt -8.300/+3.023  contact 0.62  (15 outer, 798 pcg, 7696s)
step 388 uz 1.9800 Fz    -845.2 N  dmg  17.43%  maxVM  34.85  slip C4/C3 0.0110/0.1977  tilt -8.319/+3.025  contact 0.61  (15 outer, 804 pcg, 7708s)
step  17 lat_bend_neg -4.25 deg  load  -1141.11 Nmm  Fz  -100.3  dmg  0.00%  maxVM  24.74  slip C4/C3 0.0075/0.1636  contact 0.08 (10 outer, 516s)
step 389 uz 1.9850 Fz    -877.4 N  dmg  17.43%  maxVM  34.86  slip C4/C3 0.0110/0.1980  tilt -8.334/+3.025  contact 0.62  (15 outer, 779 pcg, 7715s)
step 437 uz 2.2250 Fz   -1031.6 N  dmg  13.85%  maxVM  34.76  slip C4/C3 0.0311/0.3648  tilt -8.409/+3.421  contact 0.75  (15 outer, 993 pcg, 7715s)
step 438 uz 2.2300 Fz   -1058.1 N  dmg  13.85%  maxVM  34.85  slip C4/C3 0.0309/0.3655  tilt -8.422/+3.426  contact 0.76  (15 outer, 896 pcg, 7724s)
step 390 uz 1.9900 Fz    -875.8 N  dmg  17.43%  maxVM  34.97  slip C4/C3 0.0110/0.1985  tilt -8.351/+3.025  contact 0.62  (15 outer, 804 pcg, 7726s)
step  18 lat_bend_neg -4.50 deg  load  -1114.54 Nmm  Fz  -100.5  dmg  0.00%  maxVM  25.49  slip C4/C3 0.0092/0.1746  contact 0.09 (6 outer, 535s)
step 439 uz 2.2350 Fz   -1114.6 N  dmg  13.85%  maxVM  34.92  slip C4/C3 0.0311/0.3659  tilt -8.432/+3.429  contact 0.75  (15 outer, 762 pcg, 7731s)
step 391 uz 1.9950 Fz    -853.4 N  dmg  17.43%  maxVM  34.93  slip C4/C3 0.0110/0.1989  tilt -8.370/+3.026  contact 0.62  (15 outer, 796 pcg, 7738s)
step  19 lat_bend_neg -4.75 deg  load  -1159.69 Nmm  Fz  -100.6  dmg  0.00%  maxVM  26.42  slip C4/C3 0.0093/0.1862  contact 0.09 (2 outer, 543s)
step 440 uz 2.2400 Fz   -1055.2 N  dmg  13.85%  maxVM  34.98  slip C4/C3 0.0312/0.3667  tilt -8.447/+3.438  contact 0.75  (15 outer, 899 pcg, 7743s)
step 392 uz 2.0000 Fz    -861.6 N  dmg  17.43%  maxVM  34.96  slip C4/C3 0.0110/0.1991  tilt -8.386/+3.025  contact 0.62  (15 outer, 772 pcg, 7745s)
step  20 lat_bend_neg -5.00 deg  load  -1175.68 Nmm  Fz  -100.4  dmg  0.00%  maxVM  27.59  slip C4/C3 0.0110/0.1960  contact 0.09 (3 outer, 556s)
step 393 uz 2.0050 Fz    -847.7 N  dmg  17.43%  maxVM  34.91  slip C4/C3 0.0110/0.1997  tilt -8.405/+3.024  contact 0.62  (15 outer, 771 pcg, 7756s)
step  21 lat_bend_neg -5.25 deg  load  -1167.56 Nmm  Fz  -100.4  dmg  0.00%  maxVM  28.62  slip C4/C3 0.0113/0.2104  contact 0.09 (2 outer, 565s)
step  22 lat_bend_neg -5.50 deg  load  -1167.36 Nmm  Fz  -100.7  dmg  0.00%  maxVM  29.96  slip C4/C3 0.0105/0.2210  contact 0.08 (2 outer, 572s)
step 394 uz 2.0100 Fz    -856.0 N  dmg  17.44%  maxVM  34.85  slip C4/C3 0.0111/0.2005  tilt -8.427/+3.023  contact 0.62  (15 outer, 776 pcg, 7775s)
step  23 lat_bend_neg -5.75 deg  load  -1134.25 Nmm  Fz  -100.5  dmg  0.00%  maxVM  30.88  slip C4/C3 0.0097/0.2320  contact 0.08 (2 outer, 579s)
step 395 uz 2.0150 Fz    -893.4 N  dmg  17.44%  maxVM  34.91  slip C4/C3 0.0110/0.2008  tilt -8.443/+3.024  contact 0.62  (15 outer, 727 pcg, 7782s)
step  24 lat_bend_neg -6.00 deg  load  -1150.86 Nmm  Fz  -100.7  dmg  0.00%  maxVM  32.35  slip C4/C3 0.0115/0.2419  contact 0.08 (2 outer, 586s)
step  25 lat_bend_neg -6.25 deg  load  -1134.09 Nmm  Fz  -100.5  dmg  0.00%  maxVM  33.08  slip C4/C3 0.0105/0.2555  contact 0.07 (2 outer, 594s)
step 396 uz 2.0200 Fz    -893.6 N  dmg  17.44%  maxVM  34.96  slip C4/C3 0.0111/0.2013  tilt -8.462/+3.024  contact 0.62  (15 outer, 808 pcg, 7793s)
step  26 lat_bend_neg -6.50 deg  load  -1168.55 Nmm  Fz  -100.8  dmg  0.00%  maxVM  33.55  slip C4/C3 0.0129/0.2630  contact 0.08 (4 outer, 601s)
step 397 uz 2.0250 Fz    -899.9 N  dmg  17.44%  maxVM  34.90  slip C4/C3 0.0110/0.2017  tilt -8.478/+3.026  contact 0.62  (15 outer, 778 pcg, 7805s)
step 398 uz 2.0300 Fz    -899.1 N  dmg  17.44%  maxVM  34.88  slip C4/C3 0.0111/0.2023  tilt -8.495/+3.026  contact 0.62  (15 outer, 771 pcg, 7816s)
step 441 uz 2.2450 Fz   -1021.7 N  dmg  13.91%  maxVM  34.68  slip C4/C3 0.0310/0.3712  tilt -8.598/+3.561  contact 0.74  (15 outer, 988 pcg, 7817s)
step 442 uz 2.2500 Fz   -1000.4 N  dmg  13.91%  maxVM  34.75  slip C4/C3 0.0312/0.3707  tilt -8.615/+3.567  contact 0.75  (15 outer, 934 pcg, 7826s)
step 399 uz 2.0350 Fz    -890.1 N  dmg  17.45%  maxVM  34.80  slip C4/C3 0.0110/0.2029  tilt -8.512/+3.024  contact 0.62  (15 outer, 769 pcg, 7826s)
step 443 uz 2.2550 Fz   -1045.2 N  dmg  13.91%  maxVM  34.82  slip C4/C3 0.0310/0.3714  tilt -8.629/+3.570  contact 0.75  (15 outer, 778 pcg, 7833s)
step 400 uz 2.0400 Fz    -889.3 N  dmg  17.45%  maxVM  34.88  slip C4/C3 0.0111/0.2032  tilt -8.528/+3.026  contact 0.62  (15 outer, 753 pcg, 7838s)
step 444 uz 2.2600 Fz   -1067.4 N  dmg  13.91%  maxVM  34.89  slip C4/C3 0.0313/0.3716  tilt -8.644/+3.574  contact 0.75  (15 outer, 813 pcg, 7841s)
step 401 uz 2.0450 Fz    -901.5 N  dmg  17.45%  maxVM  34.98  slip C4/C3 0.0110/0.2035  tilt -8.544/+3.027  contact 0.62  (15 outer, 776 pcg, 7845s)
step  27 lat_bend_neg -6.75 deg  load   -931.15 Nmm  Fz  -100.4  dmg  0.02%  maxVM  33.70  slip C4/C3 0.0083/0.2830  contact 0.05 (2 outer, 651s)
step 445 uz 2.2650 Fz   -1058.9 N  dmg  13.91%  maxVM  34.97  slip C4/C3 0.0314/0.3719  tilt -8.657/+3.578  contact 0.75  (15 outer, 859 pcg, 7849s)
step 402 uz 2.0500 Fz    -924.4 N  dmg  17.45%  maxVM  34.95  slip C4/C3 0.0111/0.2039  tilt -8.558/+3.029  contact 0.62  (15 outer, 728 pcg, 7856s)
step 446 uz 2.2700 Fz   -1062.8 N  dmg  13.91%  maxVM  34.82  slip C4/C3 0.0313/0.3728  tilt -8.672/+3.582  contact 0.75  (15 outer, 805 pcg, 7860s)
step 403 uz 2.0550 Fz    -883.9 N  dmg  17.45%  maxVM  34.50  slip C4/C3 0.0110/0.2043  tilt -8.576/+3.030  contact 0.62  (15 outer, 749 pcg, 7867s)
step 447 uz 2.2750 Fz   -1077.0 N  dmg  13.91%  maxVM  34.87  slip C4/C3 0.0314/0.3737  tilt -8.686/+3.586  contact 0.75  (15 outer, 817 pcg, 7868s)
step 448 uz 2.2800 Fz   -1091.2 N  dmg  13.91%  maxVM  34.94  slip C4/C3 0.0313/0.3737  tilt -8.698/+3.589  contact 0.75  (15 outer, 798 pcg, 7875s)
step 404 uz 2.0600 Fz    -900.9 N  dmg  17.45%  maxVM  34.65  slip C4/C3 0.0111/0.2048  tilt -8.593/+3.032  contact 0.62  (15 outer, 817 pcg, 7879s)
step 449 uz 2.2850 Fz   -1099.5 N  dmg  13.91%  maxVM  34.99  slip C4/C3 0.0313/0.3743  tilt -8.712/+3.590  contact 0.75  (15 outer, 847 pcg, 7883s)
step 405 uz 2.0650 Fz    -925.1 N  dmg  17.45%  maxVM  34.70  slip C4/C3 0.0111/0.2053  tilt -8.609/+3.035  contact 0.62  (15 outer, 788 pcg, 7886s)
step 406 uz 2.0700 Fz    -927.7 N  dmg  17.45%  maxVM  34.85  slip C4/C3 0.0111/0.2057  tilt -8.624/+3.037  contact 0.62  (15 outer, 834 pcg, 7894s)
step 407 uz 2.0750 Fz    -900.0 N  dmg  17.45%  maxVM  34.77  slip C4/C3 0.0110/0.2059  tilt -8.640/+3.039  contact 0.62  (15 outer, 781 pcg, 7902s)
step 450 uz 2.2900 Fz   -1003.8 N  dmg  13.92%  maxVM  34.90  slip C4/C3 0.0315/0.3759  tilt -8.838/+3.663  contact 0.75  (15 outer, 841 pcg, 7906s)
step 408 uz 2.0800 Fz    -915.3 N  dmg  17.45%  maxVM  34.95  slip C4/C3 0.0111/0.2063  tilt -8.656/+3.041  contact 0.62  (15 outer, 772 pcg, 7909s)
step 451 uz 2.2950 Fz   -1085.8 N  dmg  13.92%  maxVM  34.87  slip C4/C3 0.0315/0.3768  tilt -8.850/+3.666  contact 0.75  (15 outer, 799 pcg, 7914s)
step 409 uz 2.0850 Fz    -920.1 N  dmg  17.45%  maxVM  34.96  slip C4/C3 0.0111/0.2065  tilt -8.672/+3.043  contact 0.63  (15 outer, 807 pcg, 7917s)
step 410 uz 2.0900 Fz    -874.4 N  dmg  17.46%  maxVM  34.77  slip C4/C3 0.0112/0.2069  tilt -8.692/+3.039  contact 0.62  (15 outer, 850 pcg, 7929s)
step 411 uz 2.0950 Fz    -892.5 N  dmg  17.46%  maxVM  34.86  slip C4/C3 0.0111/0.2072  tilt -8.709/+3.038  contact 0.63  (15 outer, 814 pcg, 7936s)
step 452 uz 2.3000 Fz   -1015.1 N  dmg  13.94%  maxVM  34.85  slip C4/C3 0.0318/0.3776  tilt -9.078/+3.801  contact 0.74  (15 outer, 825 pcg, 7937s)
step 412 uz 2.1000 Fz    -908.1 N  dmg  17.46%  maxVM  34.95  slip C4/C3 0.0112/0.2076  tilt -8.726/+3.038  contact 0.62  (15 outer, 747 pcg, 7944s)
step 453 uz 2.3050 Fz   -1038.8 N  dmg  13.94%  maxVM  34.92  slip C4/C3 0.0319/0.3784  tilt -9.092/+3.804  contact 0.75  (15 outer, 809 pcg, 7944s)
step 413 uz 2.1050 Fz    -925.3 N  dmg  17.46%  maxVM  34.69  slip C4/C3 0.0111/0.2084  tilt -8.744/+3.038  contact 0.63  (15 outer, 764 pcg, 7955s)
step  28 lat_bend_neg -7.00 deg  load  -1032.32 Nmm  Fz  -100.4  dmg  0.30%  maxVM  43.80  slip C4/C3 0.0083/0.3210  contact 0.06 (3 outer, 759s)
step 454 uz 2.3100 Fz   -1074.2 N  dmg  13.94%  maxVM  35.00  slip C4/C3 0.0319/0.3798  tilt -9.102/+3.805  contact 0.75  (15 outer, 799 pcg, 7956s)
step 414 uz 2.1100 Fz    -898.0 N  dmg  17.46%  maxVM  34.84  slip C4/C3 0.0112/0.2087  tilt -8.763/+3.039  contact 0.63  (15 outer, 830 pcg, 7967s)
step 455 uz 2.3150 Fz   -1032.2 N  dmg  13.94%  maxVM  34.92  slip C4/C3 0.0322/0.3800  tilt -9.111/+3.806  contact 0.75  (15 outer, 834 pcg, 7968s)
step 415 uz 2.1150 Fz    -946.7 N  dmg  17.46%  maxVM  34.99  slip C4/C3 0.0111/0.2091  tilt -8.778/+3.039  contact 0.63  (15 outer, 723 pcg, 7974s)
step 456 uz 2.3200 Fz   -1110.8 N  dmg  13.94%  maxVM  34.98  slip C4/C3 0.0321/0.3807  tilt -9.123/+3.809  contact 0.75  (15 outer, 767 pcg, 7976s)
step 457 uz 2.3250 Fz   -1070.6 N  dmg  13.95%  maxVM  34.98  slip C4/C3 0.0321/0.3813  tilt -9.134/+3.811  contact 0.75  (15 outer, 842 pcg, 7988s)
step 416 uz 2.1200 Fz    -898.9 N  dmg  17.47%  maxVM  34.99  slip C4/C3 0.0112/0.2101  tilt -8.801/+3.043  contact 0.63  (15 outer, 786 pcg, 7996s)
step 458 uz 2.3300 Fz   -1076.8 N  dmg  13.95%  maxVM  34.93  slip C4/C3 0.0322/0.3822  tilt -9.144/+3.814  contact 0.75  (15 outer, 818 pcg, 7999s)
step 459 uz 2.3350 Fz   -1043.9 N  dmg  13.95%  maxVM  34.95  slip C4/C3 0.0322/0.3825  tilt -9.157/+3.815  contact 0.75  (15 outer, 846 pcg, 8012s)
step 417 uz 2.1250 Fz    -897.1 N  dmg  17.47%  maxVM  34.83  slip C4/C3 0.0112/0.2107  tilt -8.824/+3.049  contact 0.63  (15 outer, 773 pcg, 8014s)
step 460 uz 2.3400 Fz   -1090.6 N  dmg  13.95%  maxVM  34.86  slip C4/C3 0.0322/0.3832  tilt -9.169/+3.817  contact 0.75  (15 outer, 809 pcg, 8023s)
step 418 uz 2.1300 Fz    -914.3 N  dmg  17.47%  maxVM  34.97  slip C4/C3 0.0112/0.2114  tilt -8.841/+3.053  contact 0.62  (15 outer, 723 pcg, 8029s)
step 461 uz 2.3450 Fz   -1057.3 N  dmg  13.95%  maxVM  34.99  slip C4/C3 0.0324/0.3843  tilt -9.182/+3.821  contact 0.75  (15 outer, 867 pcg, 8039s)
step 419 uz 2.1350 Fz    -910.0 N  dmg  17.49%  maxVM  35.00  slip C4/C3 0.0111/0.2125  tilt -8.863/+3.060  contact 0.63  (15 outer, 740 pcg, 8051s)
step  29 lat_bend_neg -7.25 deg  load   -609.35 Nmm  Fz  -100.0  dmg  0.76%  maxVM  46.75  slip C4/C3 0.0061/0.3502  contact 0.08 (15 outer, 861s)
step 462 uz 2.3500 Fz   -1069.1 N  dmg  13.96%  maxVM  34.88  slip C4/C3 0.0326/0.3852  tilt -9.196/+3.825  contact 0.75  (15 outer, 828 pcg, 8058s)
step 420 uz 2.1400 Fz    -918.5 N  dmg  17.49%  maxVM  34.97  slip C4/C3 0.0112/0.2128  tilt -8.881/+3.064  contact 0.63  (15 outer, 815 pcg, 8063s)
step 463 uz 2.3550 Fz   -1082.4 N  dmg  13.96%  maxVM  34.91  slip C4/C3 0.0326/0.3855  tilt -9.208/+3.828  contact 0.75  (15 outer, 855 pcg, 8066s)
step 421 uz 2.1450 Fz    -942.6 N  dmg  17.49%  maxVM  34.93  slip C4/C3 0.0111/0.2139  tilt -8.899/+3.067  contact 0.63  (15 outer, 750 pcg, 8073s)
step 464 uz 2.3600 Fz   -1109.0 N  dmg  13.96%  maxVM  34.96  slip C4/C3 0.0325/0.3867  tilt -9.220/+3.831  contact 0.75  (15 outer, 762 pcg, 8073s)
step 422 uz 2.1500 Fz    -939.8 N  dmg  17.50%  maxVM  34.64  slip C4/C3 0.0112/0.2137  tilt -8.917/+3.068  contact 0.63  (15 outer, 799 pcg, 8084s)
step 465 uz 2.3650 Fz   -1072.2 N  dmg  13.96%  maxVM  34.82  slip C4/C3 0.0328/0.3874  tilt -9.237/+3.836  contact 0.75  (15 outer, 906 pcg, 8089s)
step 423 uz 2.1550 Fz    -943.0 N  dmg  17.50%  maxVM  34.73  slip C4/C3 0.0111/0.2144  tilt -8.934/+3.070  contact 0.63  (15 outer, 740 pcg, 8091s)
step 466 uz 2.3700 Fz   -1088.7 N  dmg  13.96%  maxVM  34.89  slip C4/C3 0.0325/0.3876  tilt -9.249/+3.839  contact 0.75  (15 outer, 859 pcg, 8097s)
step 424 uz 2.1600 Fz    -964.9 N  dmg  17.50%  maxVM  34.70  slip C4/C3 0.0112/0.2146  tilt -8.949/+3.071  contact 0.63  (15 outer, 746 pcg, 8099s)
step 467 uz 2.3750 Fz   -1114.1 N  dmg  13.96%  maxVM  34.96  slip C4/C3 0.0330/0.3885  tilt -9.262/+3.842  contact 0.75  (15 outer, 782 pcg, 8105s)
step 425 uz 2.1650 Fz    -944.0 N  dmg  17.50%  maxVM  34.82  slip C4/C3 0.0110/0.2151  tilt -8.966/+3.071  contact 0.63  (15 outer, 765 pcg, 8106s)
step 426 uz 2.1700 Fz    -950.9 N  dmg  17.50%  maxVM  34.88  slip C4/C3 0.0112/0.2155  tilt -8.984/+3.073  contact 0.63  (15 outer, 788 pcg, 8114s)
step 468 uz 2.3800 Fz   -1048.4 N  dmg  13.97%  maxVM  34.90  slip C4/C3 0.0329/0.3891  tilt -9.278/+3.848  contact 0.75  (15 outer, 881 pcg, 8121s)
step 427 uz 2.1750 Fz    -958.2 N  dmg  17.50%  maxVM  34.96  slip C4/C3 0.0112/0.2157  tilt -9.001/+3.074  contact 0.63  (15 outer, 753 pcg, 8121s)
step 469 uz 2.3850 Fz   -1119.9 N  dmg  13.97%  maxVM  34.92  slip C4/C3 0.0330/0.3896  tilt -9.291/+3.851  contact 0.75  (15 outer, 773 pcg, 8128s)
step  30 lat_bend_neg -7.50 deg  load   -577.97 Nmm  Fz  -100.0  dmg  1.13%  maxVM  34.42  slip C4/C3 0.0141/0.3636  contact 0.10 (15 outer, 936s)
step 428 uz 2.1800 Fz    -935.2 N  dmg  17.50%  maxVM  34.98  slip C4/C3 0.0113/0.2163  tilt -9.019/+3.079  contact 0.63  (15 outer, 718 pcg, 8135s)
step 470 uz 2.3900 Fz   -1130.8 N  dmg  13.97%  maxVM  34.89  slip C4/C3 0.0328/0.3908  tilt -9.304/+3.855  contact 0.75  (15 outer, 861 pcg, 8140s)
step 429 uz 2.1850 Fz    -952.1 N  dmg  17.50%  maxVM  34.83  slip C4/C3 0.0112/0.2169  tilt -9.037/+3.081  contact 0.63  (15 outer, 843 pcg, 8147s)
step 471 uz 2.3950 Fz   -1131.6 N  dmg  13.97%  maxVM  34.99  slip C4/C3 0.0332/0.3916  tilt -9.315/+3.857  contact 0.75  (15 outer, 833 pcg, 8148s)
step  31 lat_bend_neg -7.75 deg  load   -615.57 Nmm  Fz  -100.0  dmg  1.20%  maxVM  33.86  slip C4/C3 0.0170/0.3803  contact 0.11 (15 outer, 963s)
step 472 uz 2.4000 Fz   -1104.7 N  dmg  13.98%  maxVM  34.94  slip C4/C3 0.0330/0.3927  tilt -9.328/+3.864  contact 0.75  (15 outer, 831 pcg, 8181s)
step 430 uz 2.1900 Fz    -855.9 N  dmg  17.63%  maxVM  34.84  slip C4/C3 0.0112/0.2192  tilt -9.115/+3.068  contact 0.63  (15 outer, 736 pcg, 8201s)
step  32 lat_bend_neg -8.00 deg  load   -662.21 Nmm  Fz  -100.0  dmg  1.32%  maxVM  34.67  slip C4/C3 0.0243/0.4000  contact 0.11 (15 outer, 1010s)
step 431 uz 2.1950 Fz    -912.0 N  dmg  17.63%  maxVM  34.94  slip C4/C3 0.0112/0.2196  tilt -9.132/+3.065  contact 0.63  (15 outer, 726 pcg, 8208s)
step 432 uz 2.2000 Fz    -892.9 N  dmg  17.63%  maxVM  34.90  slip C4/C3 0.0111/0.2205  tilt -9.152/+3.057  contact 0.63  (15 outer, 730 pcg, 8225s)
step  33 lat_bend_neg -8.25 deg  load   -734.92 Nmm  Fz  -100.1  dmg  1.36%  maxVM  34.97  slip C4/C3 0.0273/0.4160  contact 0.12 (15 outer, 1033s)
step 473 uz 2.4050 Fz   -1010.4 N  dmg  14.01%  maxVM  34.97  slip C4/C3 0.0335/0.3963  tilt -9.354/+3.877  contact 0.75  (15 outer, 871 pcg, 8234s)
step 433 uz 2.2050 Fz    -901.6 N  dmg  17.64%  maxVM  34.96  slip C4/C3 0.0111/0.2215  tilt -9.171/+3.047  contact 0.63  (15 outer, 796 pcg, 8247s)
step  34 lat_bend_neg -8.50 deg  load   -817.71 Nmm  Fz  -100.2  dmg  1.40%  maxVM  34.72  slip C4/C3 0.0307/0.4321  contact 0.12 (15 outer, 1056s)
step 434 uz 2.2100 Fz    -904.3 N  dmg  17.64%  maxVM  34.99  slip C4/C3 0.0111/0.2222  tilt -9.190/+3.040  contact 0.63  (15 outer, 756 pcg, 8261s)
step  35 lat_bend_neg -8.75 deg  load   -872.04 Nmm  Fz  -100.3  dmg  1.44%  maxVM  34.99  slip C4/C3 0.0342/0.4475  contact 0.12 (15 outer, 1075s)
step 474 uz 2.4100 Fz   -1053.0 N  dmg  14.05%  maxVM  34.81  slip C4/C3 0.0336/0.3992  tilt -9.738/+4.054  contact 0.74  (15 outer, 782 pcg, 8272s)
step 435 uz 2.2150 Fz    -888.8 N  dmg  17.64%  maxVM  34.96  slip C4/C3 0.0110/0.2228  tilt -9.212/+3.032  contact 0.63  (15 outer, 765 pcg, 8276s)
step 475 uz 2.4150 Fz   -1114.5 N  dmg  14.05%  maxVM  34.94  slip C4/C3 0.0337/0.4004  tilt -9.749/+4.053  contact 0.74  (15 outer, 879 pcg, 8281s)
step 436 uz 2.2200 Fz    -878.8 N  dmg  17.65%  maxVM  34.54  slip C4/C3 0.0111/0.2235  tilt -9.235/+3.028  contact 0.63  (15 outer, 837 pcg, 8287s)
step 476 uz 2.4200 Fz   -1108.4 N  dmg  14.05%  maxVM  34.94  slip C4/C3 0.0339/0.4008  tilt -9.760/+4.049  contact 0.75  (15 outer, 878 pcg, 8293s)
step  36 lat_bend_neg -9.00 deg  load   -897.52 Nmm  Fz  -100.2  dmg  1.50%  maxVM  33.81  slip C4/C3 0.0374/0.4639  contact 0.12 (15 outer, 1097s)
step 437 uz 2.2250 Fz    -902.6 N  dmg  17.65%  maxVM  34.69  slip C4/C3 0.0110/0.2237  tilt -9.254/+3.024  contact 0.63  (15 outer, 786 pcg, 8294s)
step 477 uz 2.4250 Fz   -1081.3 N  dmg  14.05%  maxVM  35.00  slip C4/C3 0.0339/0.4014  tilt -9.773/+4.047  contact 0.74  (15 outer, 820 pcg, 8308s)
step 438 uz 2.2300 Fz    -881.7 N  dmg  17.65%  maxVM  34.68  slip C4/C3 0.0111/0.2244  tilt -9.282/+3.017  contact 0.63  (15 outer, 905 pcg, 8311s)
step  37 lat_bend_neg -9.25 deg  load   -956.80 Nmm  Fz  -100.3  dmg  1.54%  maxVM  34.87  slip C4/C3 0.0406/0.4796  contact 0.13 (15 outer, 1117s)
step 439 uz 2.2350 Fz    -919.7 N  dmg  17.65%  maxVM  34.74  slip C4/C3 0.0111/0.2247  tilt -9.299/+3.016  contact 0.63  (15 outer, 715 pcg, 8318s)
step 440 uz 2.2400 Fz    -934.6 N  dmg  17.65%  maxVM  34.81  slip C4/C3 0.0110/0.2252  tilt -9.317/+3.014  contact 0.63  (15 outer, 771 pcg, 8325s)
step  38 lat_bend_neg -9.50 deg  load  -1035.49 Nmm  Fz  -100.5  dmg  1.56%  maxVM  34.77  slip C4/C3 0.0436/0.4949  contact 0.13 (15 outer, 1134s)
step 441 uz 2.2450 Fz    -942.5 N  dmg  17.65%  maxVM  34.89  slip C4/C3 0.0110/0.2256  tilt -9.333/+3.010  contact 0.63  (15 outer, 781 pcg, 8333s)
step 478 uz 2.4300 Fz   -1127.5 N  dmg  14.07%  maxVM  34.77  slip C4/C3 0.0338/0.4031  tilt -9.777/+4.037  contact 0.74  (15 outer, 795 pcg, 8337s)
step 442 uz 2.2500 Fz    -945.4 N  dmg  17.65%  maxVM  34.96  slip C4/C3 0.0110/0.2259  tilt -9.349/+3.007  contact 0.63  (15 outer, 801 pcg, 8340s)
step 479 uz 2.4350 Fz   -1136.7 N  dmg  14.07%  maxVM  34.93  slip C4/C3 0.0341/0.4035  tilt -9.789/+4.036  contact 0.75  (15 outer, 800 pcg, 8345s)
step 443 uz 2.2550 Fz    -901.5 N  dmg  17.65%  maxVM  34.99  slip C4/C3 0.0111/0.2264  tilt -9.371/+3.003  contact 0.63  (15 outer, 794 pcg, 8352s)
step 444 uz 2.2600 Fz    -932.5 N  dmg  17.65%  maxVM  34.98  slip C4/C3 0.0111/0.2270  tilt -9.390/+3.001  contact 0.63  (15 outer, 737 pcg, 8362s)
step  39 lat_bend_neg -9.75 deg  load  -1043.13 Nmm  Fz  -100.5  dmg  1.60%  maxVM  29.22  slip C4/C3 0.0461/0.5131  contact 0.13 (15 outer, 1168s)
step 480 uz 2.4400 Fz   -1072.2 N  dmg  14.08%  maxVM  34.81  slip C4/C3 0.0340/0.4056  tilt -9.795/+4.032  contact 0.74  (15 outer, 773 pcg, 8372s)
step 481 uz 2.4450 Fz   -1130.5 N  dmg  14.08%  maxVM  34.58  slip C4/C3 0.0342/0.4055  tilt -9.807/+4.032  contact 0.75  (15 outer, 776 pcg, 8383s)
step  40 lat_bend_neg -10.00 deg  load  -1115.23 Nmm  Fz  -100.6  dmg  1.61%  maxVM  32.32  slip C4/C3 0.0484/0.5296  contact 0.13 (15 outer, 1193s)
step 445 uz 2.2650 Fz    -882.2 N  dmg  17.67%  maxVM  34.73  slip C4/C3 0.0111/0.2281  tilt -9.427/+2.990  contact 0.63  (15 outer, 820 pcg, 8390s)
{"design": "A_smooth", "mode": "lat_bend_neg", "dof": 4, "stop_reason": "imposed limit reached", "preload_N": 100.0, "max_imposed": -0.1745329251994331, "max_imposed_unit": "rad", "max_load": 1175.679498393151, "load_unit": "Nmm", "load_at_endpoint": 1115.2263522995756, "final_damage": 0.01607438215599056, "final_slip": 0.5295703045594263, "max_vm": 46.748348817636646, "steps": 40, "wall_s": 1192.9220790863037}
[gpu_pool] pid 1907006 cuda:2(GPU7) done ('sixdof', 'A_smooth', 'lat_bend_neg') 1193.5s
=== Test 3 6-DOF B_tread lat_bend_neg: preload 100.0 N (force), dof 4 displacement-controlled, device cuda:2
step 482 uz 2.4500 Fz   -1123.1 N  dmg  14.08%  maxVM  34.90  slip C4/C3 0.0341/0.4069  tilt -9.817/+4.033  contact 0.74  (15 outer, 823 pcg, 8390s)
step 446 uz 2.2700 Fz    -923.1 N  dmg  17.67%  maxVM  34.84  slip C4/C3 0.0111/0.2285  tilt -9.446/+2.989  contact 0.63  (15 outer, 786 pcg, 8397s)
step 483 uz 2.4550 Fz   -1118.3 N  dmg  14.08%  maxVM  34.84  slip C4/C3 0.0343/0.4067  tilt -9.828/+4.035  contact 0.75  (15 outer, 857 pcg, 8399s)
   preload secant 0: Uz 0.00833 mm -> Fz -105.30 N
step 447 uz 2.2750 Fz    -926.0 N  dmg  17.67%  maxVM  34.93  slip C4/C3 0.0110/0.2289  tilt -9.466/+2.988  contact 0.64  (15 outer, 882 pcg, 8406s)
   preload secant 1: Uz 0.00789 mm -> Fz -95.33 N
step 484 uz 2.4600 Fz   -1116.4 N  dmg  14.09%  maxVM  34.81  slip C4/C3 0.0342/0.4074  tilt -9.838/+4.035  contact 0.74  (15 outer, 826 pcg, 8411s)
step 448 uz 2.2800 Fz    -913.2 N  dmg  17.67%  maxVM  34.81  slip C4/C3 0.0111/0.2295  tilt -9.489/+2.985  contact 0.64  (15 outer, 891 pcg, 8418s)
   preload secant 2: Uz 0.00810 mm -> Fz -95.61 N
   preload secant 3: Uz 0.01131 mm -> Fz -136.22 N
step 485 uz 2.4650 Fz   -1129.6 N  dmg  14.09%  maxVM  35.00  slip C4/C3 0.0346/0.4084  tilt -9.850/+4.035  contact 0.75  (15 outer, 765 pcg, 8425s)
   preload secant 4: Uz 0.00845 mm -> Fz -99.27 N
step 449 uz 2.2850 Fz    -902.8 N  dmg  17.67%  maxVM  34.82  slip C4/C3 0.0112/0.2302  tilt -9.513/+2.980  contact 0.63  (15 outer, 745 pcg, 8432s)
step 450 uz 2.2900 Fz    -908.9 N  dmg  17.67%  maxVM  34.97  slip C4/C3 0.0111/0.2308  tilt -9.537/+2.977  contact 0.64  (15 outer, 709 pcg, 8444s)
step 486 uz 2.4700 Fz   -1144.6 N  dmg  14.10%  maxVM  34.95  slip C4/C3 0.0343/0.4100  tilt -9.859/+4.036  contact 0.74  (15 outer, 772 pcg, 8444s)
step 451 uz 2.2950 Fz    -920.7 N  dmg  17.67%  maxVM  34.99  slip C4/C3 0.0111/0.2312  tilt -9.558/+2.976  contact 0.64  (15 outer, 804 pcg, 8452s)
step 487 uz 2.4750 Fz   -1030.3 N  dmg  14.10%  maxVM  34.94  slip C4/C3 0.0344/0.4104  tilt -9.877/+4.038  contact 0.75  (15 outer, 811 pcg, 8461s)
step 488 uz 2.4800 Fz   -1144.0 N  dmg  14.10%  maxVM  35.00  slip C4/C3 0.0344/0.4111  tilt -9.891/+4.040  contact 0.74  (15 outer, 728 pcg, 8468s)
step 452 uz 2.3000 Fz    -939.2 N  dmg  17.68%  maxVM  34.76  slip C4/C3 0.0111/0.2320  tilt -9.579/+2.970  contact 0.64  (15 outer, 695 pcg, 8469s)
step 453 uz 2.3050 Fz    -977.3 N  dmg  17.68%  maxVM  34.83  slip C4/C3 0.0110/0.2326  tilt -9.595/+2.970  contact 0.64  (15 outer, 714 pcg, 8476s)
step 489 uz 2.4850 Fz   -1123.8 N  dmg  14.10%  maxVM  34.94  slip C4/C3 0.0346/0.4117  tilt -9.907/+4.042  contact 0.75  (15 outer, 769 pcg, 8478s)
step 454 uz 2.3100 Fz    -923.4 N  dmg  17.68%  maxVM  34.95  slip C4/C3 0.0112/0.2328  tilt -9.614/+2.968  contact 0.64  (15 outer, 739 pcg, 8483s)
step 490 uz 2.4900 Fz    -988.2 N  dmg  14.10%  maxVM  34.75  slip C4/C3 0.0347/0.4126  tilt -10.089/+4.115  contact 0.74  (15 outer, 822 pcg, 8493s)
step 455 uz 2.3150 Fz    -934.8 N  dmg  17.69%  maxVM  34.98  slip C4/C3 0.0112/0.2333  tilt -9.637/+2.965  contact 0.64  (15 outer, 821 pcg, 8495s)
step 491 uz 2.4950 Fz   -1059.1 N  dmg  14.10%  maxVM  34.73  slip C4/C3 0.0347/0.4131  tilt -10.100/+4.115  contact 0.75  (15 outer, 912 pcg, 8501s)
step 456 uz 2.3200 Fz    -933.8 N  dmg  17.69%  maxVM  34.94  slip C4/C3 0.0112/0.2340  tilt -9.660/+2.961  contact 0.64  (15 outer, 784 pcg, 8509s)
step 492 uz 2.5000 Fz   -1131.3 N  dmg  14.10%  maxVM  34.98  slip C4/C3 0.0348/0.4143  tilt -10.111/+4.117  contact 0.74  (15 outer, 860 pcg, 8510s)
step 493 uz 2.5050 Fz   -1183.2 N  dmg  14.10%  maxVM  34.85  slip C4/C3 0.0351/0.4144  tilt -10.123/+4.118  contact 0.75  (15 outer, 795 pcg, 8517s)
step 494 uz 2.5100 Fz   -1130.4 N  dmg  14.10%  maxVM  34.93  slip C4/C3 0.0349/0.4152  tilt -10.137/+4.120  contact 0.74  (15 outer, 799 pcg, 8525s)
step 457 uz 2.3250 Fz    -915.2 N  dmg  17.69%  maxVM  34.83  slip C4/C3 0.0112/0.2348  tilt -9.689/+2.958  contact 0.64  (15 outer, 847 pcg, 8526s)
step 458 uz 2.3300 Fz    -956.7 N  dmg  17.69%  maxVM  34.91  slip C4/C3 0.0112/0.2351  tilt -9.707/+2.957  contact 0.64  (15 outer, 782 pcg, 8533s)
step 495 uz 2.5150 Fz   -1065.6 N  dmg  14.11%  maxVM  34.93  slip C4/C3 0.0350/0.4156  tilt -10.151/+4.121  contact 0.75  (15 outer, 791 pcg, 8540s)
step 459 uz 2.3350 Fz    -963.7 N  dmg  17.69%  maxVM  34.98  slip C4/C3 0.0112/0.2355  tilt -9.726/+2.956  contact 0.64  (15 outer, 807 pcg, 8541s)
step 496 uz 2.5200 Fz   -1185.7 N  dmg  14.11%  maxVM  34.99  slip C4/C3 0.0350/0.4167  tilt -10.164/+4.122  contact 0.74  (15 outer, 738 pcg, 8547s)
step 460 uz 2.3400 Fz    -953.5 N  dmg  17.70%  maxVM  34.98  slip C4/C3 0.0112/0.2363  tilt -9.747/+2.951  contact 0.64  (15 outer, 783 pcg, 8556s)
step 497 uz 2.5250 Fz   -1135.5 N  dmg  14.12%  maxVM  34.96  slip C4/C3 0.0354/0.4174  tilt -10.176/+4.122  contact 0.75  (15 outer, 850 pcg, 8566s)
   preload done: Fz -100.00 N, Uz -0.00862 mm
step 461 uz 2.3450 Fz    -955.2 N  dmg  17.70%  maxVM  34.98  slip C4/C3 0.0112/0.2370  tilt -9.770/+2.947  contact 0.64  (15 outer, 808 pcg, 8571s)
step 462 uz 2.3500 Fz    -963.1 N  dmg  17.71%  maxVM  34.73  slip C4/C3 0.0111/0.2376  tilt -9.790/+2.944  contact 0.64  (15 outer, 758 pcg, 8581s)
step 463 uz 2.3550 Fz    -998.9 N  dmg  17.71%  maxVM  34.80  slip C4/C3 0.0111/0.2380  tilt -9.806/+2.944  contact 0.64  (15 outer, 703 pcg, 8588s)
step 464 uz 2.3600 Fz   -1004.5 N  dmg  17.71%  maxVM  34.90  slip C4/C3 0.0112/0.2384  tilt -9.822/+2.942  contact 0.64  (15 outer, 801 pcg, 8596s)
step 498 uz 2.5300 Fz   -1021.3 N  dmg  14.14%  maxVM  34.79  slip C4/C3 0.0353/0.4195  tilt -10.264/+4.151  contact 0.74  (15 outer, 874 pcg, 8597s)
step 465 uz 2.3650 Fz   -1035.7 N  dmg  17.71%  maxVM  34.99  slip C4/C3 0.0111/0.2388  tilt -9.837/+2.941  contact 0.64  (15 outer, 741 pcg, 8603s)
step   1 lat_bend_neg -0.25 deg  load   -918.76 Nmm  Fz  -100.0  dmg  0.00%  maxVM   9.54  slip C4/C3 0.0012/0.0026  contact 0.36 (5 outer, 218s)
step 499 uz 2.5350 Fz   -1039.2 N  dmg  14.14%  maxVM  34.96  slip C4/C3 0.0354/0.4199  tilt -10.339/+4.171  contact 0.75  (15 outer, 1055 pcg, 8613s)
step 466 uz 2.3700 Fz    -973.0 N  dmg  17.71%  maxVM  34.95  slip C4/C3 0.0112/0.2394  tilt -9.858/+2.936  contact 0.64  (15 outer, 779 pcg, 8617s)
step 500 uz 2.5400 Fz   -1051.3 N  dmg  14.14%  maxVM  34.97  slip C4/C3 0.0355/0.4215  tilt -10.391/+4.184  contact 0.74  (15 outer, 993 pcg, 8625s)
step 501 uz 2.5450 Fz   -1089.9 N  dmg  14.14%  maxVM  34.71  slip C4/C3 0.0358/0.4219  tilt -10.408/+4.185  contact 0.74  (15 outer, 871 pcg, 8633s)
step 467 uz 2.3750 Fz    -959.0 N  dmg  17.72%  maxVM  34.89  slip C4/C3 0.0112/0.2404  tilt -9.883/+2.932  contact 0.64  (15 outer, 870 pcg, 8635s)
step   2 lat_bend_neg -0.50 deg  load   -990.05 Nmm  Fz  -100.0  dmg  0.00%  maxVM  12.52  slip C4/C3 0.0032/0.0088  contact 0.22 (5 outer, 250s)
step 502 uz 2.5500 Fz   -1140.6 N  dmg  14.14%  maxVM  34.78  slip C4/C3 0.0356/0.4225  tilt -10.424/+4.183  contact 0.74  (15 outer, 876 pcg, 8642s)
step 468 uz 2.3800 Fz    -993.0 N  dmg  17.72%  maxVM  34.90  slip C4/C3 0.0112/0.2407  tilt -9.900/+2.931  contact 0.64  (15 outer, 746 pcg, 8642s)
step 503 uz 2.5550 Fz   -1142.3 N  dmg  14.14%  maxVM  34.84  slip C4/C3 0.0359/0.4231  tilt -10.441/+4.181  contact 0.75  (15 outer, 861 pcg, 8650s)
step 469 uz 2.3850 Fz    -973.7 N  dmg  17.72%  maxVM  34.99  slip C4/C3 0.0112/0.2412  tilt -9.921/+2.929  contact 0.64  (15 outer, 760 pcg, 8652s)
step   3 lat_bend_neg -0.75 deg  load  -1053.14 Nmm  Fz  -100.1  dmg  0.00%  maxVM  14.40  slip C4/C3 0.0060/0.0167  contact 0.19 (3 outer, 271s)
step 504 uz 2.5600 Fz   -1106.4 N  dmg  14.14%  maxVM  34.92  slip C4/C3 0.0358/0.4238  tilt -10.468/+4.183  contact 0.74  (15 outer, 904 pcg, 8662s)
step 470 uz 2.3900 Fz    -947.8 N  dmg  17.72%  maxVM  34.89  slip C4/C3 0.0112/0.2421  tilt -9.948/+2.925  contact 0.64  (15 outer, 800 pcg, 8670s)
step 505 uz 2.5650 Fz   -1046.5 N  dmg  14.14%  maxVM  34.90  slip C4/C3 0.0361/0.4245  tilt -10.520/+4.193  contact 0.75  (15 outer, 1033 pcg, 8676s)
step 471 uz 2.3950 Fz    -980.1 N  dmg  17.72%  maxVM  34.95  slip C4/C3 0.0113/0.2425  tilt -9.966/+2.925  contact 0.64  (15 outer, 725 pcg, 8677s)
step   4 lat_bend_neg -1.00 deg  load  -1058.09 Nmm  Fz  -100.1  dmg  0.00%  maxVM  15.38  slip C4/C3 0.0048/0.0250  contact 0.16 (4 outer, 291s)
step 506 uz 2.5700 Fz   -1116.0 N  dmg  14.14%  maxVM  34.95  slip C4/C3 0.0360/0.4251  tilt -10.540/+4.195  contact 0.74  (15 outer, 878 pcg, 8685s)
step 472 uz 2.4000 Fz    -950.6 N  dmg  17.73%  maxVM  34.98  slip C4/C3 0.0113/0.2433  tilt -9.993/+2.922  contact 0.64  (15 outer, 810 pcg, 8692s)
step   5 lat_bend_neg -1.25 deg  load  -1069.42 Nmm  Fz  -100.1  dmg  0.00%  maxVM  16.51  slip C4/C3 0.0058/0.0329  contact 0.15 (2 outer, 309s)
step 507 uz 2.5750 Fz   -1039.8 N  dmg  14.15%  maxVM  34.96  slip C4/C3 0.0361/0.4257  tilt -10.632/+4.224  contact 0.75  (15 outer, 1029 pcg, 8701s)
step 473 uz 2.4050 Fz    -934.5 N  dmg  17.73%  maxVM  34.97  slip C4/C3 0.0112/0.2440  tilt -10.027/+2.921  contact 0.64  (15 outer, 809 pcg, 8708s)
step 508 uz 2.5800 Fz   -1117.3 N  dmg  14.15%  maxVM  35.00  slip C4/C3 0.0362/0.4265  tilt -10.653/+4.225  contact 0.74  (15 outer, 873 pcg, 8709s)
step   6 lat_bend_neg -1.50 deg  load  -1072.43 Nmm  Fz  -100.1  dmg  0.00%  maxVM  17.51  slip C4/C3 0.0058/0.0417  contact 0.13 (2 outer, 325s)
step 509 uz 2.5850 Fz   -1071.8 N  dmg  14.15%  maxVM  34.77  slip C4/C3 0.0366/0.4271  tilt -10.679/+4.223  contact 0.75  (15 outer, 920 pcg, 8722s)
step 474 uz 2.4100 Fz    -957.8 N  dmg  17.74%  maxVM  34.97  slip C4/C3 0.0112/0.2450  tilt -10.052/+2.919  contact 0.64  (15 outer, 684 pcg, 8726s)
step 510 uz 2.5900 Fz   -1137.1 N  dmg  14.15%  maxVM  34.88  slip C4/C3 0.0364/0.4277  tilt -10.698/+4.224  contact 0.74  (15 outer, 854 pcg, 8730s)
step   7 lat_bend_neg -1.75 deg  load  -1079.25 Nmm  Fz  -100.1  dmg  0.00%  maxVM  18.69  slip C4/C3 0.0053/0.0520  contact 0.12 (6 outer, 347s)
step 511 uz 2.5950 Fz   -1105.2 N  dmg  14.15%  maxVM  34.91  slip C4/C3 0.0366/0.4287  tilt -10.719/+4.224  contact 0.74  (15 outer, 889 pcg, 8739s)
step 475 uz 2.4150 Fz    -989.2 N  dmg  17.74%  maxVM  34.96  slip C4/C3 0.0111/0.2459  tilt -10.071/+2.919  contact 0.64  (15 outer, 659 pcg, 8739s)
step   8 lat_bend_neg -2.00 deg  load  -1077.04 Nmm  Fz  -100.3  dmg  0.00%  maxVM  19.45  slip C4/C3 0.0067/0.0616  contact 0.11 (3 outer, 364s)
step 476 uz 2.4200 Fz    -987.8 N  dmg  17.75%  maxVM  34.66  slip C4/C3 0.0112/0.2468  tilt -10.089/+2.913  contact 0.64  (15 outer, 697 pcg, 8757s)
step 512 uz 2.6000 Fz   -1077.2 N  dmg  14.15%  maxVM  34.99  slip C4/C3 0.0366/0.4295  tilt -10.776/+4.232  contact 0.74  (15 outer, 1040 pcg, 8758s)
step 477 uz 2.4250 Fz   -1025.3 N  dmg  17.75%  maxVM  34.80  slip C4/C3 0.0112/0.2473  tilt -10.105/+2.912  contact 0.64  (15 outer, 722 pcg, 8764s)
step   9 lat_bend_neg -2.25 deg  load  -1101.80 Nmm  Fz  -100.3  dmg  0.00%  maxVM  20.29  slip C4/C3 0.0057/0.0722  contact 0.10 (2 outer, 377s)
step 513 uz 2.6050 Fz   -1063.0 N  dmg  14.15%  maxVM  34.98  slip C4/C3 0.0369/0.4300  tilt -10.811/+4.234  contact 0.75  (15 outer, 860 pcg, 8771s)
step 478 uz 2.4300 Fz   -1055.0 N  dmg  17.75%  maxVM  34.93  slip C4/C3 0.0112/0.2475  tilt -10.120/+2.910  contact 0.64  (15 outer, 813 pcg, 8772s)
step 479 uz 2.4350 Fz   -1017.3 N  dmg  17.75%  maxVM  34.85  slip C4/C3 0.0110/0.2482  tilt -10.137/+2.908  contact 0.64  (15 outer, 794 pcg, 8783s)
step 514 uz 2.6100 Fz   -1124.3 N  dmg  14.16%  maxVM  35.00  slip C4/C3 0.0368/0.4315  tilt -10.839/+4.236  contact 0.74  (15 outer, 941 pcg, 8784s)
step  10 lat_bend_neg -2.50 deg  load  -1144.77 Nmm  Fz  -100.3  dmg  0.00%  maxVM  22.03  slip C4/C3 0.0054/0.0773  contact 0.10 (6 outer, 401s)
step 480 uz 2.4400 Fz    -993.2 N  dmg  17.76%  maxVM  34.99  slip C4/C3 0.0112/0.2485  tilt -10.155/+2.905  contact 0.64  (15 outer, 716 pcg, 8794s)
step 481 uz 2.4450 Fz    -987.2 N  dmg  17.76%  maxVM  34.88  slip C4/C3 0.0112/0.2492  tilt -10.178/+2.903  contact 0.64  (15 outer, 850 pcg, 8806s)
step 482 uz 2.4500 Fz   -1006.2 N  dmg  17.76%  maxVM  34.99  slip C4/C3 0.0112/0.2498  tilt -10.197/+2.903  contact 0.64  (15 outer, 839 pcg, 8814s)
step 515 uz 2.6150 Fz   -1070.8 N  dmg  14.18%  maxVM  34.88  slip C4/C3 0.0374/0.4331  tilt -10.906/+4.232  contact 0.75  (15 outer, 858 pcg, 8820s)
step 483 uz 2.4550 Fz   -1025.4 N  dmg  17.76%  maxVM  34.96  slip C4/C3 0.0110/0.2500  tilt -10.215/+2.902  contact 0.64  (15 outer, 834 pcg, 8822s)
step  11 lat_bend_neg -2.75 deg  load  -1096.99 Nmm  Fz  -100.2  dmg  0.00%  maxVM  22.80  slip C4/C3 0.0035/0.0882  contact 0.09 (14 outer, 435s)
step 516 uz 2.6200 Fz   -1154.2 N  dmg  14.18%  maxVM  34.92  slip C4/C3 0.0371/0.4335  tilt -10.928/+4.233  contact 0.74  (15 outer, 897 pcg, 8829s)
step  12 lat_bend_neg -3.00 deg  load  -1115.24 Nmm  Fz  -100.3  dmg  0.00%  maxVM  23.93  slip C4/C3 0.0048/0.1000  contact 0.08 (2 outer, 446s)
step 517 uz 2.6250 Fz   -1087.6 N  dmg  14.18%  maxVM  34.99  slip C4/C3 0.0374/0.4342  tilt -10.950/+4.231  contact 0.75  (15 outer, 945 pcg, 8838s)
step 484 uz 2.4600 Fz   -1005.1 N  dmg  17.76%  maxVM  34.97  slip C4/C3 0.0112/0.2509  tilt -10.237/+2.899  contact 0.64  (15 outer, 777 pcg, 8838s)
step  13 lat_bend_neg -3.25 deg  load  -1107.84 Nmm  Fz  -100.4  dmg  0.00%  maxVM  25.47  slip C4/C3 0.0060/0.1104  contact 0.08 (2 outer, 457s)
step 485 uz 2.4650 Fz    -951.9 N  dmg  17.77%  maxVM  34.99  slip C4/C3 0.0113/0.2518  tilt -10.305/+2.899  contact 0.64  (15 outer, 767 pcg, 8859s)
step 518 uz 2.6300 Fz   -1124.4 N  dmg  14.19%  maxVM  34.86  slip C4/C3 0.0373/0.4353  tilt -10.992/+4.229  contact 0.74  (15 outer, 973 pcg, 8860s)
step  14 lat_bend_neg -3.50 deg  load  -1068.63 Nmm  Fz  -100.2  dmg  0.00%  maxVM  25.87  slip C4/C3 0.0076/0.1174  contact 0.08 (5 outer, 476s)
step 486 uz 2.4700 Fz    -991.2 N  dmg  17.77%  maxVM  34.92  slip C4/C3 0.0113/0.2524  tilt -10.327/+2.900  contact 0.64  (15 outer, 792 pcg, 8870s)
step 519 uz 2.6350 Fz   -1136.1 N  dmg  14.19%  maxVM  34.91  slip C4/C3 0.0376/0.4364  tilt -11.016/+4.226  contact 0.75  (15 outer, 873 pcg, 8872s)
step  15 lat_bend_neg -3.75 deg  load  -1144.22 Nmm  Fz  -100.3  dmg  0.00%  maxVM  27.74  slip C4/C3 0.0067/0.1302  contact 0.08 (2 outer, 484s)
step 487 uz 2.4750 Fz   -1024.2 N  dmg  17.77%  maxVM  34.98  slip C4/C3 0.0112/0.2528  tilt -10.344/+2.900  contact 0.64  (15 outer, 756 pcg, 8877s)
step  16 lat_bend_neg -4.00 deg  load  -1129.67 Nmm  Fz  -100.2  dmg  0.00%  maxVM  29.17  slip C4/C3 0.0068/0.1398  contact 0.07 (2 outer, 493s)
step 520 uz 2.6400 Fz   -1080.3 N  dmg  14.19%  maxVM  34.98  slip C4/C3 0.0375/0.4370  tilt -11.058/+4.227  contact 0.74  (15 outer, 982 pcg, 8890s)
step  17 lat_bend_neg -4.25 deg  load  -1159.42 Nmm  Fz  -100.4  dmg  0.00%  maxVM  30.31  slip C4/C3 0.0086/0.1495  contact 0.07 (5 outer, 511s)
step 488 uz 2.4800 Fz   -1007.4 N  dmg  17.78%  maxVM  34.89  slip C4/C3 0.0113/0.2543  tilt -10.367/+2.892  contact 0.64  (15 outer, 667 pcg, 8902s)
step  18 lat_bend_neg -4.50 deg  load  -1162.12 Nmm  Fz  -100.2  dmg  0.00%  maxVM  31.97  slip C4/C3 0.0085/0.1611  contact 0.07 (2 outer, 519s)
step 489 uz 2.4850 Fz   -1036.1 N  dmg  17.78%  maxVM  34.92  slip C4/C3 0.0112/0.2548  tilt -10.384/+2.890  contact 0.64  (15 outer, 741 pcg, 8910s)
step  19 lat_bend_neg -4.75 deg  load  -1149.22 Nmm  Fz  -100.6  dmg  0.00%  maxVM  33.44  slip C4/C3 0.0090/0.1700  contact 0.07 (2 outer, 527s)
step 490 uz 2.4900 Fz   -1022.5 N  dmg  17.78%  maxVM  34.97  slip C4/C3 0.0112/0.2552  tilt -10.403/+2.888  contact 0.64  (15 outer, 839 pcg, 8922s)
step  20 lat_bend_neg -5.00 deg  load  -1102.42 Nmm  Fz  -100.4  dmg  0.00%  maxVM  33.10  slip C4/C3 0.0104/0.1804  contact 0.07 (15 outer, 558s)
step 521 uz 2.6450 Fz   -1061.3 N  dmg  14.25%  maxVM  34.87  slip C4/C3 0.0380/0.4415  tilt -11.161/+4.224  contact 0.75  (15 outer, 1068 pcg, 8963s)
step 522 uz 2.6500 Fz   -1070.3 N  dmg  14.25%  maxVM  34.89  slip C4/C3 0.0380/0.4420  tilt -11.196/+4.228  contact 0.75  (15 outer, 991 pcg, 8977s)
step 523 uz 2.6550 Fz   -1082.7 N  dmg  14.25%  maxVM  34.92  slip C4/C3 0.0383/0.4425  tilt -11.222/+4.232  contact 0.75  (15 outer, 907 pcg, 8985s)
step 524 uz 2.6600 Fz   -1148.4 N  dmg  14.25%  maxVM  35.00  slip C4/C3 0.0381/0.4432  tilt -11.245/+4.234  contact 0.74  (15 outer, 956 pcg, 8994s)
step  21 lat_bend_neg -5.25 deg  load  -1050.03 Nmm  Fz  -100.4  dmg  0.10%  maxVM  33.92  slip C4/C3 0.0092/0.1983  contact 0.06 (2 outer, 625s)
step 491 uz 2.4950 Fz   -1011.7 N  dmg  18.25%  maxVM  37.31  slip C4/C3 0.0111/0.2608  tilt -10.488/+2.866  contact 0.64  (15 outer, 770 pcg, 9022s)
step 492 uz 2.5000 Fz   -1011.1 N  dmg  18.28%  maxVM  34.98  slip C4/C3 0.0110/0.2634  tilt -10.512/+2.848  contact 0.64  (15 outer, 816 pcg, 9069s)
step 525 uz 2.6650 Fz   -1130.7 N  dmg  14.30%  maxVM  34.90  slip C4/C3 0.0389/0.4473  tilt -11.328/+4.197  contact 0.75  (15 outer, 970 pcg, 9071s)
step 526 uz 2.6700 Fz   -1168.6 N  dmg  14.30%  maxVM  34.99  slip C4/C3 0.0387/0.4476  tilt -11.348/+4.197  contact 0.74  (15 outer, 930 pcg, 9080s)
step  22 lat_bend_neg -5.50 deg  load  -1005.04 Nmm  Fz  -100.4  dmg  0.33%  maxVM  34.09  slip C4/C3 0.0141/0.2283  contact 0.07 (3 outer, 708s)
step 527 uz 2.6750 Fz   -1056.1 N  dmg  14.31%  maxVM  34.97  slip C4/C3 0.0393/0.4497  tilt -11.399/+4.191  contact 0.75  (15 outer, 885 pcg, 9111s)
step 493 uz 2.5050 Fz   -1010.0 N  dmg  18.30%  maxVM  34.99  slip C4/C3 0.0108/0.2662  tilt -10.542/+2.831  contact 0.64  (15 outer, 745 pcg, 9114s)
step 528 uz 2.6800 Fz   -1145.2 N  dmg  14.32%  maxVM  34.92  slip C4/C3 0.0392/0.4507  tilt -11.419/+4.190  contact 0.74  (15 outer, 881 pcg, 9123s)
step 494 uz 2.5100 Fz   -1025.3 N  dmg  18.31%  maxVM  34.99  slip C4/C3 0.0110/0.2666  tilt -10.559/+2.827  contact 0.64  (15 outer, 719 pcg, 9128s)
step  23 lat_bend_neg -5.75 deg  load   -819.48 Nmm  Fz  -100.2  dmg  0.45%  maxVM  34.26  slip C4/C3 0.0162/0.2494  contact 0.06 (15 outer, 754s)
step 529 uz 2.6850 Fz   -1116.7 N  dmg  14.33%  maxVM  34.94  slip C4/C3 0.0395/0.4512  tilt -11.445/+4.180  contact 0.74  (15 outer, 945 pcg, 9149s)
step 530 uz 2.6900 Fz   -1097.3 N  dmg  14.33%  maxVM  34.98  slip C4/C3 0.0394/0.4516  tilt -11.469/+4.181  contact 0.75  (15 outer, 986 pcg, 9159s)
step 531 uz 2.6950 Fz   -1135.2 N  dmg  14.34%  maxVM  34.98  slip C4/C3 0.0400/0.4532  tilt -11.500/+4.180  contact 0.74  (15 outer, 1030 pcg, 9180s)
step 495 uz 2.5150 Fz   -1009.1 N  dmg  18.38%  maxVM  34.93  slip C4/C3 0.0109/0.2700  tilt -10.605/+2.806  contact 0.64  (15 outer, 775 pcg, 9198s)
step 496 uz 2.5200 Fz    -993.1 N  dmg  18.39%  maxVM  34.84  slip C4/C3 0.0108/0.2709  tilt -10.627/+2.804  contact 0.64  (15 outer, 833 pcg, 9217s)
step  24 lat_bend_neg -6.00 deg  load   -742.13 Nmm  Fz  -100.1  dmg  0.80%  maxVM  34.22  slip C4/C3 0.0172/0.2743  contact 0.08 (15 outer, 835s)
step 497 uz 2.5250 Fz    -947.7 N  dmg  18.39%  maxVM  34.99  slip C4/C3 0.0109/0.2713  tilt -10.650/+2.804  contact 0.64  (15 outer, 938 pcg, 9226s)
step 498 uz 2.5300 Fz   -1049.7 N  dmg  18.39%  maxVM  34.97  slip C4/C3 0.0109/0.2719  tilt -10.666/+2.803  contact 0.64  (15 outer, 714 pcg, 9236s)
step 532 uz 2.7000 Fz   -1154.9 N  dmg  14.40%  maxVM  34.84  slip C4/C3 0.0401/0.4569  tilt -11.562/+4.163  contact 0.74  (15 outer, 924 pcg, 9237s)
step 533 uz 2.7050 Fz   -1100.1 N  dmg  14.40%  maxVM  34.90  slip C4/C3 0.0403/0.4564  tilt -11.581/+4.165  contact 0.74  (15 outer, 887 pcg, 9246s)
step 499 uz 2.5350 Fz   -1061.2 N  dmg  18.39%  maxVM  34.80  slip C4/C3 0.0107/0.2726  tilt -10.680/+2.802  contact 0.64  (15 outer, 708 pcg, 9246s)
step 500 uz 2.5400 Fz   -1066.2 N  dmg  18.39%  maxVM  34.89  slip C4/C3 0.0109/0.2731  tilt -10.695/+2.802  contact 0.64  (15 outer, 735 pcg, 9253s)
step 534 uz 2.7100 Fz   -1195.8 N  dmg  14.40%  maxVM  34.96  slip C4/C3 0.0402/0.4572  tilt -11.597/+4.165  contact 0.74  (15 outer, 867 pcg, 9254s)
step  25 lat_bend_neg -6.25 deg  load   -750.26 Nmm  Fz  -100.2  dmg  1.04%  maxVM  33.28  slip C4/C3 0.0177/0.2888  contact 0.09 (15 outer, 868s)
step 501 uz 2.5450 Fz   -1045.8 N  dmg  18.39%  maxVM  34.99  slip C4/C3 0.0108/0.2735  tilt -10.712/+2.800  contact 0.64  (15 outer, 819 pcg, 9265s)
step 535 uz 2.7150 Fz   -1115.0 N  dmg  14.40%  maxVM  34.89  slip C4/C3 0.0406/0.4581  tilt -11.618/+4.164  contact 0.75  (15 outer, 911 pcg, 9267s)
step 536 uz 2.7200 Fz   -1178.8 N  dmg  14.40%  maxVM  34.96  slip C4/C3 0.0404/0.4586  tilt -11.641/+4.166  contact 0.74  (15 outer, 904 pcg, 9279s)
step 502 uz 2.5500 Fz   -1025.1 N  dmg  18.40%  maxVM  34.98  slip C4/C3 0.0109/0.2746  tilt -10.733/+2.795  contact 0.64  (15 outer, 751 pcg, 9284s)
step 503 uz 2.5550 Fz   -1036.9 N  dmg  18.40%  maxVM  34.98  slip C4/C3 0.0107/0.2750  tilt -10.752/+2.793  contact 0.64  (15 outer, 797 pcg, 9295s)
step 537 uz 2.7250 Fz   -1160.4 N  dmg  14.41%  maxVM  34.84  slip C4/C3 0.0408/0.4596  tilt -11.671/+4.165  contact 0.74  (15 outer, 924 pcg, 9296s)
step 504 uz 2.5600 Fz   -1073.7 N  dmg  18.40%  maxVM  34.95  slip C4/C3 0.0109/0.2753  tilt -10.767/+2.793  contact 0.64  (15 outer, 781 pcg, 9302s)
step  26 lat_bend_neg -6.50 deg  load   -674.77 Nmm  Fz  -100.1  dmg  1.21%  maxVM  34.87  slip C4/C3 0.0179/0.3036  contact 0.09 (15 outer, 916s)
step 538 uz 2.7300 Fz   -1141.4 N  dmg  14.41%  maxVM  34.87  slip C4/C3 0.0406/0.4599  tilt -11.696/+4.160  contact 0.74  (15 outer, 930 pcg, 9309s)
step 539 uz 2.7350 Fz   -1181.8 N  dmg  14.41%  maxVM  34.94  slip C4/C3 0.0407/0.4606  tilt -11.714/+4.159  contact 0.75  (15 outer, 868 pcg, 9317s)
step  27 lat_bend_neg -6.75 deg  load   -731.80 Nmm  Fz  -100.1  dmg  1.28%  maxVM  34.58  slip C4/C3 0.0188/0.3170  contact 0.11 (15 outer, 936s)
step 540 uz 2.7400 Fz   -1128.5 N  dmg  14.41%  maxVM  34.79  slip C4/C3 0.0407/0.4622  tilt -11.742/+4.160  contact 0.74  (15 outer, 930 pcg, 9329s)
step 541 uz 2.7450 Fz   -1161.6 N  dmg  14.41%  maxVM  34.80  slip C4/C3 0.0410/0.4613  tilt -11.761/+4.160  contact 0.75  (15 outer, 857 pcg, 9337s)
step 542 uz 2.7500 Fz   -1108.9 N  dmg  14.42%  maxVM  34.93  slip C4/C3 0.0413/0.4648  tilt -12.191/+4.438  contact 0.74  (15 outer, 1366 pcg, 9359s)
step 505 uz 2.5650 Fz   -1036.6 N  dmg  18.45%  maxVM  34.76  slip C4/C3 0.0107/0.2786  tilt -10.790/+2.765  contact 0.64  (15 outer, 779 pcg, 9368s)
step 506 uz 2.5700 Fz   -1063.7 N  dmg  18.45%  maxVM  34.80  slip C4/C3 0.0108/0.2789  tilt -10.803/+2.764  contact 0.64  (15 outer, 778 pcg, 9375s)
step 507 uz 2.5750 Fz   -1027.8 N  dmg  18.45%  maxVM  34.86  slip C4/C3 0.0108/0.2791  tilt -10.821/+2.764  contact 0.64  (15 outer, 804 pcg, 9383s)
step 543 uz 2.7550 Fz   -1111.3 N  dmg  14.43%  maxVM  34.95  slip C4/C3 0.0416/0.4658  tilt -12.223/+4.417  contact 0.74  (15 outer, 901 pcg, 9385s)
step 508 uz 2.5800 Fz   -1062.0 N  dmg  18.46%  maxVM  34.95  slip C4/C3 0.0109/0.2797  tilt -10.837/+2.763  contact 0.64  (15 outer, 696 pcg, 9394s)
step  28 lat_bend_neg -7.00 deg  load   -879.51 Nmm  Fz  -100.3  dmg  1.44%  maxVM  34.45  slip C4/C3 0.0172/0.3361  contact 0.12 (15 outer, 1005s)
step 544 uz 2.7600 Fz   -1156.0 N  dmg  14.44%  maxVM  34.96  slip C4/C3 0.0416/0.4673  tilt -12.244/+4.408  contact 0.74  (15 outer, 893 pcg, 9398s)
step 509 uz 2.5850 Fz   -1072.6 N  dmg  18.46%  maxVM  34.92  slip C4/C3 0.0108/0.2802  tilt -10.853/+2.763  contact 0.64  (15 outer, 753 pcg, 9404s)
step 545 uz 2.7650 Fz   -1171.6 N  dmg  14.44%  maxVM  34.89  slip C4/C3 0.0419/0.4680  tilt -12.263/+4.398  contact 0.74  (15 outer, 871 pcg, 9410s)
step 510 uz 2.5900 Fz   -1050.4 N  dmg  18.46%  maxVM  34.99  slip C4/C3 0.0109/0.2809  tilt -10.870/+2.760  contact 0.64  (15 outer, 816 pcg, 9416s)
step 546 uz 2.7700 Fz   -1142.0 N  dmg  14.44%  maxVM  34.96  slip C4/C3 0.0418/0.4683  tilt -12.283/+4.392  contact 0.74  (15 outer, 937 pcg, 9419s)
step  29 lat_bend_neg -7.25 deg  load   -975.00 Nmm  Fz  -100.4  dmg  1.53%  maxVM  34.84  slip C4/C3 0.0180/0.3492  contact 0.13 (15 outer, 1030s)
step 511 uz 2.5950 Fz   -1095.3 N  dmg  18.46%  maxVM  35.00  slip C4/C3 0.0107/0.2814  tilt -10.885/+2.757  contact 0.64  (15 outer, 811 pcg, 9428s)
step 512 uz 2.6000 Fz   -1090.6 N  dmg  18.47%  maxVM  34.97  slip C4/C3 0.0109/0.2822  tilt -10.901/+2.757  contact 0.64  (15 outer, 757 pcg, 9439s)
step 547 uz 2.7750 Fz   -1129.4 N  dmg  14.45%  maxVM  34.89  slip C4/C3 0.0420/0.4700  tilt -12.317/+4.374  contact 0.74  (15 outer, 894 pcg, 9445s)
step  30 lat_bend_neg -7.50 deg  load   -948.82 Nmm  Fz  -100.5  dmg  1.63%  maxVM  33.20  slip C4/C3 0.0187/0.3623  contact 0.13 (15 outer, 1056s)
step 548 uz 2.7800 Fz   -1158.7 N  dmg  14.46%  maxVM  34.97  slip C4/C3 0.0421/0.4711  tilt -12.341/+4.368  contact 0.74  (15 outer, 890 pcg, 9458s)
step  31 lat_bend_neg -7.75 deg  load  -1035.26 Nmm  Fz  -100.6  dmg  1.66%  maxVM  34.58  slip C4/C3 0.0195/0.3750  contact 0.14 (15 outer, 1077s)
step 549 uz 2.7850 Fz   -1142.1 N  dmg  14.47%  maxVM  34.92  slip C4/C3 0.0425/0.4715  tilt -12.363/+4.359  contact 0.74  (15 outer, 825 pcg, 9474s)
step 550 uz 2.7900 Fz   -1198.2 N  dmg  14.47%  maxVM  34.99  slip C4/C3 0.0423/0.4730  tilt -12.379/+4.356  contact 0.74  (15 outer, 850 pcg, 9482s)
step  32 lat_bend_neg -8.00 deg  load  -1131.83 Nmm  Fz  -100.7  dmg  1.71%  maxVM  31.72  slip C4/C3 0.0203/0.3874  contact 0.15 (15 outer, 1097s)
step 513 uz 2.6050 Fz    -992.7 N  dmg  18.50%  maxVM  34.82  slip C4/C3 0.0109/0.2842  tilt -10.954/+2.759  contact 0.64  (15 outer, 765 pcg, 9488s)
step 514 uz 2.6100 Fz   -1010.2 N  dmg  18.50%  maxVM  34.85  slip C4/C3 0.0109/0.2845  tilt -10.978/+2.759  contact 0.65  (15 outer, 850 pcg, 9496s)
step 551 uz 2.7950 Fz   -1133.3 N  dmg  14.52%  maxVM  34.84  slip C4/C3 0.0430/0.4743  tilt -12.410/+4.323  contact 0.75  (15 outer, 935 pcg, 9520s)
step 515 uz 2.6150 Fz   -1000.0 N  dmg  18.51%  maxVM  34.79  slip C4/C3 0.0109/0.2879  tilt -11.489/+2.895  contact 0.64  (15 outer, 1240 pcg, 9521s)
step  33 lat_bend_neg -8.25 deg  load  -1074.03 Nmm  Fz  -100.7  dmg  1.77%  maxVM  34.98  slip C4/C3 0.0212/0.4007  contact 0.15 (15 outer, 1131s)
step 516 uz 2.6200 Fz   -1035.6 N  dmg  18.51%  maxVM  34.82  slip C4/C3 0.0111/0.2884  tilt -11.508/+2.891  contact 0.64  (15 outer, 847 pcg, 9529s)
step 517 uz 2.6250 Fz   -1042.2 N  dmg  18.51%  maxVM  34.97  slip C4/C3 0.0110/0.2887  tilt -11.526/+2.888  contact 0.64  (15 outer, 896 pcg, 9537s)
step 552 uz 2.8000 Fz   -1209.4 N  dmg  14.52%  maxVM  34.89  slip C4/C3 0.0427/0.4765  tilt -12.426/+4.306  contact 0.74  (15 outer, 884 pcg, 9544s)
step  34 lat_bend_neg -8.50 deg  load  -1197.66 Nmm  Fz  -100.8  dmg  1.81%  maxVM  34.57  slip C4/C3 0.0235/0.4129  contact 0.16 (15 outer, 1154s)
step 518 uz 2.6300 Fz   -1062.4 N  dmg  18.51%  maxVM  34.99  slip C4/C3 0.0111/0.2891  tilt -11.545/+2.884  contact 0.64  (15 outer, 868 pcg, 9546s)
step 553 uz 2.8050 Fz   -1204.3 N  dmg  14.53%  maxVM  34.95  slip C4/C3 0.0432/0.4769  tilt -12.440/+4.297  contact 0.74  (15 outer, 831 pcg, 9556s)
step 519 uz 2.6350 Fz   -1045.6 N  dmg  18.52%  maxVM  34.95  slip C4/C3 0.0111/0.2900  tilt -11.567/+2.877  contact 0.64  (15 outer, 807 pcg, 9562s)
step  35 lat_bend_neg -8.75 deg  load  -1287.58 Nmm  Fz  -100.9  dmg  1.87%  maxVM  34.68  slip C4/C3 0.0264/0.4243  contact 0.16 (15 outer, 1175s)
step 520 uz 2.6400 Fz   -1041.1 N  dmg  18.52%  maxVM  34.94  slip C4/C3 0.0112/0.2907  tilt -11.586/+2.868  contact 0.64  (15 outer, 771 pcg, 9577s)
step 554 uz 2.8100 Fz   -1134.7 N  dmg  14.53%  maxVM  34.86  slip C4/C3 0.0430/0.4784  tilt -12.467/+4.278  contact 0.74  (15 outer, 896 pcg, 9581s)
step 555 uz 2.8150 Fz   -1161.4 N  dmg  14.53%  maxVM  34.94  slip C4/C3 0.0433/0.4782  tilt -12.483/+4.272  contact 0.74  (15 outer, 951 pcg, 9590s)
step  36 lat_bend_neg -9.00 deg  load  -1376.78 Nmm  Fz  -100.9  dmg  1.91%  maxVM  34.51  slip C4/C3 0.0284/0.4360  contact 0.17 (15 outer, 1205s)
step 521 uz 2.6450 Fz   -1006.9 N  dmg  18.53%  maxVM  34.71  slip C4/C3 0.0113/0.2918  tilt -11.621/+2.853  contact 0.64  (15 outer, 819 pcg, 9605s)
step 556 uz 2.8200 Fz   -1199.9 N  dmg  14.54%  maxVM  34.94  slip C4/C3 0.0431/0.4800  tilt -12.505/+4.264  contact 0.74  (15 outer, 863 pcg, 9607s)
step 522 uz 2.6500 Fz   -1047.0 N  dmg  18.53%  maxVM  34.78  slip C4/C3 0.0113/0.2927  tilt -11.641/+2.850  contact 0.64  (15 outer, 818 pcg, 9613s)
step  37 lat_bend_neg -9.25 deg  load  -1443.88 Nmm  Fz  -101.0  dmg  1.96%  maxVM  32.32  slip C4/C3 0.0303/0.4472  contact 0.18 (15 outer, 1230s)
step 523 uz 2.6550 Fz   -1058.8 N  dmg  18.53%  maxVM  34.89  slip C4/C3 0.0113/0.2930  tilt -11.657/+2.845  contact 0.64  (15 outer, 836 pcg, 9621s)
step  38 lat_bend_neg -9.50 deg  load  -1579.80 Nmm  Fz  -101.2  dmg  1.99%  maxVM  32.54  slip C4/C3 0.0318/0.4582  contact 0.18 (15 outer, 1245s)
step 557 uz 2.8250 Fz   -1179.3 N  dmg  14.59%  maxVM  34.97  slip C4/C3 0.0435/0.4817  tilt -12.547/+4.240  contact 0.74  (15 outer, 936 pcg, 9645s)
step  39 lat_bend_neg -9.75 deg  load  -1560.78 Nmm  Fz  -101.4  dmg  2.05%  maxVM  33.24  slip C4/C3 0.0330/0.4696  contact 0.18 (15 outer, 1267s)
step 524 uz 2.6600 Fz   -1038.9 N  dmg  18.54%  maxVM  34.84  slip C4/C3 0.0113/0.2952  tilt -11.696/+2.821  contact 0.64  (15 outer, 791 pcg, 9662s)
step  40 lat_bend_neg -10.00 deg  load  -1654.30 Nmm  Fz  -101.2  dmg  2.08%  maxVM  33.12  slip C4/C3 0.0340/0.4811  contact 0.18 (15 outer, 1287s)
{"design": "B_tread", "mode": "lat_bend_neg", "dof": 4, "stop_reason": "imposed limit reached", "preload_N": 100.0, "max_imposed": -0.1745329251994331, "max_imposed_unit": "rad", "max_load": 1654.301425681443, "load_unit": "Nmm", "load_at_endpoint": 1654.301425681443, "final_damage": 0.020789493321393928, "final_slip": 0.48112507163685814, "max_vm": 34.97605198429507, "steps": 40, "wall_s": 1286.7500686645508}
[gpu_pool] pid 1907006 cuda:2(GPU7) done ('sixdof', 'B_tread', 'lat_bend_neg') 1287.4s
=== Test 3 6-DOF A_smooth axial_rot_pos: preload 100.0 N (force), dof 5 displacement-controlled, device cuda:2
step 558 uz 2.8300 Fz   -1150.0 N  dmg  14.60%  maxVM  34.96  slip C4/C3 0.0434/0.4837  tilt -12.581/+4.218  contact 0.74  (15 outer, 863 pcg, 9679s)
step 525 uz 2.6650 Fz   -1008.7 N  dmg  18.56%  maxVM  34.89  slip C4/C3 0.0113/0.2960  tilt -11.729/+2.809  contact 0.64  (15 outer, 860 pcg, 9686s)
   preload secant 0: Uz 0.00833 mm -> Fz -104.66 N
step 559 uz 2.8350 Fz   -1159.4 N  dmg  14.61%  maxVM  34.91  slip C4/C3 0.0436/0.4845  tilt -12.609/+4.211  contact 0.74  (15 outer, 921 pcg, 9696s)
   preload secant 1: Uz 0.00794 mm -> Fz -93.34 N
step 526 uz 2.6700 Fz   -1039.2 N  dmg  18.56%  maxVM  34.95  slip C4/C3 0.0113/0.2968  tilt -11.751/+2.805  contact 0.64  (15 outer, 775 pcg, 9698s)
step 560 uz 2.8400 Fz   -1181.7 N  dmg  14.61%  maxVM  34.98  slip C4/C3 0.0436/0.4848  tilt -12.630/+4.207  contact 0.74  (15 outer, 906 pcg, 9704s)
   preload secant 2: Uz 0.00817 mm -> Fz -92.64 N
   preload secant 3: Uz 0.01553 mm -> Fz -185.02 N
step 561 uz 2.8450 Fz   -1205.0 N  dmg  14.61%  maxVM  34.99  slip C4/C3 0.0438/0.4854  tilt -12.647/+4.204  contact 0.74  (15 outer, 824 pcg, 9712s)
   preload secant 4: Uz 0.00876 mm -> Fz -98.35 N
step 527 uz 2.6750 Fz   -1033.2 N  dmg  18.57%  maxVM  34.89  slip C4/C3 0.0113/0.2979  tilt -11.782/+2.793  contact 0.64  (15 outer, 779 pcg, 9720s)
step 528 uz 2.6800 Fz   -1078.8 N  dmg  18.57%  maxVM  34.96  slip C4/C3 0.0113/0.2984  tilt -11.797/+2.792  contact 0.64  (15 outer, 703 pcg, 9727s)
step 562 uz 2.8500 Fz   -1178.4 N  dmg  14.62%  maxVM  34.79  slip C4/C3 0.0438/0.4867  tilt -12.671/+4.187  contact 0.74  (15 outer, 897 pcg, 9733s)
step 563 uz 2.8550 Fz   -1175.0 N  dmg  14.62%  maxVM  34.89  slip C4/C3 0.0440/0.4868  tilt -12.692/+4.184  contact 0.74  (15 outer, 901 pcg, 9742s)
step 529 uz 2.6850 Fz   -1042.1 N  dmg  18.57%  maxVM  34.99  slip C4/C3 0.0113/0.2992  tilt -11.818/+2.784  contact 0.65  (15 outer, 806 pcg, 9742s)
step 530 uz 2.6900 Fz   -1081.1 N  dmg  18.58%  maxVM  34.80  slip C4/C3 0.0113/0.3000  tilt -11.834/+2.781  contact 0.64  (15 outer, 748 pcg, 9753s)
step 564 uz 2.8600 Fz   -1209.8 N  dmg  14.62%  maxVM  34.93  slip C4/C3 0.0439/0.4876  tilt -12.713/+4.179  contact 0.74  (15 outer, 874 pcg, 9754s)
step 565 uz 2.8650 Fz   -1162.0 N  dmg  14.62%  maxVM  34.99  slip C4/C3 0.0444/0.4885  tilt -12.737/+4.171  contact 0.75  (15 outer, 962 pcg, 9767s)
step 531 uz 2.6950 Fz   -1119.8 N  dmg  18.58%  maxVM  34.88  slip C4/C3 0.0113/0.3013  tilt -11.845/+2.771  contact 0.65  (15 outer, 839 pcg, 9768s)
step 532 uz 2.7000 Fz   -1099.1 N  dmg  18.58%  maxVM  34.94  slip C4/C3 0.0113/0.3010  tilt -11.858/+2.769  contact 0.64  (15 outer, 754 pcg, 9776s)
step 566 uz 2.8700 Fz   -1219.2 N  dmg  14.63%  maxVM  34.87  slip C4/C3 0.0440/0.4890  tilt -12.759/+4.168  contact 0.74  (15 outer, 972 pcg, 9780s)
step 533 uz 2.7050 Fz   -1101.6 N  dmg  18.59%  maxVM  34.96  slip C4/C3 0.0113/0.3026  tilt -11.867/+2.759  contact 0.65  (15 outer, 739 pcg, 9794s)
step 567 uz 2.8750 Fz   -1125.7 N  dmg  14.63%  maxVM  34.96  slip C4/C3 0.0446/0.4905  tilt -12.797/+4.159  contact 0.75  (15 outer, 899 pcg, 9806s)
step 534 uz 2.7100 Fz   -1078.6 N  dmg  18.60%  maxVM  34.99  slip C4/C3 0.0113/0.3033  tilt -11.879/+2.748  contact 0.65  (15 outer, 812 pcg, 9813s)
step 568 uz 2.8800 Fz   -1203.8 N  dmg  14.64%  maxVM  34.96  slip C4/C3 0.0442/0.4921  tilt -12.820/+4.158  contact 0.74  (15 outer, 831 pcg, 9822s)
step 535 uz 2.7150 Fz   -1103.4 N  dmg  18.60%  maxVM  34.88  slip C4/C3 0.0113/0.3040  tilt -11.895/+2.738  contact 0.65  (15 outer, 776 pcg, 9828s)
step 569 uz 2.8850 Fz   -1167.7 N  dmg  14.64%  maxVM  34.99  slip C4/C3 0.0448/0.4920  tilt -12.840/+4.156  contact 0.74  (15 outer, 969 pcg, 9831s)
step 536 uz 2.7200 Fz   -1112.2 N  dmg  18.60%  maxVM  34.90  slip C4/C3 0.0113/0.3044  tilt -11.911/+2.735  contact 0.65  (15 outer, 768 pcg, 9836s)
step 537 uz 2.7250 Fz   -1092.8 N  dmg  18.60%  maxVM  34.98  slip C4/C3 0.0113/0.3049  tilt -11.929/+2.728  contact 0.65  (15 outer, 758 pcg, 9847s)
step 538 uz 2.7300 Fz   -1092.6 N  dmg  18.60%  maxVM  34.93  slip C4/C3 0.0114/0.3053  tilt -11.950/+2.725  contact 0.65  (15 outer, 801 pcg, 9859s)
step 570 uz 2.8900 Fz   -1185.3 N  dmg  14.66%  maxVM  34.89  slip C4/C3 0.0445/0.4935  tilt -12.868/+4.142  contact 0.74  (15 outer, 856 pcg, 9861s)
step 539 uz 2.7350 Fz   -1105.1 N  dmg  18.60%  maxVM  34.97  slip C4/C3 0.0113/0.3060  tilt -11.966/+2.722  contact 0.65  (15 outer, 826 pcg, 9867s)
step 571 uz 2.8950 Fz   -1206.5 N  dmg  14.66%  maxVM  34.94  slip C4/C3 0.0451/0.4940  tilt -12.886/+4.139  contact 0.74  (15 outer, 872 pcg, 9869s)
   preload done: Fz -100.00 N, Uz -0.00906 mm
step 572 uz 2.9000 Fz   -1240.2 N  dmg  14.66%  maxVM  35.00  slip C4/C3 0.0446/0.4954  tilt -12.903/+4.139  contact 0.74  (15 outer, 877 pcg, 9877s)
step 540 uz 2.7400 Fz   -1105.0 N  dmg  18.60%  maxVM  35.00  slip C4/C3 0.0114/0.3064  tilt -11.985/+2.718  contact 0.65  (15 outer, 762 pcg, 9878s)
step 573 uz 2.9050 Fz   -1125.9 N  dmg  14.66%  maxVM  34.88  slip C4/C3 0.0449/0.4961  tilt -12.936/+4.136  contact 0.74  (15 outer, 964 pcg, 9895s)
step 574 uz 2.9100 Fz   -1141.0 N  dmg  14.66%  maxVM  34.95  slip C4/C3 0.0448/0.4957  tilt -12.957/+4.139  contact 0.74  (15 outer, 925 pcg, 9903s)
step 541 uz 2.7450 Fz   -1046.0 N  dmg  18.62%  maxVM  34.95  slip C4/C3 0.0114/0.3075  tilt -12.020/+2.707  contact 0.65  (15 outer, 763 pcg, 9905s)
step 542 uz 2.7500 Fz   -1067.2 N  dmg  18.62%  maxVM  34.88  slip C4/C3 0.0114/0.3084  tilt -12.045/+2.706  contact 0.65  (15 outer, 759 pcg, 9919s)
step 575 uz 2.9150 Fz   -1192.8 N  dmg  14.67%  maxVM  34.91  slip C4/C3 0.0451/0.4969  tilt -12.981/+4.138  contact 0.74  (15 outer, 845 pcg, 9920s)
step 543 uz 2.7550 Fz   -1070.1 N  dmg  18.62%  maxVM  34.95  slip C4/C3 0.0114/0.3090  tilt -12.067/+2.701  contact 0.65  (15 outer, 759 pcg, 9930s)
step 576 uz 2.9200 Fz   -1134.7 N  dmg  14.67%  maxVM  34.99  slip C4/C3 0.0450/0.4984  tilt -13.014/+4.132  contact 0.74  (15 outer, 879 pcg, 9941s)
step 544 uz 2.7600 Fz   -1078.2 N  dmg  18.63%  maxVM  34.97  slip C4/C3 0.0114/0.3098  tilt -12.093/+2.698  contact 0.65  (15 outer, 792 pcg, 9945s)
step 545 uz 2.7650 Fz   -1098.0 N  dmg  18.64%  maxVM  34.99  slip C4/C3 0.0114/0.3117  tilt -12.124/+2.696  contact 0.65  (15 outer, 825 pcg, 9969s)
step   1 axial_rot_pos 0.25 deg  load   1124.85 Nmm  Fz  -100.0  dmg  0.00%  maxVM  18.03  slip C4/C3 0.0018/0.0070  contact 0.55 (15 outer, 301s)
step 546 uz 2.7700 Fz   -1028.8 N  dmg  18.64%  maxVM  34.97  slip C4/C3 0.0114/0.3120  tilt -12.155/+2.695  contact 0.65  (15 outer, 859 pcg, 9988s)
step 577 uz 2.9250 Fz   -1127.9 N  dmg  14.69%  maxVM  34.91  slip C4/C3 0.0454/0.5009  tilt -13.078/+4.121  contact 0.74  (15 outer, 891 pcg, 9993s)
step 578 uz 2.9300 Fz   -1197.0 N  dmg  14.69%  maxVM  34.99  slip C4/C3 0.0452/0.5025  tilt -13.099/+4.124  contact 0.74  (15 outer, 926 pcg, 10001s)
step 579 uz 2.9350 Fz   -1193.0 N  dmg  14.70%  maxVM  34.99  slip C4/C3 0.0457/0.5022  tilt -13.120/+4.115  contact 0.74  (15 outer, 807 pcg, 10018s)
step 547 uz 2.7750 Fz   -1117.7 N  dmg  18.66%  maxVM  34.90  slip C4/C3 0.0114/0.3141  tilt -12.192/+2.695  contact 0.65  (15 outer, 714 pcg, 10019s)
step 580 uz 2.9400 Fz   -1201.4 N  dmg  14.72%  maxVM  34.91  slip C4/C3 0.0455/0.5047  tilt -13.155/+4.107  contact 0.74  (15 outer, 867 pcg, 10047s)
step 581 uz 2.9450 Fz   -1134.5 N  dmg  14.72%  maxVM  34.98  slip C4/C3 0.0459/0.5045  tilt -13.178/+4.107  contact 0.74  (15 outer, 918 pcg, 10056s)
step 582 uz 2.9500 Fz   -1242.2 N  dmg  14.73%  maxVM  34.80  slip C4/C3 0.0456/0.5072  tilt -13.205/+4.104  contact 0.73  (15 outer, 887 pcg, 10085s)
step 583 uz 2.9550 Fz   -1183.4 N  dmg  14.73%  maxVM  34.89  slip C4/C3 0.0458/0.5077  tilt -13.232/+4.102  contact 0.74  (15 outer, 956 pcg, 10099s)
step 584 uz 2.9600 Fz   -1218.0 N  dmg  14.73%  maxVM  34.94  slip C4/C3 0.0458/0.5076  tilt -13.254/+4.102  contact 0.74  (15 outer, 913 pcg, 10107s)
step   2 axial_rot_pos 0.50 deg  load   1020.42 Nmm  Fz  -100.0  dmg  0.00%  maxVM  23.31  slip C4/C3 0.0046/0.0262  contact 0.39 (15 outer, 434s)
step 548 uz 2.7800 Fz   -1145.9 N  dmg  19.09%  maxVM  65.37  slip C4/C3 0.0112/0.3184  tilt -12.321/+2.662  contact 0.65  (15 outer, 890 pcg, 10132s)
step 585 uz 2.9650 Fz   -1159.9 N  dmg  14.74%  maxVM  34.88  slip C4/C3 0.0463/0.5093  tilt -13.297/+4.100  contact 0.74  (15 outer, 855 pcg, 10133s)
step 586 uz 2.9700 Fz   -1150.4 N  dmg  14.74%  maxVM  34.86  slip C4/C3 0.0459/0.5099  tilt -13.327/+4.094  contact 0.74  (15 outer, 898 pcg, 10150s)
step 587 uz 2.9750 Fz   -1230.6 N  dmg  14.74%  maxVM  34.92  slip C4/C3 0.0462/0.5107  tilt -13.343/+4.092  contact 0.74  (15 outer, 827 pcg, 10158s)
step 588 uz 2.9800 Fz   -1234.7 N  dmg  14.74%  maxVM  34.99  slip C4/C3 0.0460/0.5112  tilt -13.361/+4.091  contact 0.73  (15 outer, 854 pcg, 10166s)
step 549 uz 2.7850 Fz    -986.6 N  dmg  19.16%  maxVM  34.93  slip C4/C3 0.0111/0.3210  tilt -12.382/+2.648  contact 0.65  (15 outer, 834 pcg, 10172s)
step   3 axial_rot_pos 0.75 deg  load   1332.27 Nmm  Fz  -100.0  dmg  0.00%  maxVM  26.54  slip C4/C3 0.0063/0.0368  contact 0.28 (15 outer, 502s)
step 589 uz 2.9850 Fz   -1188.0 N  dmg  14.75%  maxVM  34.98  slip C4/C3 0.0464/0.5116  tilt -13.388/+4.084  contact 0.74  (15 outer, 848 pcg, 10183s)
step 550 uz 2.7900 Fz   -1010.9 N  dmg  19.17%  maxVM  34.93  slip C4/C3 0.0111/0.3213  tilt -12.417/+2.648  contact 0.65  (15 outer, 994 pcg, 10186s)
step 551 uz 2.7950 Fz   -1042.9 N  dmg  19.17%  maxVM  34.99  slip C4/C3 0.0111/0.3218  tilt -12.441/+2.649  contact 0.65  (15 outer, 884 pcg, 10194s)
step 590 uz 2.9900 Fz   -1195.7 N  dmg  14.76%  maxVM  34.96  slip C4/C3 0.0462/0.5131  tilt -13.427/+4.079  contact 0.74  (15 outer, 974 pcg, 10205s)
step 552 uz 2.8000 Fz   -1053.5 N  dmg  19.17%  maxVM  34.97  slip C4/C3 0.0111/0.3232  tilt -12.472/+2.649  contact 0.64  (15 outer, 818 pcg, 10209s)
step 591 uz 2.9950 Fz   -1220.4 N  dmg  14.76%  maxVM  34.95  slip C4/C3 0.0465/0.5136  tilt -13.448/+4.075  contact 0.74  (15 outer, 862 pcg, 10217s)
step 553 uz 2.8050 Fz   -1047.9 N  dmg  19.17%  maxVM  34.89  slip C4/C3 0.0111/0.3235  tilt -12.497/+2.648  contact 0.65  (15 outer, 972 pcg, 10219s)
step 592 uz 3.0000 Fz   -1256.8 N  dmg  14.77%  maxVM  34.86  slip C4/C3 0.0464/0.5149  tilt -13.480/+4.075  contact 0.73  (15 outer, 954 pcg, 10234s)
step 554 uz 2.8100 Fz   -1067.2 N  dmg  19.18%  maxVM  34.74  slip C4/C3 0.0111/0.3243  tilt -12.531/+2.647  contact 0.65  (15 outer, 842 pcg, 10236s)
step   4 axial_rot_pos 1.00 deg  load   1359.02 Nmm  Fz  -100.0  dmg  0.00%  maxVM  29.97  slip C4/C3 0.0074/0.0494  contact 0.23 (15 outer, 564s)
step 555 uz 2.8150 Fz   -1090.3 N  dmg  19.18%  maxVM  34.80  slip C4/C3 0.0111/0.3246  tilt -12.552/+2.647  contact 0.65  (15 outer, 845 pcg, 10244s)
step 593 uz 3.0050 Fz   -1132.3 N  dmg  14.77%  maxVM  34.79  slip C4/C3 0.0467/0.5157  tilt -13.515/+4.080  contact 0.74  (15 outer, 917 pcg, 10248s)
step 556 uz 2.8200 Fz   -1081.7 N  dmg  19.18%  maxVM  34.87  slip C4/C3 0.0111/0.3251  tilt -12.575/+2.646  contact 0.65  (15 outer, 864 pcg, 10252s)
{"design": "A_smooth", "stop_reason": "max displacement", "peak_Fz_N": 1298.9409202902436, "stiffness_N_per_mm": 11980.076219978087, "first_damage": {"uz": 0.12500000000000003, "Fz": 1254.5489380863648}, "endpoint": null, "damage_crossings": {"0.1": {"uz_imposed": 1.8649999999999822, "Fz": -1011.2243342646439, "step": 365}, "0.15": null, "0.2": null}, "max_slip_mm": 0.5156836264970917, "steps": 593, "wall_s": 10248.142715930939, "F_fail_N": 1298.9409202902436}
[gpu_pool] pid 1907004 cuda:0(GPU3) done ('static', 'A_smooth') 10257.4s
=== Test 3 6-DOF B_tread axial_rot_pos: preload 100.0 N (force), dof 5 displacement-controlled, device cuda:0
step 557 uz 2.8250 Fz   -1107.2 N  dmg  19.18%  maxVM  34.93  slip C4/C3 0.0112/0.3261  tilt -12.599/+2.644  contact 0.65  (15 outer, 847 pcg, 10263s)
   preload secant 0: Uz 0.00833 mm -> Fz -105.30 N
   preload secant 1: Uz 0.00789 mm -> Fz -95.33 N
   preload secant 2: Uz 0.00810 mm -> Fz -95.61 N
   preload secant 3: Uz 0.01131 mm -> Fz -136.22 N
   preload secant 4: Uz 0.00845 mm -> Fz -99.27 N
step   5 axial_rot_pos 1.25 deg  load   1084.14 Nmm  Fz  -100.0  dmg  0.00%  maxVM  29.89  slip C4/C3 0.0088/0.0614  contact 0.20 (15 outer, 635s)
step 558 uz 2.8300 Fz   -1084.5 N  dmg  19.20%  maxVM  34.87  slip C4/C3 0.0111/0.3288  tilt -12.671/+2.627  contact 0.65  (15 outer, 875 pcg, 10317s)
step 559 uz 2.8350 Fz   -1108.5 N  dmg  19.20%  maxVM  34.94  slip C4/C3 0.0111/0.3293  tilt -12.693/+2.625  contact 0.65  (15 outer, 860 pcg, 10325s)
step 560 uz 2.8400 Fz   -1125.8 N  dmg  19.20%  maxVM  34.88  slip C4/C3 0.0111/0.3298  tilt -12.716/+2.622  contact 0.65  (15 outer, 876 pcg, 10338s)
step 561 uz 2.8450 Fz   -1129.9 N  dmg  19.20%  maxVM  34.95  slip C4/C3 0.0112/0.3306  tilt -12.738/+2.619  contact 0.65  (15 outer, 845 pcg, 10354s)
step   6 axial_rot_pos 1.50 deg  load   1208.92 Nmm  Fz  -100.0  dmg  0.00%  maxVM  31.48  slip C4/C3 0.0098/0.0702  contact 0.18 (15 outer, 680s)
step 562 uz 2.8500 Fz   -1035.7 N  dmg  19.21%  maxVM  34.98  slip C4/C3 0.0112/0.3315  tilt -12.773/+2.618  contact 0.65  (15 outer, 893 pcg, 10371s)
step 563 uz 2.8550 Fz   -1046.1 N  dmg  19.21%  maxVM  34.99  slip C4/C3 0.0112/0.3327  tilt -12.805/+2.617  contact 0.65  (15 outer, 835 pcg, 10389s)
step   7 axial_rot_pos 1.75 deg  load   1275.05 Nmm  Fz  -100.0  dmg  0.00%  maxVM  34.18  slip C4/C3 0.0111/0.0806  contact 0.16 (15 outer, 720s)
step 564 uz 2.8600 Fz   -1056.8 N  dmg  19.21%  maxVM  34.96  slip C4/C3 0.0112/0.3334  tilt -12.835/+2.617  contact 0.65  (15 outer, 812 pcg, 10406s)
step 565 uz 2.8650 Fz   -1085.2 N  dmg  19.22%  maxVM  34.96  slip C4/C3 0.0112/0.3345  tilt -12.867/+2.616  contact 0.65  (15 outer, 869 pcg, 10423s)
   preload done: Fz -100.00 N, Uz -0.00862 mm
step 566 uz 2.8700 Fz   -1032.7 N  dmg  19.22%  maxVM  34.97  slip C4/C3 0.0112/0.3355  tilt -12.898/+2.614  contact 0.65  (15 outer, 934 pcg, 10437s)
step 567 uz 2.8750 Fz   -1149.7 N  dmg  19.23%  maxVM  34.76  slip C4/C3 0.0112/0.3359  tilt -12.920/+2.614  contact 0.65  (15 outer, 851 pcg, 10450s)
step 568 uz 2.8800 Fz   -1028.9 N  dmg  19.23%  maxVM  34.86  slip C4/C3 0.0112/0.3361  tilt -12.951/+2.616  contact 0.65  (15 outer, 950 pcg, 10459s)
step   8 axial_rot_pos 2.00 deg  load    708.52 Nmm  Fz  -100.0  dmg  0.02%  maxVM  33.34  slip C4/C3 0.0127/0.0931  contact 0.16 (15 outer, 787s)
step 569 uz 2.8850 Fz   -1147.2 N  dmg  19.23%  maxVM  34.89  slip C4/C3 0.0112/0.3367  tilt -12.967/+2.617  contact 0.65  (15 outer, 825 pcg, 10467s)
step 570 uz 2.8900 Fz   -1112.4 N  dmg  19.23%  maxVM  34.95  slip C4/C3 0.0112/0.3373  tilt -12.992/+2.616  contact 0.65  (15 outer, 915 pcg, 10475s)
step 571 uz 2.8950 Fz   -1117.5 N  dmg  19.23%  maxVM  34.97  slip C4/C3 0.0112/0.3379  tilt -13.021/+2.611  contact 0.65  (15 outer, 960 pcg, 10489s)
step   1 axial_rot_pos 0.25 deg  load   1557.31 Nmm  Fz  -100.0  dmg  0.00%  maxVM  15.74  slip C4/C3 0.0011/0.0015  contact 0.45 (10 outer, 239s)
step 572 uz 2.9000 Fz   -1106.0 N  dmg  19.23%  maxVM  34.94  slip C4/C3 0.0113/0.3383  tilt -13.047/+2.608  contact 0.65  (15 outer, 931 pcg, 10498s)
step   9 axial_rot_pos 2.25 deg  load    606.48 Nmm  Fz  -100.0  dmg  0.03%  maxVM  31.77  slip C4/C3 0.0140/0.1030  contact 0.15 (15 outer, 843s)
step 573 uz 2.9050 Fz   -1037.9 N  dmg  19.23%  maxVM  34.89  slip C4/C3 0.0113/0.3397  tilt -13.101/+2.607  contact 0.65  (15 outer, 879 pcg, 10524s)
step 574 uz 2.9100 Fz   -1079.6 N  dmg  19.23%  maxVM  34.95  slip C4/C3 0.0113/0.3401  tilt -13.125/+2.606  contact 0.65  (15 outer, 861 pcg, 10532s)
step 575 uz 2.9150 Fz   -1005.1 N  dmg  19.24%  maxVM  34.87  slip C4/C3 0.0113/0.3409  tilt -13.161/+2.607  contact 0.65  (15 outer, 854 pcg, 10545s)
step 576 uz 2.9200 Fz   -1035.3 N  dmg  19.24%  maxVM  34.92  slip C4/C3 0.0113/0.3415  tilt -13.185/+2.608  contact 0.65  (15 outer, 915 pcg, 10554s)
step  10 axial_rot_pos 2.50 deg  load    587.16 Nmm  Fz  -100.0  dmg  0.03%  maxVM  32.64  slip C4/C3 0.0149/0.1104  contact 0.13 (14 outer, 889s)
step 577 uz 2.9250 Fz   -1071.7 N  dmg  19.26%  maxVM  34.93  slip C4/C3 0.0113/0.3434  tilt -13.247/+2.599  contact 0.65  (15 outer, 867 pcg, 10596s)
step  11 axial_rot_pos 2.75 deg  load    653.64 Nmm  Fz  -100.0  dmg  0.04%  maxVM  34.12  slip C4/C3 0.0156/0.1173  contact 0.13 (15 outer, 922s)
step   2 axial_rot_pos 0.50 deg  load   1630.58 Nmm  Fz  -100.0  dmg  0.00%  maxVM  26.96  slip C4/C3 0.0043/0.0095  contact 0.23 (15 outer, 346s)
step 578 uz 2.9300 Fz   -1160.3 N  dmg  19.26%  maxVM  34.97  slip C4/C3 0.0113/0.3445  tilt -13.268/+2.599  contact 0.65  (15 outer, 848 pcg, 10604s)
step 579 uz 2.9350 Fz   -1089.8 N  dmg  19.26%  maxVM  34.88  slip C4/C3 0.0114/0.3447  tilt -13.306/+2.597  contact 0.65  (15 outer, 959 pcg, 10618s)
step  12 axial_rot_pos 3.00 deg  load    770.25 Nmm  Fz  -100.0  dmg  0.04%  maxVM  33.57  slip C4/C3 0.0164/0.1237  contact 0.12 (15 outer, 949s)
step 580 uz 2.9400 Fz   -1130.1 N  dmg  19.27%  maxVM  34.95  slip C4/C3 0.0114/0.3459  tilt -13.340/+2.593  contact 0.65  (15 outer, 841 pcg, 10635s)
step 581 uz 2.9450 Fz   -1121.3 N  dmg  19.27%  maxVM  34.88  slip C4/C3 0.0114/0.3469  tilt -13.370/+2.596  contact 0.65  (15 outer, 930 pcg, 10648s)
step 582 uz 2.9500 Fz   -1215.7 N  dmg  19.27%  maxVM  34.93  slip C4/C3 0.0114/0.3472  tilt -13.385/+2.592  contact 0.65  (15 outer, 877 pcg, 10656s)
step  13 axial_rot_pos 3.25 deg  load    556.27 Nmm  Fz  -100.0  dmg  0.07%  maxVM  33.21  slip C4/C3 0.0169/0.1329  contact 0.11 (15 outer, 994s)
step 583 uz 2.9550 Fz   -1154.8 N  dmg  19.27%  maxVM  34.96  slip C4/C3 0.0114/0.3482  tilt -13.407/+2.581  contact 0.65  (15 outer, 877 pcg, 10673s)
step   3 axial_rot_pos 0.75 deg  load   1618.57 Nmm  Fz  -100.0  dmg  0.00%  maxVM  26.14  slip C4/C3 0.0070/0.0159  contact 0.16 (15 outer, 418s)
step 584 uz 2.9600 Fz   -1170.0 N  dmg  19.28%  maxVM  34.96  slip C4/C3 0.0114/0.3490  tilt -13.429/+2.575  contact 0.65  (15 outer, 871 pcg, 10686s)
step 585 uz 2.9650 Fz   -1227.9 N  dmg  19.28%  maxVM  34.96  slip C4/C3 0.0114/0.3503  tilt -13.440/+2.573  contact 0.65  (15 outer, 791 pcg, 10702s)
step  14 axial_rot_pos 3.50 deg  load    507.25 Nmm  Fz  -100.0  dmg  0.08%  maxVM  32.82  slip C4/C3 0.0181/0.1408  contact 0.11 (15 outer, 1032s)
step   4 axial_rot_pos 1.00 deg  load   1511.68 Nmm  Fz  -100.0  dmg  0.01%  maxVM  29.19  slip C4/C3 0.0107/0.0227  contact 0.13 (15 outer, 483s)
step  15 axial_rot_pos 3.75 deg  load    538.55 Nmm  Fz  -100.0  dmg  0.09%  maxVM  33.20  slip C4/C3 0.0196/0.1480  contact 0.11 (15 outer, 1068s)
step 586 uz 2.9700 Fz   -1139.9 N  dmg  19.30%  maxVM  34.91  slip C4/C3 0.0114/0.3517  tilt -13.475/+2.561  contact 0.65  (15 outer, 759 pcg, 10748s)
step  16 axial_rot_pos 4.00 deg  load    592.15 Nmm  Fz  -100.1  dmg  0.11%  maxVM  32.42  slip C4/C3 0.0214/0.1545  contact 0.10 (15 outer, 1097s)
step 587 uz 2.9750 Fz   -1041.6 N  dmg  19.30%  maxVM  34.95  slip C4/C3 0.0114/0.3529  tilt -13.531/+2.565  contact 0.65  (15 outer, 996 pcg, 10775s)
step 588 uz 2.9800 Fz   -1168.5 N  dmg  19.30%  maxVM  34.99  slip C4/C3 0.0114/0.3536  tilt -13.547/+2.568  contact 0.65  (15 outer, 748 pcg, 10783s)
step 589 uz 2.9850 Fz   -1050.5 N  dmg  19.31%  maxVM  34.85  slip C4/C3 0.0114/0.3549  tilt -13.595/+2.569  contact 0.65  (15 outer, 992 pcg, 10804s)
step   5 axial_rot_pos 1.25 deg  load   1437.66 Nmm  Fz  -100.0  dmg  0.01%  maxVM  32.78  slip C4/C3 0.0146/0.0299  contact 0.10 (15 outer, 548s)
step  17 axial_rot_pos 4.25 deg  load    557.88 Nmm  Fz  -100.1  dmg  0.13%  maxVM  33.07  slip C4/C3 0.0230/0.1617  contact 0.10 (15 outer, 1130s)
step 590 uz 2.9900 Fz   -1096.5 N  dmg  19.31%  maxVM  34.89  slip C4/C3 0.0114/0.3553  tilt -13.619/+2.571  contact 0.65  (15 outer, 850 pcg, 10812s)
step 591 uz 2.9950 Fz   -1118.1 N  dmg  19.31%  maxVM  34.93  slip C4/C3 0.0114/0.3556  tilt -13.641/+2.567  contact 0.65  (15 outer, 858 pcg, 10820s)
step 592 uz 3.0000 Fz   -1102.0 N  dmg  19.31%  maxVM  34.99  slip C4/C3 0.0114/0.3561  tilt -13.667/+2.564  contact 0.65  (15 outer, 796 pcg, 10832s)
step  18 axial_rot_pos 4.50 deg  load    601.29 Nmm  Fz  -100.1  dmg  0.15%  maxVM  34.59  slip C4/C3 0.0243/0.1683  contact 0.10 (15 outer, 1156s)
step 593 uz 3.0050 Fz   -1108.8 N  dmg  19.32%  maxVM  34.91  slip C4/C3 0.0114/0.3570  tilt -13.707/+2.564  contact 0.65  (15 outer, 776 pcg, 10853s)
{"design": "B_tread", "stop_reason": "max displacement", "peak_Fz_N": 1342.8287145388174, "stiffness_N_per_mm": 12359.477404017738, "first_damage": {"uz": 0.12500000000000003, "Fz": 1249.5028888624286}, "endpoint": {"uz": 1.589999999999988, "Fz": 725.7536302922388, "damage": 0.16376389821655102, "slip": 0.15536471324775827, "type": "damage 15 %"}, "damage_crossings": {"0.1": {"uz_imposed": 1.0000000000000007, "Fz": -629.7453585887811, "step": 192}, "0.15": {"uz_imposed": 1.589999999999988, "Fz": -725.7536302922388, "step": 310}, "0.2": null}, "max_slip_mm": 0.35697465984701254, "steps": 593, "wall_s": 10852.645310163498, "F_fail_N": 725.7536302922388}
[gpu_pool] pid 1907005 cuda:1(GPU4) done ('static', 'B_tread') 10862.9s
step  19 axial_rot_pos 4.75 deg  load    621.50 Nmm  Fz  -100.1  dmg  0.17%  maxVM  33.89  slip C4/C3 0.0264/0.1754  contact 0.10 (15 outer, 1185s)
=== Test 3 6-DOF A_smooth axial_rot_neg: preload 100.0 N (force), dof 5 displacement-controlled, device cuda:1
   preload secant 0: Uz 0.00833 mm -> Fz -104.66 N
   preload secant 1: Uz 0.00794 mm -> Fz -93.34 N
step   6 axial_rot_pos 1.50 deg  load   1083.60 Nmm  Fz  -100.0  dmg  0.02%  maxVM  34.92  slip C4/C3 0.0172/0.0373  contact 0.09 (15 outer, 630s)
step  20 axial_rot_pos 5.00 deg  load    686.55 Nmm  Fz  -100.1  dmg  0.19%  maxVM  34.17  slip C4/C3 0.0279/0.1823  contact 0.10 (15 outer, 1209s)
   preload secant 2: Uz 0.00817 mm -> Fz -92.64 N
   preload secant 3: Uz 0.01553 mm -> Fz -185.02 N
   preload secant 4: Uz 0.00876 mm -> Fz -98.35 N
step  21 axial_rot_pos 5.25 deg  load    642.17 Nmm  Fz  -100.1  dmg  0.22%  maxVM  34.07  slip C4/C3 0.0285/0.1911  contact 0.09 (15 outer, 1241s)
step  22 axial_rot_pos 5.50 deg  load    696.54 Nmm  Fz  -100.1  dmg  0.23%  maxVM  34.60  slip C4/C3 0.0291/0.1978  contact 0.09 (15 outer, 1267s)
step   7 axial_rot_pos 1.75 deg  load    896.74 Nmm  Fz  -100.0  dmg  0.04%  maxVM  33.34  slip C4/C3 0.0186/0.0443  contact 0.07 (9 outer, 694s)
step  23 axial_rot_pos 5.75 deg  load    715.07 Nmm  Fz  -100.1  dmg  0.26%  maxVM  33.84  slip C4/C3 0.0310/0.2046  contact 0.09 (15 outer, 1291s)
step  24 axial_rot_pos 6.00 deg  load    622.42 Nmm  Fz  -100.1  dmg  0.29%  maxVM  33.44  slip C4/C3 0.0313/0.2131  contact 0.09 (15 outer, 1322s)
step   8 axial_rot_pos 2.00 deg  load   1006.93 Nmm  Fz  -100.0  dmg  0.05%  maxVM  33.43  slip C4/C3 0.0198/0.0507  contact 0.07 (14 outer, 746s)
step  25 axial_rot_pos 6.25 deg  load    632.16 Nmm  Fz  -100.1  dmg  0.32%  maxVM  34.89  slip C4/C3 0.0319/0.2197  contact 0.08 (15 outer, 1350s)
step  26 axial_rot_pos 6.50 deg  load    719.77 Nmm  Fz  -100.2  dmg  0.34%  maxVM  34.47  slip C4/C3 0.0325/0.2264  contact 0.08 (15 outer, 1374s)
   preload done: Fz -100.00 N, Uz -0.00906 mm
step   9 axial_rot_pos 2.25 deg  load    808.36 Nmm  Fz  -100.0  dmg  0.07%  maxVM  34.96  slip C4/C3 0.0210/0.0602  contact 0.06 (15 outer, 811s)
step  27 axial_rot_pos 6.75 deg  load    567.76 Nmm  Fz  -100.1  dmg  0.36%  maxVM  34.25  slip C4/C3 0.0332/0.2348  contact 0.08 (15 outer, 1407s)
step  28 axial_rot_pos 7.00 deg  load    691.26 Nmm  Fz  -100.1  dmg  0.39%  maxVM  34.41  slip C4/C3 0.0338/0.2410  contact 0.08 (15 outer, 1430s)
step  29 axial_rot_pos 7.25 deg  load    753.71 Nmm  Fz  -100.2  dmg  0.41%  maxVM  34.58  slip C4/C3 0.0340/0.2474  contact 0.08 (15 outer, 1453s)
step  30 axial_rot_pos 7.50 deg  load    619.71 Nmm  Fz  -100.2  dmg  0.44%  maxVM  34.09  slip C4/C3 0.0347/0.2544  contact 0.08 (15 outer, 1484s)
step  10 axial_rot_pos 2.50 deg  load    690.68 Nmm  Fz  -100.0  dmg  0.14%  maxVM  34.39  slip C4/C3 0.0207/0.0761  contact 0.05 (11 outer, 910s)
step   1 axial_rot_neg -0.25 deg  load  -1025.86 Nmm  Fz  -100.0  dmg  0.00%  maxVM  20.92  slip C4/C3 0.0033/0.0088  contact 0.54 (14 outer, 304s)
step  31 axial_rot_pos 7.75 deg  load    744.09 Nmm  Fz  -100.2  dmg  0.46%  maxVM  34.50  slip C4/C3 0.0353/0.2606  contact 0.08 (15 outer, 1507s)
step  32 axial_rot_pos 8.00 deg  load    764.45 Nmm  Fz  -100.3  dmg  0.48%  maxVM  34.16  slip C4/C3 0.0358/0.2672  contact 0.08 (15 outer, 1529s)
step  11 axial_rot_pos 2.75 deg  load    693.52 Nmm  Fz  -100.0  dmg  0.20%  maxVM  33.63  slip C4/C3 0.0207/0.0866  contact 0.05 (8 outer, 974s)
step  33 axial_rot_pos 8.25 deg  load    610.87 Nmm  Fz  -100.2  dmg  0.52%  maxVM  33.70  slip C4/C3 0.0367/0.2748  contact 0.08 (15 outer, 1560s)
step  34 axial_rot_pos 8.50 deg  load    580.74 Nmm  Fz  -100.2  dmg  0.56%  maxVM  34.79  slip C4/C3 0.0378/0.2819  contact 0.08 (15 outer, 1592s)
step  12 axial_rot_pos 3.00 deg  load    838.82 Nmm  Fz  -100.1  dmg  0.23%  maxVM  34.76  slip C4/C3 0.0216/0.0949  contact 0.05 (15 outer, 1019s)
step  35 axial_rot_pos 8.75 deg  load    700.30 Nmm  Fz  -100.2  dmg  0.59%  maxVM  34.45  slip C4/C3 0.0385/0.2882  contact 0.08 (15 outer, 1615s)
step   2 axial_rot_neg -0.50 deg  load   -941.14 Nmm  Fz  -100.0  dmg  0.01%  maxVM  31.45  slip C4/C3 0.0085/0.0292  contact 0.39 (14 outer, 442s)
step  13 axial_rot_pos 3.25 deg  load    796.97 Nmm  Fz  -100.1  dmg  0.27%  maxVM  34.59  slip C4/C3 0.0221/0.1055  contact 0.05 (15 outer, 1071s)
step  36 axial_rot_pos 9.00 deg  load    452.57 Nmm  Fz  -100.1  dmg  0.67%  maxVM  34.32  slip C4/C3 0.0413/0.2984  contact 0.08 (15 outer, 1686s)
step  14 axial_rot_pos 3.50 deg  load    695.74 Nmm  Fz  -100.0  dmg  0.33%  maxVM  34.51  slip C4/C3 0.0216/0.1213  contact 0.05 (15 outer, 1143s)
step  37 axial_rot_pos 9.25 deg  load    492.29 Nmm  Fz  -100.1  dmg  0.69%  maxVM  33.57  slip C4/C3 0.0421/0.3057  contact 0.08 (15 outer, 1728s)
step   3 axial_rot_neg -0.75 deg  load   -951.49 Nmm  Fz  -100.0  dmg  0.02%  maxVM  27.64  slip C4/C3 0.0118/0.0461  contact 0.30 (15 outer, 547s)
step  38 axial_rot_pos 9.50 deg  load    567.19 Nmm  Fz  -100.1  dmg  0.72%  maxVM  34.02  slip C4/C3 0.0424/0.3116  contact 0.08 (15 outer, 1756s)
step  39 axial_rot_pos 9.75 deg  load    686.28 Nmm  Fz  -100.3  dmg  0.75%  maxVM  34.16  slip C4/C3 0.0425/0.3168  contact 0.08 (15 outer, 1777s)
step  15 axial_rot_pos 3.75 deg  load    694.00 Nmm  Fz  -100.0  dmg  0.40%  maxVM  34.89  slip C4/C3 0.0208/0.1407  contact 0.05 (15 outer, 1216s)
step  40 axial_rot_pos 10.00 deg  load    609.65 Nmm  Fz  -100.2  dmg  0.79%  maxVM  33.95  slip C4/C3 0.0429/0.3223  contact 0.08 (15 outer, 1805s)
{"design": "A_smooth", "mode": "axial_rot_pos", "dof": 5, "stop_reason": "imposed limit reached", "preload_N": 100.0, "max_imposed": 0.1745329251994331, "max_imposed_unit": "rad", "max_load": 1359.0150479283047, "load_unit": "Nmm", "load_at_endpoint": 609.6511034149784, "final_damage": 0.007948870296918407, "final_slip": 0.32231774114579415, "max_vm": 34.89181907614428, "steps": 40, "wall_s": 1804.5267705917358}
[gpu_pool] pid 1907006 cuda:2(GPU7) done ('sixdof', 'A_smooth', 'axial_rot_pos') 1805.1s
=== Test 3 6-DOF B_tread axial_rot_neg: preload 100.0 N (force), dof 5 displacement-controlled, device cuda:2
step   4 axial_rot_neg -1.00 deg  load  -1065.83 Nmm  Fz  -100.0  dmg  0.02%  maxVM  26.67  slip C4/C3 0.0141/0.0604  contact 0.25 (11 outer, 624s)
   preload secant 0: Uz 0.00833 mm -> Fz -105.30 N
   preload secant 1: Uz 0.00789 mm -> Fz -95.33 N
   preload secant 2: Uz 0.00810 mm -> Fz -95.61 N
   preload secant 3: Uz 0.01131 mm -> Fz -136.22 N
   preload secant 4: Uz 0.00845 mm -> Fz -99.27 N
step  16 axial_rot_pos 4.00 deg  load    691.96 Nmm  Fz  -100.0  dmg  0.46%  maxVM  34.17  slip C4/C3 0.0208/0.1592  contact 0.06 (15 outer, 1282s)
step   5 axial_rot_neg -1.25 deg  load  -1189.66 Nmm  Fz  -100.0  dmg  0.02%  maxVM  29.98  slip C4/C3 0.0163/0.0750  contact 0.21 (15 outer, 686s)
step  17 axial_rot_pos 4.25 deg  load    750.38 Nmm  Fz  -100.1  dmg  0.49%  maxVM  34.88  slip C4/C3 0.0210/0.1726  contact 0.06 (15 outer, 1328s)
step   6 axial_rot_neg -1.50 deg  load  -1178.62 Nmm  Fz  -100.0  dmg  0.02%  maxVM  34.16  slip C4/C3 0.0179/0.0927  contact 0.19 (15 outer, 745s)
step  18 axial_rot_pos 4.50 deg  load    749.92 Nmm  Fz  -100.1  dmg  0.54%  maxVM  34.41  slip C4/C3 0.0211/0.1878  contact 0.06 (15 outer, 1383s)
   preload done: Fz -100.00 N, Uz -0.00862 mm
step   7 axial_rot_neg -1.75 deg  load   -969.64 Nmm  Fz  -100.0  dmg  0.02%  maxVM  29.72  slip C4/C3 0.0196/0.1089  contact 0.17 (15 outer, 803s)
step  19 axial_rot_pos 4.75 deg  load    745.46 Nmm  Fz  -100.1  dmg  0.56%  maxVM  34.03  slip C4/C3 0.0209/0.2011  contact 0.06 (15 outer, 1425s)
step   8 axial_rot_neg -2.00 deg  load   -915.98 Nmm  Fz  -100.0  dmg  0.02%  maxVM  29.75  slip C4/C3 0.0215/0.1219  contact 0.15 (15 outer, 853s)
step  20 axial_rot_pos 5.00 deg  load    741.91 Nmm  Fz  -100.1  dmg  0.59%  maxVM  34.99  slip C4/C3 0.0208/0.2153  contact 0.06 (15 outer, 1465s)
step   1 axial_rot_neg -0.25 deg  load  -1369.43 Nmm  Fz  -100.0  dmg  0.00%  maxVM  18.17  slip C4/C3 0.0020/0.0030  contact 0.45 (13 outer, 256s)
step   9 axial_rot_neg -2.25 deg  load  -1152.05 Nmm  Fz  -100.0  dmg  0.02%  maxVM  34.62  slip C4/C3 0.0229/0.1335  contact 0.14 (15 outer, 883s)
step  21 axial_rot_pos 5.25 deg  load    680.97 Nmm  Fz  -100.1  dmg  0.64%  maxVM  34.15  slip C4/C3 0.0208/0.2333  contact 0.06 (15 outer, 1522s)
step  10 axial_rot_neg -2.50 deg  load   -974.90 Nmm  Fz  -100.0  dmg  0.03%  maxVM  31.89  slip C4/C3 0.0258/0.1489  contact 0.13 (15 outer, 930s)
step  11 axial_rot_neg -2.75 deg  load  -1049.83 Nmm  Fz  -100.0  dmg  0.03%  maxVM  34.87  slip C4/C3 0.0275/0.1591  contact 0.13 (15 outer, 959s)
step  22 axial_rot_pos 5.50 deg  load    708.45 Nmm  Fz  -100.1  dmg  0.68%  maxVM  34.09  slip C4/C3 0.0198/0.2464  contact 0.06 (15 outer, 1573s)
step   2 axial_rot_neg -0.50 deg  load  -1414.82 Nmm  Fz  -100.0  dmg  0.00%  maxVM  19.49  slip C4/C3 0.0070/0.0154  contact 0.25 (15 outer, 370s)
step  12 axial_rot_neg -3.00 deg  load   -736.64 Nmm  Fz   -99.9  dmg  0.04%  maxVM  31.93  slip C4/C3 0.0322/0.1753  contact 0.11 (15 outer, 1004s)
step  23 axial_rot_pos 5.75 deg  load    668.51 Nmm  Fz  -100.0  dmg  0.72%  maxVM  34.83  slip C4/C3 0.0197/0.2636  contact 0.06 (15 outer, 1634s)
step   3 axial_rot_neg -0.75 deg  load  -1668.37 Nmm  Fz  -100.0  dmg  0.00%  maxVM  27.90  slip C4/C3 0.0119/0.0248  contact 0.19 (15 outer, 432s)
step  13 axial_rot_neg -3.25 deg  load   -461.89 Nmm  Fz  -100.0  dmg  0.07%  maxVM  33.59  slip C4/C3 0.0398/0.1879  contact 0.10 (15 outer, 1067s)
step  24 axial_rot_pos 6.00 deg  load    738.35 Nmm  Fz  -100.1  dmg  0.76%  maxVM  34.69  slip C4/C3 0.0187/0.2749  contact 0.06 (15 outer, 1677s)
step  14 axial_rot_neg -3.50 deg  load   -456.05 Nmm  Fz  -100.0  dmg  0.10%  maxVM  34.36  slip C4/C3 0.0452/0.1984  contact 0.10 (7 outer, 1119s)
step  25 axial_rot_pos 6.25 deg  load    691.12 Nmm  Fz  -100.1  dmg  0.82%  maxVM  34.77  slip C4/C3 0.0166/0.2886  contact 0.06 (15 outer, 1731s)
step   4 axial_rot_neg -1.00 deg  load  -1454.37 Nmm  Fz  -100.0  dmg  0.01%  maxVM  31.86  slip C4/C3 0.0178/0.0367  contact 0.14 (15 outer, 506s)
step  26 axial_rot_pos 6.50 deg  load    717.16 Nmm  Fz  -100.1  dmg  0.88%  maxVM  35.00  slip C4/C3 0.0132/0.2990  contact 0.07 (15 outer, 1768s)
step  15 axial_rot_neg -3.75 deg  load   -527.11 Nmm  Fz  -100.0  dmg  0.12%  maxVM  34.26  slip C4/C3 0.0500/0.2086  contact 0.10 (15 outer, 1163s)
step  16 axial_rot_neg -4.00 deg  load   -589.31 Nmm  Fz  -100.0  dmg  0.14%  maxVM  34.54  slip C4/C3 0.0526/0.2162  contact 0.09 (15 outer, 1193s)
step  27 axial_rot_pos 6.75 deg  load    721.08 Nmm  Fz  -100.1  dmg  0.94%  maxVM  33.62  slip C4/C3 0.0099/0.3104  contact 0.07 (15 outer, 1804s)
step   5 axial_rot_neg -1.25 deg  load  -1341.60 Nmm  Fz  -100.0  dmg  0.01%  maxVM  29.57  slip C4/C3 0.0218/0.0478  contact 0.11 (15 outer, 578s)
step  17 axial_rot_neg -4.25 deg  load   -670.88 Nmm  Fz  -100.1  dmg  0.15%  maxVM  33.96  slip C4/C3 0.0553/0.2242  contact 0.09 (15 outer, 1218s)
step  28 axial_rot_pos 7.00 deg  load    904.86 Nmm  Fz  -100.1  dmg  0.95%  maxVM  34.59  slip C4/C3 0.0087/0.3200  contact 0.07 (15 outer, 1833s)
step  18 axial_rot_neg -4.50 deg  load   -751.77 Nmm  Fz  -100.1  dmg  0.16%  maxVM  34.80  slip C4/C3 0.0579/0.2318  contact 0.09 (15 outer, 1238s)
step   6 axial_rot_neg -1.50 deg  load  -1270.66 Nmm  Fz  -100.0  dmg  0.02%  maxVM  31.20  slip C4/C3 0.0252/0.0581  contact 0.10 (15 outer, 637s)
step  29 axial_rot_pos 7.25 deg  load    737.05 Nmm  Fz  -100.2  dmg  1.00%  maxVM  34.55  slip C4/C3 0.0068/0.3316  contact 0.07 (15 outer, 1871s)
step  19 axial_rot_neg -4.75 deg  load   -540.00 Nmm  Fz  -100.0  dmg  0.19%  maxVM  34.48  slip C4/C3 0.0628/0.2440  contact 0.08 (15 outer, 1276s)
step  20 axial_rot_neg -5.00 deg  load   -635.37 Nmm  Fz  -100.1  dmg  0.20%  maxVM  34.71  slip C4/C3 0.0641/0.2516  contact 0.08 (15 outer, 1304s)
step   7 axial_rot_neg -1.75 deg  load  -1221.57 Nmm  Fz  -100.0  dmg  0.02%  maxVM  33.06  slip C4/C3 0.0287/0.0682  contact 0.08 (13 outer, 686s)
step  30 axial_rot_pos 7.50 deg  load    753.44 Nmm  Fz  -100.2  dmg  1.05%  maxVM  33.18  slip C4/C3 0.0057/0.3447  contact 0.07 (15 outer, 1914s)
step  21 axial_rot_neg -5.25 deg  load   -580.20 Nmm  Fz  -100.0  dmg  0.23%  maxVM  34.41  slip C4/C3 0.0663/0.2615  contact 0.08 (15 outer, 1335s)
step  31 axial_rot_pos 7.75 deg  load    736.10 Nmm  Fz  -100.1  dmg  1.09%  maxVM  34.58  slip C4/C3 0.0057/0.3564  contact 0.07 (15 outer, 1958s)
step  22 axial_rot_neg -5.50 deg  load   -517.93 Nmm  Fz  -100.1  dmg  0.24%  maxVM  33.95  slip C4/C3 0.0685/0.2707  contact 0.08 (15 outer, 1371s)
step  32 axial_rot_pos 8.00 deg  load    833.07 Nmm  Fz  -100.1  dmg  1.11%  maxVM  34.96  slip C4/C3 0.0068/0.3649  contact 0.07 (15 outer, 1982s)
step   8 axial_rot_neg -2.00 deg  load   -867.67 Nmm  Fz  -100.0  dmg  0.04%  maxVM  31.41  slip C4/C3 0.0315/0.0823  contact 0.07 (15 outer, 766s)
step  23 axial_rot_neg -5.75 deg  load   -519.03 Nmm  Fz  -100.1  dmg  0.27%  maxVM  33.69  slip C4/C3 0.0712/0.2799  contact 0.08 (15 outer, 1406s)
step  33 axial_rot_pos 8.25 deg  load    792.05 Nmm  Fz  -100.2  dmg  1.15%  maxVM  34.90  slip C4/C3 0.0072/0.3760  contact 0.07 (15 outer, 2013s)
step  24 axial_rot_neg -6.00 deg  load   -620.34 Nmm  Fz  -100.1  dmg  0.29%  maxVM  34.48  slip C4/C3 0.0725/0.2878  contact 0.08 (15 outer, 1434s)
step   9 axial_rot_neg -2.25 deg  load   -827.78 Nmm  Fz  -100.0  dmg  0.05%  maxVM  34.92  slip C4/C3 0.0340/0.0934  contact 0.06 (15 outer, 816s)
step  34 axial_rot_pos 8.50 deg  load    761.82 Nmm  Fz  -100.1  dmg  1.19%  maxVM  34.28  slip C4/C3 0.0075/0.3899  contact 0.07 (15 outer, 2059s)
step  10 axial_rot_neg -2.50 deg  load   -988.10 Nmm  Fz  -100.1  dmg  0.05%  maxVM  34.91  slip C4/C3 0.0358/0.1020  contact 0.06 (15 outer, 846s)
step  25 axial_rot_neg -6.25 deg  load   -491.83 Nmm  Fz  -100.1  dmg  0.31%  maxVM  34.02  slip C4/C3 0.0751/0.2990  contact 0.08 (15 outer, 1474s)
step  35 axial_rot_pos 8.75 deg  load    816.77 Nmm  Fz  -100.1  dmg  1.26%  maxVM  34.96  slip C4/C3 0.0101/0.3996  contact 0.08 (15 outer, 2094s)
step  11 axial_rot_neg -2.75 deg  load   -916.59 Nmm  Fz  -100.1  dmg  0.07%  maxVM  33.70  slip C4/C3 0.0379/0.1132  contact 0.06 (15 outer, 883s)
step  26 axial_rot_neg -6.50 deg  load   -487.57 Nmm  Fz  -100.1  dmg  0.35%  maxVM  34.32  slip C4/C3 0.0761/0.3087  contact 0.08 (15 outer, 1515s)
step  36 axial_rot_pos 9.00 deg  load    814.81 Nmm  Fz  -100.2  dmg  1.32%  maxVM  34.90  slip C4/C3 0.0119/0.4095  contact 0.08 (15 outer, 2126s)
step  12 axial_rot_neg -3.00 deg  load   -896.52 Nmm  Fz  -100.0  dmg  0.09%  maxVM  34.47  slip C4/C3 0.0404/0.1268  contact 0.06 (15 outer, 926s)
step  37 axial_rot_pos 9.25 deg  load    836.54 Nmm  Fz  -100.2  dmg  1.38%  maxVM  34.52  slip C4/C3 0.0141/0.4198  contact 0.08 (15 outer, 2158s)
step  27 axial_rot_neg -6.75 deg  load   -443.46 Nmm  Fz  -100.0  dmg  0.40%  maxVM  34.79  slip C4/C3 0.0765/0.3200  contact 0.08 (15 outer, 1573s)
step  28 axial_rot_neg -7.00 deg  load   -487.72 Nmm  Fz  -100.1  dmg  0.42%  maxVM  33.46  slip C4/C3 0.0764/0.3290  contact 0.08 (15 outer, 1611s)
step  13 axial_rot_neg -3.25 deg  load   -703.76 Nmm  Fz  -100.0  dmg  0.16%  maxVM  33.53  slip C4/C3 0.0429/0.1473  contact 0.05 (15 outer, 995s)
step  38 axial_rot_pos 9.50 deg  load    704.16 Nmm  Fz  -100.1  dmg  1.51%  maxVM  35.89  slip C4/C3 0.0148/0.4326  contact 0.08 (15 outer, 2245s)
step  29 axial_rot_neg -7.25 deg  load   -518.36 Nmm  Fz  -100.1  dmg  0.45%  maxVM  34.76  slip C4/C3 0.0762/0.3376  contact 0.08 (15 outer, 1645s)
step  14 axial_rot_neg -3.50 deg  load   -801.31 Nmm  Fz  -100.1  dmg  0.18%  maxVM  34.23  slip C4/C3 0.0438/0.1603  contact 0.05 (15 outer, 1036s)
step  39 axial_rot_pos 9.75 deg  load    875.81 Nmm  Fz  -100.1  dmg  1.58%  maxVM  34.92  slip C4/C3 0.0185/0.4391  contact 0.08 (15 outer, 2269s)
step  30 axial_rot_neg -7.50 deg  load   -483.37 Nmm  Fz  -100.1  dmg  0.50%  maxVM  34.26  slip C4/C3 0.0762/0.3486  contact 0.08 (15 outer, 1689s)
step  40 axial_rot_pos 10.00 deg  load    761.39 Nmm  Fz  -100.1  dmg  1.70%  maxVM  34.70  slip C4/C3 0.0216/0.4481  contact 0.09 (15 outer, 2311s)
{"design": "B_tread", "mode": "axial_rot_pos", "dof": 5, "stop_reason": "imposed limit reached", "preload_N": 100.0, "max_imposed": 0.1745329251994331, "max_imposed_unit": "rad", "max_load": 1630.5840784411992, "load_unit": "Nmm", "load_at_endpoint": 761.3930535947222, "final_damage": 0.01704350421610328, "final_slip": 0.4480601660566921, "max_vm": 35.88784907154743, "steps": 40, "wall_s": 2311.2532365322113}
[gpu_pool] pid 1907004 cuda:0(GPU3) done ('sixdof', 'B_tread', 'axial_rot_pos') 2311.9s
=== Test 3 6-DOF A_smooth shear_ant: preload 100.0 N (force), dof 1 displacement-controlled, device cuda:0
step  15 axial_rot_neg -3.75 deg  load   -697.50 Nmm  Fz  -100.0  dmg  0.24%  maxVM  33.99  slip C4/C3 0.0459/0.1798  contact 0.05 (15 outer, 1093s)
   preload secant 0: Uz 0.00833 mm -> Fz -104.66 N
step  31 axial_rot_neg -7.75 deg  load   -521.31 Nmm  Fz  -100.1  dmg  0.52%  maxVM  33.55  slip C4/C3 0.0760/0.3558  contact 0.09 (15 outer, 1725s)
   preload secant 1: Uz 0.00794 mm -> Fz -93.34 N
   preload secant 2: Uz 0.00817 mm -> Fz -92.64 N
   preload secant 3: Uz 0.01553 mm -> Fz -185.02 N
   preload secant 4: Uz 0.00876 mm -> Fz -98.35 N
step  32 axial_rot_neg -8.00 deg  load   -689.01 Nmm  Fz  -100.1  dmg  0.53%  maxVM  34.05  slip C4/C3 0.0771/0.3632  contact 0.09 (15 outer, 1746s)
step  33 axial_rot_neg -8.25 deg  load   -625.42 Nmm  Fz  -100.1  dmg  0.56%  maxVM  34.07  slip C4/C3 0.0776/0.3722  contact 0.09 (15 outer, 1771s)
step  16 axial_rot_neg -4.00 deg  load   -686.44 Nmm  Fz  -100.0  dmg  0.31%  maxVM  34.12  slip C4/C3 0.0472/0.2008  contact 0.05 (15 outer, 1160s)
step  34 axial_rot_neg -8.50 deg  load   -539.60 Nmm  Fz  -100.1  dmg  0.61%  maxVM  34.49  slip C4/C3 0.0771/0.3814  contact 0.09 (15 outer, 1809s)
step  17 axial_rot_neg -4.25 deg  load   -821.28 Nmm  Fz  -100.1  dmg  0.33%  maxVM  34.58  slip C4/C3 0.0476/0.2131  contact 0.05 (15 outer, 1193s)
step  35 axial_rot_neg -8.75 deg  load   -476.70 Nmm  Fz  -100.1  dmg  0.66%  maxVM  34.95  slip C4/C3 0.0773/0.3900  contact 0.09 (15 outer, 1843s)
step  36 axial_rot_neg -9.00 deg  load   -544.15 Nmm  Fz  -100.1  dmg  0.69%  maxVM  34.25  slip C4/C3 0.0778/0.3979  contact 0.09 (15 outer, 1870s)
step  18 axial_rot_neg -4.50 deg  load   -647.12 Nmm  Fz  -100.0  dmg  0.44%  maxVM  34.59  slip C4/C3 0.0479/0.2397  contact 0.05 (15 outer, 1272s)
   preload done: Fz -100.00 N, Uz -0.00906 mm
step   1 shear_ant 0.050 mm  load    148.14 N  Fz  -100.1  dmg  0.00%  maxVM  10.03  slip C4/C3 0.0018/0.0018  contact 0.42 (6 outer, 206s)
step  37 axial_rot_neg -9.25 deg  load   -482.83 Nmm  Fz  -100.1  dmg  0.76%  maxVM  34.31  slip C4/C3 0.0785/0.4080  contact 0.09 (15 outer, 1915s)
step   2 shear_ant 0.100 mm  load    155.42 N  Fz   -99.8  dmg  0.00%  maxVM  25.05  slip C4/C3 0.0163/0.0197  contact 0.19 (15 outer, 228s)
step  19 axial_rot_neg -4.75 deg  load   -672.67 Nmm  Fz  -100.0  dmg  0.50%  maxVM  34.83  slip C4/C3 0.0482/0.2566  contact 0.06 (15 outer, 1325s)
step   3 shear_ant 0.150 mm  load    194.79 N  Fz  -100.0  dmg  0.00%  maxVM  30.70  slip C4/C3 0.0280/0.0347  contact 0.16 (9 outer, 240s)
step   4 shear_ant 0.200 mm  load    150.96 N  Fz   -99.8  dmg  0.00%  maxVM  31.28  slip C4/C3 0.0515/0.0628  contact 0.15 (12 outer, 261s)
step   5 shear_ant 0.250 mm  load    219.99 N  Fz  -100.0  dmg  0.00%  maxVM  34.83  slip C4/C3 0.0670/0.0765  contact 0.14 (14 outer, 271s)
step  38 axial_rot_neg -9.50 deg  load   -449.44 Nmm  Fz  -100.0  dmg  0.83%  maxVM  34.91  slip C4/C3 0.0816/0.4195  contact 0.09 (15 outer, 1979s)
step  20 axial_rot_neg -5.00 deg  load   -734.65 Nmm  Fz  -100.1  dmg  0.55%  maxVM  34.87  slip C4/C3 0.0489/0.2710  contact 0.06 (15 outer, 1368s)
step   6 shear_ant 0.300 mm  load    114.82 N  Fz  -100.0  dmg  0.03%  maxVM  33.70  slip C4/C3 0.1029/0.1073  contact 0.15 (15 outer, 301s)
step  39 axial_rot_neg -9.75 deg  load   -504.85 Nmm  Fz  -100.1  dmg  0.86%  maxVM  34.82  slip C4/C3 0.0829/0.4272  contact 0.09 (15 outer, 2007s)
step   7 shear_ant 0.350 mm  load    193.81 N  Fz  -100.3  dmg  0.05%  maxVM  33.64  slip C4/C3 0.1193/0.1196  contact 0.17 (14 outer, 313s)
step   8 shear_ant 0.400 mm  load    223.59 N  Fz  -100.4  dmg  0.08%  maxVM  34.68  slip C4/C3 0.1382/0.1361  contact 0.15 (15 outer, 325s)
step  21 axial_rot_neg -5.25 deg  load   -721.21 Nmm  Fz  -100.1  dmg  0.59%  maxVM  35.00  slip C4/C3 0.0491/0.2864  contact 0.06 (15 outer, 1416s)
step   9 shear_ant 0.450 mm  load    206.47 N  Fz  -100.2  dmg  0.13%  maxVM  34.96  slip C4/C3 0.1617/0.1623  contact 0.13 (15 outer, 343s)
step  40 axial_rot_neg -10.00 deg  load   -490.84 Nmm  Fz  -100.1  dmg  0.91%  maxVM  34.07  slip C4/C3 0.0842/0.4364  contact 0.09 (15 outer, 2051s)
{"design": "A_smooth", "mode": "axial_rot_neg", "dof": 5, "stop_reason": "imposed limit reached", "preload_N": 100.0, "max_imposed": -0.1745329251994331, "max_imposed_unit": "rad", "max_load": 1189.6640259251499, "load_unit": "Nmm", "load_at_endpoint": 490.8444445057005, "final_damage": 0.009089011289001653, "final_slip": 0.4364069800732643, "max_vm": 34.95407871401317, "steps": 40, "wall_s": 2051.4381177425385}
[gpu_pool] pid 1907005 cuda:1(GPU4) done ('sixdof', 'A_smooth', 'axial_rot_neg') 2052.0s
=== Test 3 6-DOF B_tread shear_ant: preload 100.0 N (force), dof 1 displacement-controlled, device cuda:1
   preload secant 0: Uz 0.00833 mm -> Fz -105.30 N
step  10 shear_ant 0.500 mm  load    215.88 N  Fz  -100.3  dmg  0.19%  maxVM  33.79  slip C4/C3 0.1816/0.1788  contact 0.13 (15 outer, 357s)
step  22 axial_rot_neg -5.50 deg  load   -760.74 Nmm  Fz  -100.1  dmg  0.63%  maxVM  34.79  slip C4/C3 0.0494/0.2987  contact 0.06 (15 outer, 1452s)
   preload secant 1: Uz 0.00789 mm -> Fz -95.33 N
   preload secant 2: Uz 0.00810 mm -> Fz -95.61 N
step  11 shear_ant 0.550 mm  load    209.78 N  Fz  -100.4  dmg  0.28%  maxVM  34.76  slip C4/C3 0.2055/0.1997  contact 0.13 (15 outer, 376s)
   preload secant 3: Uz 0.01131 mm -> Fz -136.22 N
   preload secant 4: Uz 0.00845 mm -> Fz -99.27 N
step  12 shear_ant 0.600 mm  load    208.71 N  Fz  -100.5  dmg  0.39%  maxVM  34.37  slip C4/C3 0.2258/0.2169  contact 0.12 (15 outer, 392s)
step  13 shear_ant 0.650 mm  load    154.49 N  Fz  -100.3  dmg  0.62%  maxVM  34.61  slip C4/C3 0.2529/0.2414  contact 0.11 (15 outer, 412s)
step  23 axial_rot_neg -5.75 deg  load   -708.82 Nmm  Fz  -100.1  dmg  0.69%  maxVM  34.57  slip C4/C3 0.0499/0.3155  contact 0.06 (15 outer, 1504s)
step  14 shear_ant 0.700 mm  load    152.28 N  Fz  -100.4  dmg  0.78%  maxVM  34.80  slip C4/C3 0.2769/0.2610  contact 0.12 (15 outer, 439s)
step  15 shear_ant 0.750 mm  load    126.31 N  Fz  -100.3  dmg  0.91%  maxVM  33.85  slip C4/C3 0.3009/0.2802  contact 0.12 (15 outer, 468s)
step  24 axial_rot_neg -6.00 deg  load   -688.94 Nmm  Fz  -100.0  dmg  0.76%  maxVM  34.01  slip C4/C3 0.0493/0.3329  contact 0.06 (15 outer, 1563s)
step  16 shear_ant 0.800 mm  load    131.73 N  Fz  -100.5  dmg  0.99%  maxVM  34.77  slip C4/C3 0.3220/0.2986  contact 0.12 (15 outer, 501s)
step  25 axial_rot_neg -6.25 deg  load   -716.32 Nmm  Fz  -100.1  dmg  0.79%  maxVM  33.72  slip C4/C3 0.0489/0.3485  contact 0.06 (15 outer, 1611s)
   preload done: Fz -100.00 N, Uz -0.00862 mm
step  17 shear_ant 0.850 mm  load    140.32 N  Fz  -100.5  dmg  1.06%  maxVM  32.98  slip C4/C3 0.3423/0.3159  contact 0.13 (15 outer, 526s)
step   1 shear_ant 0.050 mm  load    147.19 N  Fz  -100.1  dmg  0.00%  maxVM   9.65  slip C4/C3 0.0015/0.0017  contact 0.34 (6 outer, 194s)
step  18 shear_ant 0.900 mm  load    190.52 N  Fz  -100.8  dmg  1.16%  maxVM  34.81  slip C4/C3 0.3608/0.3348  contact 0.13 (15 outer, 549s)
step   2 shear_ant 0.100 mm  load    193.17 N  Fz  -100.0  dmg  0.00%  maxVM  23.69  slip C4/C3 0.0125/0.0159  contact 0.18 (13 outer, 212s)
step   3 shear_ant 0.150 mm  load    205.03 N  Fz   -99.9  dmg  0.00%  maxVM  34.22  slip C4/C3 0.0290/0.0380  contact 0.14 (9 outer, 228s)
step  26 axial_rot_neg -6.50 deg  load   -704.15 Nmm  Fz  -100.1  dmg  0.84%  maxVM  34.59  slip C4/C3 0.0481/0.3654  contact 0.06 (15 outer, 1667s)
step   4 shear_ant 0.200 mm  load    180.10 N  Fz  -100.0  dmg  0.01%  maxVM  34.35  slip C4/C3 0.0503/0.0619  contact 0.12 (10 outer, 249s)
step   5 shear_ant 0.250 mm  load    210.57 N  Fz  -100.1  dmg  0.03%  maxVM  34.23  slip C4/C3 0.0694/0.0808  contact 0.11 (4 outer, 263s)
step  19 shear_ant 0.950 mm  load    118.15 N  Fz  -100.5  dmg  1.31%  maxVM  34.76  slip C4/C3 0.3812/0.3640  contact 0.13 (15 outer, 617s)
step   6 shear_ant 0.300 mm  load    242.78 N  Fz  -100.2  dmg  0.06%  maxVM  34.78  slip C4/C3 0.0852/0.0971  contact 0.10 (6 outer, 273s)
step   7 shear_ant 0.350 mm  load    245.06 N  Fz  -100.2  dmg  0.13%  maxVM  34.84  slip C4/C3 0.1062/0.1180  contact 0.09 (6 outer, 286s)
step   8 shear_ant 0.400 mm  load    249.30 N  Fz  -100.3  dmg  0.20%  maxVM  34.37  slip C4/C3 0.1249/0.1367  contact 0.08 (15 outer, 299s)
step  27 axial_rot_neg -6.75 deg  load   -634.96 Nmm  Fz  -100.0  dmg  0.95%  maxVM  34.76  slip C4/C3 0.0449/0.3835  contact 0.07 (15 outer, 1738s)
step  20 shear_ant 1.000 mm  load    142.27 N  Fz  -100.6  dmg  1.48%  maxVM  34.76  slip C4/C3 0.3961/0.3878  contact 0.13 (15 outer, 660s)
step   9 shear_ant 0.450 mm  load    247.62 N  Fz  -100.3  dmg  0.30%  maxVM  34.82  slip C4/C3 0.1445/0.1566  contact 0.08 (10 outer, 314s)
step  28 axial_rot_neg -7.00 deg  load   -791.28 Nmm  Fz  -100.2  dmg  0.97%  maxVM  33.70  slip C4/C3 0.0436/0.3929  contact 0.07 (15 outer, 1764s)
step  10 shear_ant 0.500 mm  load    236.53 N  Fz  -100.3  dmg  0.45%  maxVM  34.61  slip C4/C3 0.1667/0.1787  contact 0.08 (10 outer, 335s)
step  21 shear_ant 1.050 mm  load    147.65 N  Fz  -100.5  dmg  1.55%  maxVM  34.10  slip C4/C3 0.4132/0.4088  contact 0.13 (15 outer, 686s)
step  29 axial_rot_neg -7.25 deg  load   -893.01 Nmm  Fz  -100.2  dmg  1.00%  maxVM  34.71  slip C4/C3 0.0437/0.4036  contact 0.07 (15 outer, 1791s)
step  22 shear_ant 1.100 mm  load    162.69 N  Fz  -100.6  dmg  1.74%  maxVM  32.60  slip C4/C3 0.4286/0.4352  contact 0.13 (15 outer, 719s)
step  11 shear_ant 0.550 mm  load    174.81 N  Fz  -100.3  dmg  0.62%  maxVM  33.98  slip C4/C3 0.1908/0.2060  contact 0.07 (15 outer, 374s)
step  12 shear_ant 0.600 mm  load    159.59 N  Fz  -100.3  dmg  0.69%  maxVM  34.76  slip C4/C3 0.2081/0.2269  contact 0.07 (15 outer, 396s)
step  30 axial_rot_neg -7.50 deg  load   -756.60 Nmm  Fz  -100.1  dmg  1.06%  maxVM  34.26  slip C4/C3 0.0412/0.4178  contact 0.07 (15 outer, 1833s)
step  13 shear_ant 0.650 mm  load    217.51 N  Fz  -100.2  dmg  0.74%  maxVM  34.83  slip C4/C3 0.2231/0.2448  contact 0.07 (15 outer, 413s)
step  23 shear_ant 1.150 mm  load    132.09 N  Fz  -100.4  dmg  1.90%  maxVM  34.37  slip C4/C3 0.4426/0.4636  contact 0.14 (15 outer, 763s)
step  24 shear_ant 1.200 mm  load    210.51 N  Fz  -100.8  dmg  1.99%  maxVM  34.49  slip C4/C3 0.4541/0.4879  contact 0.15 (15 outer, 784s)
step  31 axial_rot_neg -7.75 deg  load   -740.29 Nmm  Fz  -100.1  dmg  1.11%  maxVM  34.83  slip C4/C3 0.0408/0.4313  contact 0.07 (15 outer, 1871s)
step  14 shear_ant 0.700 mm  load    176.49 N  Fz  -100.3  dmg  0.88%  maxVM  34.89  slip C4/C3 0.2457/0.2696  contact 0.07 (15 outer, 442s)
step  15 shear_ant 0.750 mm  load    254.09 N  Fz  -100.6  dmg  1.14%  maxVM  34.98  slip C4/C3 0.2573/0.2883  contact 0.08 (15 outer, 458s)
step  25 shear_ant 1.250 mm  load    163.55 N  Fz  -100.5  dmg  2.15%  maxVM  34.06  slip C4/C3 0.4681/0.5159  contact 0.15 (15 outer, 815s)
step  32 axial_rot_neg -8.00 deg  load   -730.62 Nmm  Fz  -100.1  dmg  1.17%  maxVM  34.77  slip C4/C3 0.0389/0.4444  contact 0.07 (15 outer, 1915s)
step  16 shear_ant 0.800 mm  load    220.16 N  Fz  -100.3  dmg  1.30%  maxVM  34.40  slip C4/C3 0.2776/0.3108  contact 0.08 (15 outer, 483s)
step  26 shear_ant 1.300 mm  load    224.01 N  Fz  -100.8  dmg  2.20%  maxVM  34.40  slip C4/C3 0.4785/0.5401  contact 0.15 (15 outer, 834s)
step  27 shear_ant 1.350 mm  load    162.64 N  Fz  -100.5  dmg  2.24%  maxVM  33.81  slip C4/C3 0.4980/0.5640  contact 0.14 (15 outer, 854s)
step  17 shear_ant 0.850 mm  load    207.38 N  Fz  -100.5  dmg  1.70%  maxVM  33.43  slip C4/C3 0.2899/0.3365  contact 0.09 (15 outer, 512s)
step  33 axial_rot_neg -8.25 deg  load   -747.38 Nmm  Fz  -100.1  dmg  1.22%  maxVM  34.44  slip C4/C3 0.0372/0.4565  contact 0.08 (15 outer, 1952s)
step  28 shear_ant 1.400 mm  load    187.08 N  Fz  -100.6  dmg  2.31%  maxVM  33.16  slip C4/C3 0.5097/0.5966  contact 0.14 (15 outer, 883s)
step  18 shear_ant 0.900 mm  load    176.49 N  Fz  -100.6  dmg  1.98%  maxVM  34.53  slip C4/C3 0.3034/0.3592  contact 0.10 (15 outer, 541s)
step  29 shear_ant 1.450 mm  load    175.06 N  Fz  -100.7  dmg  2.43%  maxVM  33.12  slip C4/C3 0.5183/0.6293  contact 0.15 (15 outer, 920s)
step  19 shear_ant 0.950 mm  load    173.19 N  Fz  -100.4  dmg  2.21%  maxVM  34.53  slip C4/C3 0.3154/0.3815  contact 0.10 (15 outer, 574s)
step  34 axial_rot_neg -8.50 deg  load   -694.77 Nmm  Fz  -100.1  dmg  1.30%  maxVM  34.93  slip C4/C3 0.0347/0.4710  contact 0.08 (15 outer, 2010s)
step  20 shear_ant 1.000 mm  load    190.39 N  Fz  -100.6  dmg  2.39%  maxVM  34.66  slip C4/C3 0.3268/0.4021  contact 0.11 (15 outer, 597s)
step  30 shear_ant 1.500 mm  load    199.99 N  Fz  -100.6  dmg  2.54%  maxVM  34.65  slip C4/C3 0.5288/0.6552  contact 0.15 (15 outer, 944s)
step  35 axial_rot_neg -8.75 deg  load   -743.23 Nmm  Fz  -100.2  dmg  1.33%  maxVM  34.17  slip C4/C3 0.0345/0.4822  contact 0.08 (15 outer, 2046s)
step  21 shear_ant 1.050 mm  load    172.73 N  Fz  -100.6  dmg  2.60%  maxVM  34.43  slip C4/C3 0.3404/0.4257  contact 0.11 (15 outer, 634s)
step  31 shear_ant 1.550 mm  load    182.18 N  Fz  -100.9  dmg  2.68%  maxVM  34.06  slip C4/C3 0.5385/0.6861  contact 0.15 (15 outer, 981s)
step  36 axial_rot_neg -9.00 deg  load   -830.58 Nmm  Fz  -100.3  dmg  1.37%  maxVM  34.36  slip C4/C3 0.0346/0.4916  contact 0.08 (15 outer, 2071s)
step  32 shear_ant 1.600 mm  load    236.53 N  Fz  -101.0  dmg  2.77%  maxVM  34.40  slip C4/C3 0.5479/0.7105  contact 0.16 (15 outer, 999s)
step  22 shear_ant 1.100 mm  load    206.76 N  Fz  -100.7  dmg  2.73%  maxVM  34.57  slip C4/C3 0.3513/0.4469  contact 0.12 (15 outer, 659s)
step  37 axial_rot_neg -9.25 deg  load   -849.59 Nmm  Fz  -100.3  dmg  1.39%  maxVM  34.26  slip C4/C3 0.0353/0.5018  contact 0.08 (15 outer, 2099s)
step  33 shear_ant 1.650 mm  load    195.18 N  Fz  -100.8  dmg  2.92%  maxVM  34.65  slip C4/C3 0.5597/0.7381  contact 0.16 (15 outer, 1028s)
step  23 shear_ant 1.150 mm  load    174.62 N  Fz  -100.6  dmg  2.92%  maxVM  34.89  slip C4/C3 0.3664/0.4707  contact 0.13 (15 outer, 699s)
step  38 axial_rot_neg -9.50 deg  load   -860.40 Nmm  Fz  -100.3  dmg  1.43%  maxVM  34.84  slip C4/C3 0.0350/0.5127  contact 0.08 (15 outer, 2134s)
step  34 shear_ant 1.700 mm  load    182.44 N  Fz  -100.9  dmg  3.06%  maxVM  34.32  slip C4/C3 0.5707/0.7661  contact 0.16 (15 outer, 1059s)
step  24 shear_ant 1.200 mm  load    210.92 N  Fz  -100.7  dmg  3.04%  maxVM  34.80  slip C4/C3 0.3776/0.4911  contact 0.13 (15 outer, 722s)
step  39 axial_rot_neg -9.75 deg  load   -844.29 Nmm  Fz  -100.4  dmg  1.48%  maxVM  34.03  slip C4/C3 0.0345/0.5214  contact 0.08 (15 outer, 2162s)
step  35 shear_ant 1.750 mm  load    198.93 N  Fz  -101.1  dmg  3.15%  maxVM  34.49  slip C4/C3 0.5800/0.7930  contact 0.17 (15 outer, 1084s)
step  40 axial_rot_neg -10.00 deg  load  -1076.75 Nmm  Fz  -100.3  dmg  1.50%  maxVM  34.03  slip C4/C3 0.0370/0.5310  contact 0.09 (15 outer, 2182s)
{"design": "B_tread", "mode": "axial_rot_neg", "dof": 5, "stop_reason": "imposed limit reached", "preload_N": 100.0, "max_imposed": -0.1745329251994331, "max_imposed_unit": "rad", "max_load": 1668.366372220957, "load_unit": "Nmm", "load_at_endpoint": 1076.7485035458753, "final_damage": 0.014954107902395345, "final_slip": 0.5309932178956341, "max_vm": 34.99745617566328, "steps": 40, "wall_s": 2182.1696331501007}
[gpu_pool] pid 1907006 cuda:2(GPU7) done ('sixdof', 'B_tread', 'axial_rot_neg') 2182.8s
=== Test 3 6-DOF A_smooth shear_post: preload 100.0 N (force), dof 1 displacement-controlled, device cuda:2
step  36 shear_ant 1.800 mm  load    231.10 N  Fz  -100.9  dmg  3.26%  maxVM  34.67  slip C4/C3 0.5888/0.8192  contact 0.17 (15 outer, 1104s)
   preload secant 0: Uz 0.00833 mm -> Fz -104.66 N
step  25 shear_ant 1.250 mm  load    170.98 N  Fz  -100.5  dmg  3.23%  maxVM  33.97  slip C4/C3 0.3944/0.5152  contact 0.13 (15 outer, 769s)
   preload secant 1: Uz 0.00794 mm -> Fz -93.34 N
   preload secant 2: Uz 0.00817 mm -> Fz -92.64 N
   preload secant 3: Uz 0.01553 mm -> Fz -185.02 N
   preload secant 4: Uz 0.00876 mm -> Fz -98.35 N
step  26 shear_ant 1.300 mm  load    212.76 N  Fz  -100.6  dmg  3.32%  maxVM  34.82  slip C4/C3 0.4060/0.5350  contact 0.14 (15 outer, 793s)
step  37 shear_ant 1.850 mm  load    173.49 N  Fz  -100.6  dmg  3.40%  maxVM  34.60  slip C4/C3 0.5999/0.8536  contact 0.17 (15 outer, 1144s)
step  27 shear_ant 1.350 mm  load    204.53 N  Fz  -100.7  dmg  3.43%  maxVM  33.83  slip C4/C3 0.4199/0.5554  contact 0.14 (15 outer, 818s)
step  38 shear_ant 1.900 mm  load    196.45 N  Fz  -100.9  dmg  3.47%  maxVM  34.52  slip C4/C3 0.6073/0.8813  contact 0.17 (15 outer, 1171s)
step  39 shear_ant 1.950 mm  load    184.89 N  Fz  -100.6  dmg  3.53%  maxVM  34.43  slip C4/C3 0.6147/0.9151  contact 0.17 (15 outer, 1212s)
step  28 shear_ant 1.400 mm  load    178.22 N  Fz  -100.7  dmg  3.55%  maxVM  34.37  slip C4/C3 0.4367/0.5795  contact 0.14 (15 outer, 866s)
step  40 shear_ant 2.000 mm  load    239.55 N  Fz  -100.9  dmg  3.57%  maxVM  34.85  slip C4/C3 0.6219/0.9407  contact 0.17 (15 outer, 1233s)
step  29 shear_ant 1.450 mm  load    199.61 N  Fz  -100.5  dmg  3.64%  maxVM  33.47  slip C4/C3 0.4488/0.6024  contact 0.14 (15 outer, 897s)
step  30 shear_ant 1.500 mm  load    209.89 N  Fz  -100.5  dmg  3.72%  maxVM  33.82  slip C4/C3 0.4607/0.6251  contact 0.15 (15 outer, 925s)
   preload done: Fz -100.00 N, Uz -0.00906 mm
step  31 shear_ant 1.550 mm  load    202.52 N  Fz  -100.6  dmg  3.82%  maxVM  34.70  slip C4/C3 0.4753/0.6476  contact 0.15 (15 outer, 961s)
step   1 shear_post -0.050 mm  load    -91.43 N  Fz   -99.9  dmg  0.00%  maxVM  18.86  slip C4/C3 0.0074/0.0132  contact 0.33 (14 outer, 215s)
step  41 shear_ant 2.050 mm  load    150.26 N  Fz  -100.4  dmg  3.75%  maxVM  36.22  slip C4/C3 0.6343/0.9797  contact 0.16 (15 outer, 1313s)
step  32 shear_ant 1.600 mm  load    222.34 N  Fz  -100.9  dmg  3.86%  maxVM  34.94  slip C4/C3 0.4873/0.6686  contact 0.15 (15 outer, 986s)
step   2 shear_post -0.100 mm  load    -54.70 N  Fz   -99.9  dmg  0.00%  maxVM  27.17  slip C4/C3 0.0177/0.0495  contact 0.24 (11 outer, 243s)
step   3 shear_post -0.150 mm  load   -116.93 N  Fz  -100.0  dmg  0.00%  maxVM  27.81  slip C4/C3 0.0287/0.0649  contact 0.14 (9 outer, 255s)
step  42 shear_ant 2.100 mm  load    168.53 N  Fz   -99.9  dmg  3.83%  maxVM  34.54  slip C4/C3 0.6435/1.0075  contact 0.16 (15 outer, 1360s)
step  43 shear_ant 2.150 mm  load    339.99 N  Fz  -101.6  dmg  3.84%  maxVM  33.79  slip C4/C3 0.6495/1.0282  contact 0.16 (15 outer, 1373s)
step   4 shear_post -0.200 mm  load   -100.28 N  Fz  -100.1  dmg  0.01%  maxVM  28.10  slip C4/C3 0.0371/0.1077  contact 0.19 (12 outer, 282s)
step  33 shear_ant 1.650 mm  load    179.93 N  Fz  -100.5  dmg  4.00%  maxVM  34.34  slip C4/C3 0.5060/0.6950  contact 0.15 (15 outer, 1042s)
step   5 shear_post -0.250 mm  load   -117.29 N  Fz  -100.0  dmg  0.01%  maxVM  34.66  slip C4/C3 0.0457/0.1298  contact 0.14 (11 outer, 294s)
step  44 shear_ant 2.200 mm  load    293.24 N  Fz  -101.6  dmg  3.92%  maxVM  33.89  slip C4/C3 0.6596/1.0560  contact 0.17 (15 outer, 1395s)
step  45 shear_ant 2.250 mm  load    349.20 N  Fz  -101.1  dmg  3.97%  maxVM  34.57  slip C4/C3 0.6678/1.0789  contact 0.17 (15 outer, 1409s)
step  34 shear_ant 1.700 mm  load    213.33 N  Fz  -100.8  dmg  4.05%  maxVM  34.85  slip C4/C3 0.5176/0.7177  contact 0.16 (15 outer, 1074s)
step   6 shear_post -0.300 mm  load    -30.70 N  Fz   -99.6  dmg  0.05%  maxVM  32.24  slip C4/C3 0.0669/0.1753  contact 0.10 (15 outer, 338s)
step  46 shear_ant 2.300 mm  load    235.25 N  Fz  -100.9  dmg  4.15%  maxVM  33.05  slip C4/C3 0.6797/1.1120  contact 0.17 (15 outer, 1442s)
step   7 shear_post -0.350 mm  load   -124.21 N  Fz  -100.2  dmg  0.05%  maxVM  34.51  slip C4/C3 0.0762/0.1877  contact 0.15 (15 outer, 349s)
step   8 shear_post -0.400 mm  load   -108.77 N  Fz   -99.8  dmg  0.05%  maxVM  25.55  slip C4/C3 0.0962/0.2138  contact 0.09 (15 outer, 362s)
step  47 shear_ant 2.350 mm  load    306.59 N  Fz  -101.5  dmg  4.19%  maxVM  33.76  slip C4/C3 0.6843/1.1438  contact 0.17 (15 outer, 1468s)
step   9 shear_post -0.450 mm  load   -128.60 N  Fz   -99.9  dmg  0.05%  maxVM  34.94  slip C4/C3 0.1121/0.2316  contact 0.09 (15 outer, 372s)
step  35 shear_ant 1.750 mm  load    189.88 N  Fz  -100.2  dmg  4.14%  maxVM  34.89  slip C4/C3 0.5361/0.7411  contact 0.16 (15 outer, 1126s)
step  10 shear_post -0.500 mm  load    -93.02 N  Fz   -99.7  dmg  0.06%  maxVM  29.42  slip C4/C3 0.1391/0.2600  contact 0.07 (15 outer, 387s)
step  48 shear_ant 2.400 mm  load    350.93 N  Fz  -101.4  dmg  4.24%  maxVM  34.28  slip C4/C3 0.6921/1.1704  contact 0.18 (15 outer, 1485s)
step  11 shear_post -0.550 mm  load   -166.15 N  Fz  -100.1  dmg  0.06%  maxVM  34.09  slip C4/C3 0.1526/0.2805  contact 0.09 (15 outer, 395s)
step  49 shear_ant 2.450 mm  load    274.98 N  Fz  -101.1  dmg  4.35%  maxVM  32.76  slip C4/C3 0.7023/1.1997  contact 0.18 (15 outer, 1511s)
step  12 shear_post -0.600 mm  load    -98.83 N  Fz   -99.8  dmg  0.08%  maxVM  28.82  slip C4/C3 0.1797/0.3077  contact 0.07 (15 outer, 416s)
step  13 shear_post -0.650 mm  load   -144.64 N  Fz  -100.3  dmg  0.09%  maxVM  30.13  slip C4/C3 0.1926/0.3307  contact 0.09 (15 outer, 425s)
step  50 shear_ant 2.500 mm  load    405.30 N  Fz  -102.3  dmg  4.37%  maxVM  33.80  slip C4/C3 0.7094/1.2221  contact 0.19 (15 outer, 1522s)
step  36 shear_ant 1.800 mm  load    198.10 N  Fz  -100.1  dmg  4.20%  maxVM  34.13  slip C4/C3 0.5526/0.7624  contact 0.16 (15 outer, 1178s)
step  14 shear_post -0.700 mm  load   -112.72 N  Fz  -100.1  dmg  0.10%  maxVM  33.89  slip C4/C3 0.2061/0.3574  contact 0.08 (15 outer, 438s)
step  15 shear_post -0.750 mm  load   -126.02 N  Fz   -99.9  dmg  0.10%  maxVM  31.36  slip C4/C3 0.2234/0.3771  contact 0.07 (15 outer, 448s)
step  37 shear_ant 1.850 mm  load    256.50 N  Fz  -100.6  dmg  4.21%  maxVM  34.11  slip C4/C3 0.5623/0.7820  contact 0.15 (15 outer, 1199s)
step  16 shear_post -0.800 mm  load   -135.40 N  Fz  -100.2  dmg  0.11%  maxVM  33.36  slip C4/C3 0.2350/0.4092  contact 0.07 (15 outer, 460s)
step  51 shear_ant 2.550 mm  load    211.43 N  Fz  -100.6  dmg  4.54%  maxVM  32.27  slip C4/C3 0.7224/1.2606  contact 0.17 (15 outer, 1566s)
step  17 shear_post -0.850 mm  load   -130.89 N  Fz  -100.1  dmg  0.11%  maxVM  33.89  slip C4/C3 0.2481/0.4385  contact 0.06 (15 outer, 472s)
step  38 shear_ant 1.900 mm  load    238.09 N  Fz  -100.5  dmg  4.26%  maxVM  34.84  slip C4/C3 0.5752/0.8060  contact 0.16 (15 outer, 1227s)
step  52 shear_ant 2.600 mm  load    502.57 N  Fz  -101.2  dmg  4.55%  maxVM  33.67  slip C4/C3 0.7258/1.2813  contact 0.18 (15 outer, 1576s)
step  18 shear_post -0.900 mm  load   -125.20 N  Fz  -100.1  dmg  0.13%  maxVM  32.33  slip C4/C3 0.2598/0.4703  contact 0.06 (15 outer, 485s)
step  19 shear_post -0.950 mm  load   -113.85 N  Fz  -100.1  dmg  0.13%  maxVM  34.20  slip C4/C3 0.2675/0.5056  contact 0.06 (15 outer, 500s)
step  39 shear_ant 1.950 mm  load    221.47 N  Fz  -100.6  dmg  4.31%  maxVM  33.50  slip C4/C3 0.5904/0.8290  contact 0.16 (15 outer, 1265s)
step  20 shear_post -1.000 mm  load   -110.93 N  Fz  -100.4  dmg  0.22%  maxVM  33.49  slip C4/C3 0.2740/0.5467  contact 0.06 (15 outer, 527s)
step  40 shear_ant 2.000 mm  load    266.27 N  Fz  -100.8  dmg  4.33%  maxVM  34.03  slip C4/C3 0.6006/0.8506  contact 0.16 (15 outer, 1286s)
step  53 shear_ant 2.650 mm  load    192.53 N  Fz  -100.9  dmg  4.76%  maxVM  31.67  slip C4/C3 0.7445/1.3223  contact 0.17 (15 outer, 1634s)
step  21 shear_post -1.050 mm  load   -123.32 N  Fz  -100.5  dmg  0.26%  maxVM  34.89  slip C4/C3 0.2794/0.5818  contact 0.07 (15 outer, 544s)
step  41 shear_ant 2.050 mm  load    285.03 N  Fz  -101.1  dmg  4.36%  maxVM  34.39  slip C4/C3 0.6107/0.8733  contact 0.17 (15 outer, 1304s)
step  54 shear_ant 2.700 mm  load    329.24 N  Fz  -100.8  dmg  4.78%  maxVM  33.56  slip C4/C3 0.7501/1.3510  contact 0.17 (15 outer, 1658s)
step  22 shear_post -1.100 mm  load    -79.24 N  Fz  -100.0  dmg  0.32%  maxVM  34.46  slip C4/C3 0.2827/0.6247  contact 0.06 (15 outer, 578s)
step  42 shear_ant 2.100 mm  load    252.97 N  Fz  -100.8  dmg  4.42%  maxVM  33.68  slip C4/C3 0.6240/0.8975  contact 0.17 (15 outer, 1332s)
step  23 shear_post -1.150 mm  load    -99.00 N  Fz  -100.1  dmg  0.41%  maxVM  33.16  slip C4/C3 0.2848/0.6633  contact 0.07 (15 outer, 603s)
step  55 shear_ant 2.750 mm  load    210.95 N  Fz  -100.7  dmg  4.87%  maxVM  34.10  slip C4/C3 0.7644/1.3844  contact 0.16 (15 outer, 1708s)
step  24 shear_post -1.200 mm  load   -127.71 N  Fz  -100.3  dmg  0.44%  maxVM  34.22  slip C4/C3 0.2887/0.6943  contact 0.08 (15 outer, 615s)
step  56 shear_ant 2.800 mm  load    572.14 N  Fz  -102.5  dmg  4.87%  maxVM  32.05  slip C4/C3 0.7674/1.4009  contact 0.17 (15 outer, 1716s)
step  43 shear_ant 2.150 mm  load    229.83 N  Fz  -101.0  dmg  4.48%  maxVM  33.96  slip C4/C3 0.6388/0.9232  contact 0.17 (15 outer, 1374s)
step  44 shear_ant 2.200 mm  load    328.98 N  Fz  -100.8  dmg  4.49%  maxVM  34.49  slip C4/C3 0.6468/0.9455  contact 0.17 (15 outer, 1391s)
step  57 shear_ant 2.850 mm  load    226.58 N  Fz  -100.7  dmg  4.95%  maxVM  34.25  slip C4/C3 0.7849/1.4376  contact 0.18 (15 outer, 1751s)
step  45 shear_ant 2.250 mm  load    332.39 N  Fz  -100.6  dmg  4.53%  maxVM  34.52  slip C4/C3 0.6558/0.9674  contact 0.16 (15 outer, 1406s)
step  25 shear_post -1.250 mm  load    -73.94 N  Fz  -100.1  dmg  0.59%  maxVM  34.45  slip C4/C3 0.2888/0.7442  contact 0.06 (15 outer, 668s)
step  58 shear_ant 2.900 mm  load    278.42 N  Fz  -100.5  dmg  4.99%  maxVM  34.60  slip C4/C3 0.7936/1.4701  contact 0.18 (15 outer, 1782s)
step  26 shear_post -1.300 mm  load   -130.91 N  Fz  -100.0  dmg  0.66%  maxVM  30.53  slip C4/C3 0.2905/0.7778  contact 0.07 (15 outer, 689s)
step  46 shear_ant 2.300 mm  load    260.51 N  Fz  -100.9  dmg  4.59%  maxVM  34.46  slip C4/C3 0.6727/0.9946  contact 0.17 (15 outer, 1444s)
step  59 shear_ant 2.950 mm  load    357.77 N  Fz  -101.5  dmg  5.01%  maxVM  33.77  slip C4/C3 0.8003/1.4942  contact 0.17 (15 outer, 1799s)
step  27 shear_post -1.350 mm  load   -115.18 N  Fz  -100.1  dmg  0.70%  maxVM  32.87  slip C4/C3 0.2940/0.8132  contact 0.07 (15 outer, 706s)
step  60 shear_ant 3.000 mm  load    460.31 N  Fz  -101.3  dmg  5.02%  maxVM  34.65  slip C4/C3 0.8068/1.5197  contact 0.18 (15 outer, 1813s)
{"design": "A_smooth", "mode": "shear_ant", "dof": 1, "stop_reason": "imposed limit reached", "preload_N": 100.0, "max_imposed": 2.9999999999999973, "max_imposed_unit": "mm", "max_load": 572.1366602955864, "load_unit": "N", "load_at_endpoint": 460.31058058678315, "final_damage": 0.05023043694699147, "final_slip": 1.5196560503281427, "max_vm": 36.221456979521605, "steps": 60, "wall_s": 1812.5572926998138}
[gpu_pool] pid 1907004 cuda:0(GPU3) done ('sixdof', 'A_smooth', 'shear_ant') 1813.4s
=== Test 3 6-DOF B_tread shear_post: preload 100.0 N (force), dof 1 displacement-controlled, device cuda:0
   preload secant 0: Uz 0.00833 mm -> Fz -105.30 N
step  47 shear_ant 2.350 mm  load    272.65 N  Fz  -100.7  dmg  4.63%  maxVM  34.42  slip C4/C3 0.6865/1.0193  contact 0.17 (15 outer, 1479s)
step  28 shear_post -1.400 mm  load   -117.71 N  Fz   -99.7  dmg  0.75%  maxVM  34.49  slip C4/C3 0.2955/0.8535  contact 0.07 (15 outer, 736s)
   preload secant 1: Uz 0.00789 mm -> Fz -95.33 N
   preload secant 2: Uz 0.00810 mm -> Fz -95.61 N
   preload secant 3: Uz 0.01131 mm -> Fz -136.22 N
step  29 shear_post -1.450 mm  load   -127.17 N  Fz  -100.3  dmg  0.79%  maxVM  32.70  slip C4/C3 0.2985/0.8870  contact 0.07 (15 outer, 752s)
step  48 shear_ant 2.400 mm  load    304.75 N  Fz  -100.7  dmg  4.64%  maxVM  34.72  slip C4/C3 0.6982/1.0421  contact 0.16 (15 outer, 1504s)
   preload secant 4: Uz 0.00845 mm -> Fz -99.27 N
step  30 shear_post -1.500 mm  load   -122.83 N  Fz  -100.2  dmg  0.83%  maxVM  30.72  slip C4/C3 0.2992/0.9278  contact 0.06 (15 outer, 782s)
step  31 shear_post -1.550 mm  load   -161.63 N  Fz  -100.2  dmg  0.84%  maxVM  34.07  slip C4/C3 0.3009/0.9604  contact 0.07 (15 outer, 797s)
step  49 shear_ant 2.450 mm  load    256.28 N  Fz  -100.6  dmg  4.70%  maxVM  33.84  slip C4/C3 0.7204/1.0688  contact 0.16 (15 outer, 1566s)
step  50 shear_ant 2.500 mm  load    438.66 N  Fz  -100.5  dmg  4.71%  maxVM  34.53  slip C4/C3 0.7242/1.0869  contact 0.16 (15 outer, 1577s)
step  32 shear_post -1.600 mm  load   -127.68 N  Fz  -100.0  dmg  0.94%  maxVM  31.75  slip C4/C3 0.3020/1.0042  contact 0.06 (15 outer, 828s)
step  51 shear_ant 2.550 mm  load    325.83 N  Fz  -101.0  dmg  4.72%  maxVM  34.81  slip C4/C3 0.7378/1.1162  contact 0.16 (15 outer, 1602s)
step  33 shear_post -1.650 mm  load   -113.42 N  Fz   -99.8  dmg  1.00%  maxVM  29.11  slip C4/C3 0.3028/1.0457  contact 0.06 (15 outer, 867s)
step  52 shear_ant 2.600 mm  load    407.95 N  Fz  -100.8  dmg  4.74%  maxVM  34.96  slip C4/C3 0.7468/1.1390  contact 0.16 (15 outer, 1619s)
step  34 shear_post -1.700 mm  load   -180.15 N  Fz   -98.6  dmg  1.01%  maxVM  34.39  slip C4/C3 0.3050/1.0731  contact 0.06 (15 outer, 876s)
step  35 shear_post -1.750 mm  load   -201.99 N  Fz   -99.7  dmg  1.02%  maxVM  33.67  slip C4/C3 0.3071/1.1074  contact 0.07 (15 outer, 890s)
   preload done: Fz -100.00 N, Uz -0.00862 mm
step  36 shear_post -1.800 mm  load   -177.96 N  Fz   -99.8  dmg  1.08%  maxVM  34.83  slip C4/C3 0.3091/1.1442  contact 0.06 (15 outer, 908s)
step   1 shear_post -0.050 mm  load   -119.55 N  Fz  -100.1  dmg  0.00%  maxVM  11.04  slip C4/C3 0.0056/0.0075  contact 0.33 (12 outer, 197s)
step  37 shear_post -1.850 mm  load   -197.96 N  Fz   -99.9  dmg  1.13%  maxVM  31.98  slip C4/C3 0.3100/1.1818  contact 0.06 (15 outer, 930s)
step   2 shear_post -0.100 mm  load   -169.81 N  Fz  -100.1  dmg  0.00%  maxVM  32.84  slip C4/C3 0.0150/0.0251  contact 0.20 (10 outer, 213s)
step  38 shear_post -1.900 mm  load   -187.14 N  Fz   -99.5  dmg  1.15%  maxVM  32.62  slip C4/C3 0.3120/1.2163  contact 0.06 (15 outer, 944s)
step   3 shear_post -0.150 mm  load   -118.46 N  Fz   -99.8  dmg  0.00%  maxVM  34.47  slip C4/C3 0.0244/0.0606  contact 0.11 (15 outer, 233s)
step  39 shear_post -1.950 mm  load   -203.83 N  Fz   -99.9  dmg  1.19%  maxVM  34.13  slip C4/C3 0.3137/1.2510  contact 0.06 (15 outer, 959s)
step  53 shear_ant 2.650 mm  load    258.70 N  Fz  -101.1  dmg  5.33%  maxVM  34.55  slip C4/C3 0.7754/1.1670  contact 0.16 (15 outer, 1712s)
step   4 shear_post -0.200 mm  load    -87.37 N  Fz   -99.7  dmg  0.00%  maxVM  29.22  slip C4/C3 0.0353/0.0932  contact 0.07 (12 outer, 248s)
step  40 shear_post -2.000 mm  load   -256.08 N  Fz   -97.3  dmg  1.22%  maxVM  32.61  slip C4/C3 0.3154/1.2840  contact 0.06 (15 outer, 972s)
step   5 shear_post -0.250 mm  load   -124.05 N  Fz   -99.9  dmg  0.01%  maxVM  31.09  slip C4/C3 0.0441/0.1161  contact 0.08 (5 outer, 259s)
step  41 shear_post -2.050 mm  load   -203.22 N  Fz   -99.9  dmg  1.24%  maxVM  30.77  slip C4/C3 0.3179/1.3186  contact 0.06 (15 outer, 984s)
step  54 shear_ant 2.700 mm  load    350.69 N  Fz  -101.0  dmg  5.36%  maxVM  33.60  slip C4/C3 0.7825/1.1906  contact 0.16 (15 outer, 1736s)
step   6 shear_post -0.300 mm  load   -127.41 N  Fz  -100.0  dmg  0.03%  maxVM  34.19  slip C4/C3 0.0560/0.1468  contact 0.07 (5 outer, 273s)
step  42 shear_post -2.100 mm  load   -198.15 N  Fz  -100.2  dmg  1.26%  maxVM  31.16  slip C4/C3 0.3199/1.3535  contact 0.06 (15 outer, 997s)
step   7 shear_post -0.350 mm  load   -123.98 N  Fz   -99.9  dmg  0.06%  maxVM  32.62  slip C4/C3 0.0678/0.1734  contact 0.06 (3 outer, 285s)
step  43 shear_post -2.150 mm  load   -223.28 N  Fz   -96.7  dmg  1.28%  maxVM  31.09  slip C4/C3 0.3220/1.3916  contact 0.06 (15 outer, 1016s)
step  44 shear_post -2.200 mm  load   -285.59 N  Fz   -98.3  dmg  1.28%  maxVM  33.91  slip C4/C3 0.3237/1.4212  contact 0.06 (15 outer, 1026s)
step   8 shear_post -0.400 mm  load    -82.22 N  Fz   -99.7  dmg  0.11%  maxVM  34.44  slip C4/C3 0.0794/0.2167  contact 0.05 (15 outer, 310s)
step   9 shear_post -0.450 mm  load   -113.41 N  Fz  -100.0  dmg  0.12%  maxVM  33.28  slip C4/C3 0.0857/0.2448  contact 0.06 (15 outer, 323s)
step  45 shear_post -2.250 mm  load   -312.85 N  Fz   -96.8  dmg  1.30%  maxVM  31.36  slip C4/C3 0.3251/1.4571  contact 0.06 (15 outer, 1041s)
step  55 shear_ant 2.750 mm  load    252.23 N  Fz  -101.0  dmg  5.48%  maxVM  32.20  slip C4/C3 0.8015/1.2153  contact 0.16 (15 outer, 1792s)
step  46 shear_post -2.300 mm  load   -326.95 N  Fz  -100.3  dmg  1.30%  maxVM  32.56  slip C4/C3 0.3267/1.4843  contact 0.07 (15 outer, 1048s)
step  10 shear_post -0.500 mm  load   -120.29 N  Fz  -100.1  dmg  0.12%  maxVM  30.87  slip C4/C3 0.0910/0.2739  contact 0.06 (15 outer, 336s)
step  56 shear_ant 2.800 mm  load    390.89 N  Fz  -100.9  dmg  5.50%  maxVM  34.40  slip C4/C3 0.8083/1.2379  contact 0.16 (15 outer, 1812s)
step  47 shear_post -2.350 mm  load   -264.26 N  Fz   -99.5  dmg  1.33%  maxVM  31.93  slip C4/C3 0.3290/1.5294  contact 0.06 (15 outer, 1066s)
step  11 shear_post -0.550 mm  load   -119.69 N  Fz  -100.1  dmg  0.15%  maxVM  33.53  slip C4/C3 0.0987/0.3057  contact 0.06 (15 outer, 350s)
step  57 shear_ant 2.850 mm  load    480.68 N  Fz  -100.9  dmg  5.50%  maxVM  33.73  slip C4/C3 0.8145/1.2588  contact 0.15 (15 outer, 1822s)
step  48 shear_post -2.400 mm  load   -270.26 N  Fz   -99.0  dmg  1.34%  maxVM  32.45  slip C4/C3 0.3313/1.5623  contact 0.06 (15 outer, 1076s)
step  12 shear_post -0.600 mm  load   -123.05 N  Fz  -100.2  dmg  0.17%  maxVM  34.23  slip C4/C3 0.1056/0.3409  contact 0.05 (15 outer, 364s)
step  58 shear_ant 2.900 mm  load    454.97 N  Fz  -101.5  dmg  5.51%  maxVM  33.64  slip C4/C3 0.8230/1.2838  contact 0.16 (15 outer, 1835s)
step  13 shear_post -0.650 mm  load   -156.72 N  Fz  -100.5  dmg  0.19%  maxVM  30.93  slip C4/C3 0.1087/0.3768  contact 0.06 (15 outer, 374s)
step  49 shear_post -2.450 mm  load   -248.49 N  Fz  -100.0  dmg  1.36%  maxVM  32.17  slip C4/C3 0.3334/1.6032  contact 0.06 (15 outer, 1100s)
step  59 shear_ant 2.950 mm  load    341.28 N  Fz  -101.4  dmg  5.52%  maxVM  34.32  slip C4/C3 0.8354/1.3072  contact 0.16 (15 outer, 1853s)
step  14 shear_post -0.700 mm  load   -130.15 N  Fz  -100.4  dmg  0.21%  maxVM  33.10  slip C4/C3 0.1137/0.4107  contact 0.06 (15 outer, 386s)
step  50 shear_post -2.500 mm  load   -470.50 N  Fz   -99.9  dmg  1.36%  maxVM  32.37  slip C4/C3 0.3346/1.6234  contact 0.06 (15 outer, 1107s)
step  60 shear_ant 3.000 mm  load    511.51 N  Fz  -101.7  dmg  5.53%  maxVM  34.56  slip C4/C3 0.8428/1.3289  contact 0.16 (15 outer, 1866s)
{"design": "B_tread", "mode": "shear_ant", "dof": 1, "stop_reason": "imposed limit reached", "preload_N": 100.0, "max_imposed": 2.9999999999999973, "max_imposed_unit": "mm", "max_load": 511.5071885826523, "load_unit": "N", "load_at_endpoint": 511.5071885826523, "final_damage": 0.05526453249757481, "final_slip": 1.328861299323543, "max_vm": 34.98385239760534, "steps": 60, "wall_s": 1865.8049669265747}
[gpu_pool] pid 1907005 cuda:1(GPU4) done ('sixdof', 'B_tread', 'shear_ant') 1866.8s
=== Test 3 6-DOF A_smooth shear_lat_pos: preload 100.0 N (force), dof 0 displacement-controlled, device cuda:1
step  51 shear_post -2.550 mm  load   -273.17 N  Fz   -98.6  dmg  1.37%  maxVM  32.99  slip C4/C3 0.3379/1.6679  contact 0.06 (15 outer, 1117s)
step  15 shear_post -0.750 mm  load   -123.33 N  Fz  -100.4  dmg  0.23%  maxVM  33.12  slip C4/C3 0.1180/0.4482  contact 0.05 (15 outer, 401s)
   preload secant 0: Uz 0.00833 mm -> Fz -104.66 N
step  52 shear_post -2.600 mm  load   -449.89 N  Fz  -100.0  dmg  1.38%  maxVM  33.60  slip C4/C3 0.3392/1.6955  contact 0.06 (15 outer, 1127s)
step  16 shear_post -0.800 mm  load   -153.72 N  Fz  -100.6  dmg  0.30%  maxVM  32.30  slip C4/C3 0.1205/0.4883  contact 0.06 (15 outer, 416s)
step  53 shear_post -2.650 mm  load   -296.48 N  Fz  -100.0  dmg  1.38%  maxVM  34.78  slip C4/C3 0.3415/1.7316  contact 0.07 (15 outer, 1134s)
   preload secant 1: Uz 0.00794 mm -> Fz -93.34 N
   preload secant 2: Uz 0.00817 mm -> Fz -92.64 N
   preload secant 3: Uz 0.01553 mm -> Fz -185.02 N
step  54 shear_post -2.700 mm  load   -391.31 N  Fz   -97.4  dmg  1.41%  maxVM  34.31  slip C4/C3 0.3435/1.7720  contact 0.06 (15 outer, 1150s)
step  17 shear_post -0.850 mm  load    -78.20 N  Fz  -100.3  dmg  0.33%  maxVM  33.32  slip C4/C3 0.1260/0.5287  contact 0.05 (15 outer, 436s)
   preload secant 4: Uz 0.00876 mm -> Fz -98.35 N
step  18 shear_post -0.900 mm  load   -162.84 N  Fz  -100.7  dmg  0.33%  maxVM  33.57  slip C4/C3 0.1275/0.5597  contact 0.06 (15 outer, 444s)
step  55 shear_post -2.750 mm  load   -464.82 N  Fz   -97.7  dmg  1.41%  maxVM  34.72  slip C4/C3 0.3454/1.8044  contact 0.06 (15 outer, 1163s)
step  19 shear_post -0.950 mm  load   -137.52 N  Fz  -100.6  dmg  0.41%  maxVM  32.79  slip C4/C3 0.1290/0.6043  contact 0.06 (15 outer, 464s)
step  56 shear_post -2.800 mm  load   -282.25 N  Fz   -99.4  dmg  1.42%  maxVM  32.51  slip C4/C3 0.3485/1.8466  contact 0.06 (15 outer, 1182s)
step  20 shear_post -1.000 mm  load   -170.16 N  Fz  -100.8  dmg  0.44%  maxVM  34.45  slip C4/C3 0.1305/0.6411  contact 0.06 (15 outer, 478s)
step  57 shear_post -2.850 mm  load   -294.07 N  Fz   -98.6  dmg  1.42%  maxVM  32.52  slip C4/C3 0.3510/1.8835  contact 0.06 (15 outer, 1200s)
step  58 shear_post -2.900 mm  load   -470.48 N  Fz   -96.9  dmg  1.43%  maxVM  33.28  slip C4/C3 0.3534/1.9156  contact 0.06 (15 outer, 1213s)
step  21 shear_post -1.050 mm  load   -151.88 N  Fz  -100.8  dmg  0.56%  maxVM  34.23  slip C4/C3 0.1309/0.6849  contact 0.06 (15 outer, 502s)
step  59 shear_post -2.950 mm  load   -438.54 N  Fz   -99.0  dmg  1.43%  maxVM  33.56  slip C4/C3 0.3554/1.9459  contact 0.06 (15 outer, 1220s)
step  60 shear_post -3.000 mm  load   -428.43 N  Fz  -100.5  dmg  1.43%  maxVM  34.19  slip C4/C3 0.3576/1.9769  contact 0.06 (15 outer, 1227s)
{"design": "A_smooth", "mode": "shear_post", "dof": 1, "stop_reason": "imposed limit reached", "preload_N": 100.0, "max_imposed": -2.9999999999999973, "max_imposed_unit": "mm", "max_load": 470.4955259616453, "load_unit": "N", "load_at_endpoint": 428.42573310678875, "final_damage": 0.014324024858285291, "final_slip": 1.976870505587883, "max_vm": 34.9436218069449, "steps": 60, "wall_s": 1226.8793592453003}
[gpu_pool] pid 1907006 cuda:2(GPU7) done ('sixdof', 'A_smooth', 'shear_post') 1227.7s
=== Test 3 6-DOF B_tread shear_lat_pos: preload 100.0 N (force), dof 0 displacement-controlled, device cuda:2
step  22 shear_post -1.100 mm  load   -166.50 N  Fz  -100.6  dmg  0.60%  maxVM  32.68  slip C4/C3 0.1322/0.7220  contact 0.06 (15 outer, 519s)
   preload secant 0: Uz 0.00833 mm -> Fz -105.30 N
   preload secant 1: Uz 0.00789 mm -> Fz -95.33 N
step  23 shear_post -1.150 mm  load   -145.20 N  Fz  -101.0  dmg  0.69%  maxVM  34.51  slip C4/C3 0.1340/0.7591  contact 0.06 (15 outer, 536s)
   preload secant 2: Uz 0.00810 mm -> Fz -95.61 N
   preload secant 3: Uz 0.01131 mm -> Fz -136.22 N
   preload secant 4: Uz 0.00845 mm -> Fz -99.27 N
step  24 shear_post -1.200 mm  load   -158.55 N  Fz  -100.8  dmg  0.77%  maxVM  34.89  slip C4/C3 0.1348/0.7999  contact 0.06 (15 outer, 559s)
step  25 shear_post -1.250 mm  load   -162.53 N  Fz  -100.7  dmg  0.83%  maxVM  34.62  slip C4/C3 0.1362/0.8379  contact 0.06 (15 outer, 580s)
   preload done: Fz -100.00 N, Uz -0.00906 mm
step  26 shear_post -1.300 mm  load   -172.63 N  Fz  -100.8  dmg  0.90%  maxVM  34.85  slip C4/C3 0.1381/0.8726  contact 0.06 (15 outer, 596s)
step   1 shear_lat_pos 0.050 mm  load    129.66 N  Fz  -100.0  dmg  0.00%  maxVM  18.74  slip C4/C3 0.0041/0.0046  contact 0.38 (9 outer, 214s)
step  27 shear_post -1.350 mm  load   -145.22 N  Fz  -100.6  dmg  1.01%  maxVM  33.38  slip C4/C3 0.1396/0.9132  contact 0.06 (15 outer, 624s)
step  28 shear_post -1.400 mm  load   -191.83 N  Fz   -99.3  dmg  1.03%  maxVM  34.33  slip C4/C3 0.1413/0.9468  contact 0.06 (15 outer, 642s)
step   2 shear_lat_pos 0.100 mm  load    131.81 N  Fz   -99.9  dmg  0.00%  maxVM  30.20  slip C4/C3 0.0180/0.0239  contact 0.20 (15 outer, 251s)
step  29 shear_post -1.450 mm  load   -216.44 N  Fz  -100.7  dmg  1.09%  maxVM  34.63  slip C4/C3 0.1434/0.9792  contact 0.07 (15 outer, 654s)
step   3 shear_lat_pos 0.150 mm  load    130.25 N  Fz   -99.9  dmg  0.00%  maxVM  27.68  slip C4/C3 0.0362/0.0446  contact 0.14 (15 outer, 277s)
step  30 shear_post -1.500 mm  load   -166.92 N  Fz  -100.8  dmg  1.14%  maxVM  34.70  slip C4/C3 0.1450/1.0213  contact 0.06 (15 outer, 680s)
   preload done: Fz -100.00 N, Uz -0.00862 mm
step  31 shear_post -1.550 mm  load   -157.19 N  Fz   -99.4  dmg  1.18%  maxVM  34.03  slip C4/C3 0.1469/1.0577  contact 0.06 (15 outer, 699s)
step   4 shear_lat_pos 0.200 mm  load    138.84 N  Fz   -99.8  dmg  0.00%  maxVM  31.54  slip C4/C3 0.0566/0.0645  contact 0.13 (15 outer, 302s)
step   1 shear_lat_pos 0.050 mm  load    145.39 N  Fz  -100.0  dmg  0.00%  maxVM  13.19  slip C4/C3 0.0026/0.0032  contact 0.33 (7 outer, 201s)
step  32 shear_post -1.600 mm  load   -191.39 N  Fz  -100.7  dmg  1.23%  maxVM  34.05  slip C4/C3 0.1484/1.0917  contact 0.06 (15 outer, 716s)
step   5 shear_lat_pos 0.250 mm  load    136.59 N  Fz  -100.0  dmg  0.00%  maxVM  34.82  slip C4/C3 0.0801/0.0925  contact 0.13 (15 outer, 322s)
step  33 shear_post -1.650 mm  load   -195.90 N  Fz  -100.1  dmg  1.29%  maxVM  32.77  slip C4/C3 0.1500/1.1278  contact 0.06 (15 outer, 733s)
step   6 shear_lat_pos 0.300 mm  load    144.82 N  Fz   -99.9  dmg  0.01%  maxVM  32.70  slip C4/C3 0.0981/0.1171  contact 0.11 (11 outer, 336s)
step   2 shear_lat_pos 0.100 mm  load    172.08 N  Fz  -100.1  dmg  0.00%  maxVM  25.18  slip C4/C3 0.0152/0.0165  contact 0.18 (15 outer, 229s)
step  34 shear_post -1.700 mm  load   -170.61 N  Fz   -99.1  dmg  1.31%  maxVM  31.42  slip C4/C3 0.1518/1.1637  contact 0.06 (15 outer, 755s)
step   7 shear_lat_pos 0.350 mm  load     91.94 N  Fz   -99.9  dmg  0.03%  maxVM  34.88  slip C4/C3 0.1285/0.1503  contact 0.11 (15 outer, 357s)
step  35 shear_post -1.750 mm  load   -252.64 N  Fz  -101.0  dmg  1.34%  maxVM  32.34  slip C4/C3 0.1538/1.1916  contact 0.07 (15 outer, 765s)
step   8 shear_lat_pos 0.400 mm  load    178.11 N  Fz  -100.0  dmg  0.04%  maxVM  31.91  slip C4/C3 0.1438/0.1663  contact 0.12 (15 outer, 369s)
step   3 shear_lat_pos 0.150 mm  load    153.39 N  Fz  -100.0  dmg  0.00%  maxVM  30.72  slip C4/C3 0.0365/0.0383  contact 0.13 (15 outer, 265s)
step  36 shear_post -1.800 mm  load   -234.65 N  Fz   -99.6  dmg  1.37%  maxVM  33.07  slip C4/C3 0.1564/1.2279  contact 0.07 (15 outer, 780s)
step   9 shear_lat_pos 0.450 mm  load    162.10 N  Fz  -100.0  dmg  0.05%  maxVM  31.80  slip C4/C3 0.1638/0.1905  contact 0.11 (15 outer, 381s)
step  10 shear_lat_pos 0.500 mm  load    183.52 N  Fz  -100.0  dmg  0.06%  maxVM  30.81  slip C4/C3 0.1814/0.2122  contact 0.10 (15 outer, 393s)
step   4 shear_lat_pos 0.200 mm  load    180.08 N  Fz  -100.1  dmg  0.00%  maxVM  33.69  slip C4/C3 0.0530/0.0554  contact 0.11 (15 outer, 286s)
step  37 shear_post -1.850 mm  load   -197.81 N  Fz   -99.2  dmg  1.40%  maxVM  33.30  slip C4/C3 0.1593/1.2632  contact 0.07 (15 outer, 799s)
step  11 shear_lat_pos 0.550 mm  load    219.86 N  Fz  -100.1  dmg  0.07%  maxVM  33.68  slip C4/C3 0.1985/0.2317  contact 0.10 (15 outer, 402s)
step  12 shear_lat_pos 0.600 mm  load    172.07 N  Fz  -100.1  dmg  0.09%  maxVM  32.96  slip C4/C3 0.2201/0.2636  contact 0.09 (15 outer, 414s)
step  38 shear_post -1.900 mm  load   -195.04 N  Fz   -99.2  dmg  1.42%  maxVM  31.09  slip C4/C3 0.1623/1.2972  contact 0.07 (15 outer, 817s)
step   5 shear_lat_pos 0.250 mm  load    174.14 N  Fz  -100.1  dmg  0.01%  maxVM  33.56  slip C4/C3 0.0751/0.0753  contact 0.10 (12 outer, 308s)
step  13 shear_lat_pos 0.650 mm  load    186.43 N  Fz  -100.0  dmg  0.10%  maxVM  34.58  slip C4/C3 0.2395/0.2885  contact 0.09 (15 outer, 425s)
step  39 shear_post -1.950 mm  load   -234.69 N  Fz   -98.5  dmg  1.43%  maxVM  33.29  slip C4/C3 0.1658/1.3297  contact 0.07 (15 outer, 833s)
step  14 shear_lat_pos 0.700 mm  load    192.95 N  Fz  -100.0  dmg  0.11%  maxVM  30.24  slip C4/C3 0.2565/0.3132  contact 0.09 (15 outer, 435s)
step  15 shear_lat_pos 0.750 mm  load    188.63 N  Fz  -100.0  dmg  0.12%  maxVM  33.36  slip C4/C3 0.2745/0.3385  contact 0.08 (15 outer, 445s)
step  40 shear_post -2.000 mm  load   -223.99 N  Fz   -99.1  dmg  1.45%  maxVM  33.68  slip C4/C3 0.1686/1.3630  contact 0.07 (15 outer, 851s)
step   6 shear_lat_pos 0.300 mm  load    119.61 N  Fz  -100.1  dmg  0.04%  maxVM  34.98  slip C4/C3 0.1081/0.1017  contact 0.08 (15 outer, 341s)
step  16 shear_lat_pos 0.800 mm  load    205.92 N  Fz  -100.1  dmg  0.14%  maxVM  33.70  slip C4/C3 0.2945/0.3667  contact 0.08 (15 outer, 457s)
step  17 shear_lat_pos 0.850 mm  load    209.77 N  Fz  -100.3  dmg  0.17%  maxVM  34.61  slip C4/C3 0.3150/0.4004  contact 0.09 (15 outer, 467s)
step  41 shear_post -2.050 mm  load   -199.00 N  Fz   -98.9  dmg  1.46%  maxVM  33.92  slip C4/C3 0.1719/1.3960  contact 0.07 (15 outer, 867s)
step  18 shear_lat_pos 0.900 mm  load    137.98 N  Fz  -100.1  dmg  0.20%  maxVM  34.67  slip C4/C3 0.3355/0.4296  contact 0.08 (15 outer, 481s)
step  42 shear_post -2.100 mm  load   -253.50 N  Fz  -100.4  dmg  1.48%  maxVM  30.94  slip C4/C3 0.1755/1.4279  contact 0.07 (15 outer, 883s)
step   7 shear_lat_pos 0.350 mm  load     92.71 N  Fz  -100.0  dmg  0.10%  maxVM  34.83  slip C4/C3 0.1394/0.1294  contact 0.07 (15 outer, 379s)
step  19 shear_lat_pos 0.950 mm  load    204.41 N  Fz  -100.3  dmg  0.29%  maxVM  34.85  slip C4/C3 0.3545/0.4594  contact 0.08 (15 outer, 492s)
step  43 shear_post -2.150 mm  load   -243.03 N  Fz   -99.6  dmg  1.50%  maxVM  32.08  slip C4/C3 0.1792/1.4605  contact 0.07 (15 outer, 899s)
step   8 shear_lat_pos 0.400 mm  load    191.12 N  Fz  -100.1  dmg  0.12%  maxVM  34.56  slip C4/C3 0.1521/0.1438  contact 0.07 (15 outer, 391s)
step  20 shear_lat_pos 1.000 mm  load    220.42 N  Fz  -100.4  dmg  0.33%  maxVM  34.98  slip C4/C3 0.3754/0.4862  contact 0.09 (15 outer, 502s)
step  44 shear_post -2.200 mm  load   -348.91 N  Fz  -101.9  dmg  1.52%  maxVM  31.17  slip C4/C3 0.1816/1.4882  contact 0.07 (15 outer, 910s)
step  21 shear_lat_pos 1.050 mm  load    164.89 N  Fz  -100.3  dmg  0.40%  maxVM  34.76  slip C4/C3 0.3997/0.5167  contact 0.09 (15 outer, 521s)
step   9 shear_lat_pos 0.450 mm  load    125.84 N  Fz  -100.2  dmg  0.20%  maxVM  32.25  slip C4/C3 0.1815/0.1717  contact 0.07 (15 outer, 419s)
step  45 shear_post -2.250 mm  load   -261.83 N  Fz   -98.9  dmg  1.54%  maxVM  31.69  slip C4/C3 0.1863/1.5270  contact 0.07 (15 outer, 930s)
step  22 shear_lat_pos 1.100 mm  load    183.13 N  Fz  -100.5  dmg  0.42%  maxVM  34.40  slip C4/C3 0.4174/0.5435  contact 0.09 (15 outer, 534s)
step  10 shear_lat_pos 0.500 mm  load    171.93 N  Fz  -100.1  dmg  0.20%  maxVM  34.90  slip C4/C3 0.1963/0.1882  contact 0.06 (15 outer, 431s)
step  46 shear_post -2.300 mm  load   -311.73 N  Fz   -99.3  dmg  1.56%  maxVM  34.04  slip C4/C3 0.1901/1.5557  contact 0.07 (15 outer, 942s)
step  47 shear_post -2.350 mm  load   -388.25 N  Fz   -99.2  dmg  1.56%  maxVM  34.72  slip C4/C3 0.1933/1.5839  contact 0.07 (15 outer, 955s)
step  11 shear_lat_pos 0.550 mm  load    150.64 N  Fz  -100.2  dmg  0.26%  maxVM  34.57  slip C4/C3 0.2217/0.2161  contact 0.06 (15 outer, 455s)
step  48 shear_post -2.400 mm  load   -283.66 N  Fz  -102.0  dmg  1.57%  maxVM  31.60  slip C4/C3 0.1980/1.6182  contact 0.07 (15 outer, 966s)
step  23 shear_lat_pos 1.150 mm  load    102.20 N  Fz  -100.3  dmg  0.56%  maxVM  34.74  slip C4/C3 0.4395/0.5782  contact 0.09 (15 outer, 568s)
step  49 shear_post -2.450 mm  load   -349.96 N  Fz   -99.2  dmg  1.57%  maxVM  35.00  slip C4/C3 0.2011/1.6470  contact 0.07 (15 outer, 979s)
step  12 shear_lat_pos 0.600 mm  load    215.61 N  Fz  -100.3  dmg  0.27%  maxVM  34.49  slip C4/C3 0.2376/0.2339  contact 0.06 (15 outer, 469s)
step  24 shear_lat_pos 1.200 mm  load    192.58 N  Fz  -100.5  dmg  0.65%  maxVM  34.79  slip C4/C3 0.4524/0.6038  contact 0.09 (15 outer, 582s)
step  50 shear_post -2.500 mm  load   -286.33 N  Fz   -99.0  dmg  1.59%  maxVM  32.60  slip C4/C3 0.2056/1.6820  contact 0.07 (15 outer, 991s)
step  51 shear_post -2.550 mm  load   -354.54 N  Fz  -100.3  dmg  1.59%  maxVM  33.31  slip C4/C3 0.2092/1.7087  contact 0.07 (15 outer, 1000s)
step  25 shear_lat_pos 1.250 mm  load    184.18 N  Fz  -100.5  dmg  0.75%  maxVM  34.84  slip C4/C3 0.4691/0.6346  contact 0.09 (15 outer, 602s)
step  13 shear_lat_pos 0.650 mm  load    187.08 N  Fz  -100.3  dmg  0.34%  maxVM  34.55  slip C4/C3 0.2599/0.2613  contact 0.06 (15 outer, 491s)
step  52 shear_post -2.600 mm  load   -390.17 N  Fz   -99.5  dmg  1.62%  maxVM  31.52  slip C4/C3 0.2134/1.7450  contact 0.07 (15 outer, 1016s)
step  14 shear_lat_pos 0.700 mm  load    199.10 N  Fz  -100.3  dmg  0.37%  maxVM  34.97  slip C4/C3 0.2776/0.2828  contact 0.06 (15 outer, 505s)
step  26 shear_lat_pos 1.300 mm  load    168.35 N  Fz  -100.6  dmg  0.83%  maxVM  33.89  slip C4/C3 0.4856/0.6645  contact 0.10 (15 outer, 622s)
step  53 shear_post -2.650 mm  load   -350.65 N  Fz   -98.7  dmg  1.63%  maxVM  34.84  slip C4/C3 0.2173/1.7763  contact 0.07 (15 outer, 1028s)
step  15 shear_lat_pos 0.750 mm  load    216.70 N  Fz  -100.3  dmg  0.39%  maxVM  34.85  slip C4/C3 0.2938/0.3041  contact 0.06 (15 outer, 517s)
step  16 shear_lat_pos 0.800 mm  load    244.79 N  Fz  -100.4  dmg  0.43%  maxVM  34.66  slip C4/C3 0.3113/0.3269  contact 0.06 (15 outer, 530s)
step  54 shear_post -2.700 mm  load   -344.59 N  Fz  -101.0  dmg  1.63%  maxVM  31.74  slip C4/C3 0.2225/1.8100  contact 0.07 (15 outer, 1044s)
step  27 shear_lat_pos 1.350 mm  load    130.04 N  Fz  -100.4  dmg  0.92%  maxVM  34.92  slip C4/C3 0.5003/0.6987  contact 0.10 (15 outer, 653s)
step  55 shear_post -2.750 mm  load   -381.02 N  Fz   -99.2  dmg  1.63%  maxVM  34.24  slip C4/C3 0.2259/1.8381  contact 0.07 (15 outer, 1052s)
step  17 shear_lat_pos 0.850 mm  load    191.22 N  Fz  -100.4  dmg  0.55%  maxVM  34.48  slip C4/C3 0.3365/0.3604  contact 0.06 (15 outer, 554s)
step  28 shear_lat_pos 1.400 mm  load    152.22 N  Fz  -100.5  dmg  0.99%  maxVM  33.13  slip C4/C3 0.5143/0.7282  contact 0.10 (15 outer, 674s)
step  56 shear_post -2.800 mm  load   -268.73 N  Fz   -99.6  dmg  1.65%  maxVM  33.25  slip C4/C3 0.2352/1.8801  contact 0.07 (15 outer, 1081s)
step  18 shear_lat_pos 0.900 mm  load    193.34 N  Fz  -100.6  dmg  0.65%  maxVM  34.76  slip C4/C3 0.3554/0.3894  contact 0.07 (15 outer, 574s)
step  29 shear_lat_pos 1.450 mm  load    169.81 N  Fz  -100.5  dmg  1.04%  maxVM  34.42  slip C4/C3 0.5285/0.7569  contact 0.10 (15 outer, 690s)
step  57 shear_post -2.850 mm  load   -440.91 N  Fz  -100.4  dmg  1.65%  maxVM  33.74  slip C4/C3 0.2394/1.9039  contact 0.07 (15 outer, 1093s)
step  58 shear_post -2.900 mm  load   -480.06 N  Fz  -102.4  dmg  1.65%  maxVM  34.14  slip C4/C3 0.2428/1.9305  contact 0.07 (15 outer, 1101s)
step  30 shear_lat_pos 1.500 mm  load    171.62 N  Fz  -100.7  dmg  1.10%  maxVM  34.12  slip C4/C3 0.5431/0.7859  contact 0.10 (15 outer, 708s)
step  19 shear_lat_pos 0.950 mm  load    179.47 N  Fz  -100.6  dmg  0.82%  maxVM  34.71  slip C4/C3 0.3734/0.4227  contact 0.07 (15 outer, 602s)
step  59 shear_post -2.950 mm  load   -318.38 N  Fz  -101.0  dmg  1.66%  maxVM  31.10  slip C4/C3 0.2496/1.9701  contact 0.07 (15 outer, 1117s)
step  31 shear_lat_pos 1.550 mm  load    152.56 N  Fz  -100.5  dmg  1.18%  maxVM  34.89  slip C4/C3 0.5579/0.8173  contact 0.10 (15 outer, 729s)
step  60 shear_post -3.000 mm  load   -365.61 N  Fz   -99.0  dmg  1.66%  maxVM  30.84  slip C4/C3 0.2547/2.0006  contact 0.07 (15 outer, 1132s)
{"design": "B_tread", "mode": "shear_post", "dof": 1, "stop_reason": "slip >= 2 mm", "preload_N": 100.0, "max_imposed": -2.9999999999999973, "max_imposed_unit": "mm", "max_load": 480.05927967491624, "load_unit": "N", "load_at_endpoint": 365.61093134903047, "final_damage": 0.016595776434594436, "final_slip": 2.000589788788704, "max_vm": 34.99944325458366, "steps": 60, "wall_s": 1132.4621541500092}
[gpu_pool] pid 1907004 cuda:0(GPU3) done ('sixdof', 'B_tread', 'shear_post') 1133.4s
=== Test 3 6-DOF A_smooth shear_lat_neg: preload 100.0 N (force), dof 0 displacement-controlled, device cuda:0
step  20 shear_lat_pos 1.000 mm  load    190.75 N  Fz  -100.8  dmg  1.03%  maxVM  34.64  slip C4/C3 0.3869/0.4553  contact 0.08 (15 outer, 628s)
   preload secant 0: Uz 0.00833 mm -> Fz -104.66 N
step  32 shear_lat_pos 1.600 mm  load    154.13 N  Fz  -100.5  dmg  1.24%  maxVM  33.44  slip C4/C3 0.5701/0.8494  contact 0.10 (15 outer, 752s)
   preload secant 1: Uz 0.00794 mm -> Fz -93.34 N
   preload secant 2: Uz 0.00817 mm -> Fz -92.64 N
   preload secant 3: Uz 0.01553 mm -> Fz -185.02 N
step  21 shear_lat_pos 1.050 mm  load    184.57 N  Fz  -101.0  dmg  1.16%  maxVM  34.88  slip C4/C3 0.3986/0.4888  contact 0.08 (15 outer, 655s)
   preload secant 4: Uz 0.00876 mm -> Fz -98.35 N
step  33 shear_lat_pos 1.650 mm  load    156.01 N  Fz  -100.4  dmg  1.29%  maxVM  33.84  slip C4/C3 0.5824/0.8814  contact 0.10 (15 outer, 774s)
step  34 shear_lat_pos 1.700 mm  load    177.27 N  Fz  -100.6  dmg  1.35%  maxVM  33.77  slip C4/C3 0.5913/0.9158  contact 0.10 (15 outer, 798s)
step  35 shear_lat_pos 1.750 mm  load    272.31 N  Fz  -101.1  dmg  1.37%  maxVM  33.90  slip C4/C3 0.6001/0.9407  contact 0.10 (15 outer, 807s)
step  36 shear_lat_pos 1.800 mm  load    188.12 N  Fz  -100.6  dmg  1.43%  maxVM  34.63  slip C4/C3 0.6160/0.9745  contact 0.10 (15 outer, 823s)
step  22 shear_lat_pos 1.100 mm  load    152.28 N  Fz  -101.0  dmg  1.37%  maxVM  35.83  slip C4/C3 0.4074/0.5296  contact 0.08 (15 outer, 716s)
step  37 shear_lat_pos 1.850 mm  load    206.01 N  Fz  -100.7  dmg  1.47%  maxVM  33.60  slip C4/C3 0.6259/1.0093  contact 0.10 (15 outer, 844s)
step  38 shear_lat_pos 1.900 mm  load    254.25 N  Fz  -101.2  dmg  1.54%  maxVM  34.64  slip C4/C3 0.6344/1.0395  contact 0.11 (15 outer, 857s)
step  23 shear_lat_pos 1.150 mm  load    161.37 N  Fz  -100.9  dmg  1.50%  maxVM  34.83  slip C4/C3 0.4167/0.5630  contact 0.08 (15 outer, 755s)
step  39 shear_lat_pos 1.950 mm  load    184.09 N  Fz  -100.6  dmg  1.60%  maxVM  34.59  slip C4/C3 0.6448/1.0784  contact 0.10 (15 outer, 883s)
step  24 shear_lat_pos 1.200 mm  load    186.33 N  Fz  -101.1  dmg  1.58%  maxVM  33.98  slip C4/C3 0.4254/0.5948  contact 0.08 (15 outer, 782s)
step  40 shear_lat_pos 2.000 mm  load    261.46 N  Fz  -101.0  dmg  1.63%  maxVM  33.94  slip C4/C3 0.6529/1.1063  contact 0.10 (15 outer, 894s)
step  41 shear_lat_pos 2.050 mm  load    214.16 N  Fz  -100.8  dmg  1.68%  maxVM  34.60  slip C4/C3 0.6664/1.1374  contact 0.11 (15 outer, 906s)
step  25 shear_lat_pos 1.250 mm  load    200.24 N  Fz  -101.1  dmg  1.68%  maxVM  34.80  slip C4/C3 0.4345/0.6263  contact 0.08 (15 outer, 804s)
   preload done: Fz -100.00 N, Uz -0.00906 mm
step  42 shear_lat_pos 2.100 mm  load    224.01 N  Fz  -100.8  dmg  1.76%  maxVM  34.75  slip C4/C3 0.6768/1.1734  contact 0.11 (15 outer, 926s)
step  26 shear_lat_pos 1.300 mm  load    166.26 N  Fz  -101.0  dmg  1.78%  maxVM  33.52  slip C4/C3 0.4418/0.6630  contact 0.09 (15 outer, 838s)
step   1 shear_lat_neg -0.050 mm  load   -113.72 N  Fz  -100.0  dmg  0.00%  maxVM  15.36  slip C4/C3 0.0057/0.0082  contact 0.36 (12 outer, 223s)
step  27 shear_lat_pos 1.350 mm  load    215.38 N  Fz  -101.2  dmg  1.83%  maxVM  33.95  slip C4/C3 0.4500/0.6896  contact 0.09 (15 outer, 854s)
step  43 shear_lat_pos 2.150 mm  load    139.52 N  Fz  -100.5  dmg  1.89%  maxVM  34.38  slip C4/C3 0.6819/1.2195  contact 0.10 (15 outer, 984s)
step  28 shear_lat_pos 1.400 mm  load    209.42 N  Fz  -101.3  dmg  1.90%  maxVM  34.63  slip C4/C3 0.4572/0.7255  contact 0.09 (15 outer, 879s)
step   2 shear_lat_neg -0.100 mm  load   -117.33 N  Fz  -100.0  dmg  0.00%  maxVM  27.23  slip C4/C3 0.0218/0.0279  contact 0.20 (14 outer, 259s)
step  44 shear_lat_pos 2.200 mm  load    270.80 N  Fz  -101.0  dmg  1.95%  maxVM  34.07  slip C4/C3 0.6866/1.2502  contact 0.10 (15 outer, 1003s)
step  45 shear_lat_pos 2.250 mm  load    203.08 N  Fz  -101.0  dmg  1.98%  maxVM  32.69  slip C4/C3 0.6979/1.2831  contact 0.10 (15 outer, 1018s)
step   3 shear_lat_neg -0.150 mm  load   -127.05 N  Fz   -99.8  dmg  0.00%  maxVM  30.85  slip C4/C3 0.0382/0.0505  contact 0.16 (15 outer, 287s)
step  29 shear_lat_pos 1.450 mm  load    172.30 N  Fz  -101.3  dmg  2.02%  maxVM  33.22  slip C4/C3 0.4634/0.7656  contact 0.08 (15 outer, 923s)
step  46 shear_lat_pos 2.300 mm  load    213.04 N  Fz  -100.8  dmg  2.01%  maxVM  33.22  slip C4/C3 0.7074/1.3171  contact 0.10 (15 outer, 1041s)
step   4 shear_lat_neg -0.200 mm  load    -70.62 N  Fz   -99.6  dmg  0.02%  maxVM  30.23  slip C4/C3 0.0584/0.0918  contact 0.16 (14 outer, 319s)
step  47 shear_lat_pos 2.350 mm  load    257.53 N  Fz  -100.8  dmg  2.03%  maxVM  32.69  slip C4/C3 0.7161/1.3466  contact 0.10 (15 outer, 1053s)
step  30 shear_lat_pos 1.500 mm  load    207.18 N  Fz  -101.2  dmg  2.04%  maxVM  34.11  slip C4/C3 0.4725/0.7933  contact 0.09 (15 outer, 942s)
step   5 shear_lat_neg -0.250 mm  load   -129.50 N  Fz   -99.9  dmg  0.02%  maxVM  32.04  slip C4/C3 0.0710/0.1148  contact 0.17 (15 outer, 334s)
step  48 shear_lat_pos 2.400 mm  load    319.60 N  Fz  -100.6  dmg  2.08%  maxVM  34.97  slip C4/C3 0.7216/1.3833  contact 0.11 (15 outer, 1074s)
step  31 shear_lat_pos 1.550 mm  load    203.69 N  Fz  -101.4  dmg  2.14%  maxVM  34.22  slip C4/C3 0.4805/0.8272  contact 0.09 (15 outer, 969s)
step   6 shear_lat_neg -0.300 mm  load    -83.77 N  Fz   -99.8  dmg  0.04%  maxVM  30.53  slip C4/C3 0.0890/0.1445  contact 0.14 (15 outer, 365s)
step  49 shear_lat_pos 2.450 mm  load    216.44 N  Fz  -100.7  dmg  2.12%  maxVM  34.70  slip C4/C3 0.7305/1.4254  contact 0.10 (15 outer, 1102s)
step   7 shear_lat_neg -0.350 mm  load   -209.10 N  Fz  -100.2  dmg  0.04%  maxVM  30.99  slip C4/C3 0.0993/0.1624  contact 0.16 (15 outer, 372s)
step  50 shear_lat_pos 2.500 mm  load    415.16 N  Fz  -101.3  dmg  2.12%  maxVM  34.55  slip C4/C3 0.7347/1.4484  contact 0.10 (15 outer, 1110s)
step  32 shear_lat_pos 1.600 mm  load    182.31 N  Fz  -101.0  dmg  2.26%  maxVM  34.47  slip C4/C3 0.4894/0.8642  contact 0.09 (15 outer, 1009s)
step  51 shear_lat_pos 2.550 mm  load    255.01 N  Fz  -100.6  dmg  2.19%  maxVM  34.17  slip C4/C3 0.7448/1.4933  contact 0.10 (15 outer, 1132s)
step   8 shear_lat_neg -0.400 mm  load    -92.53 N  Fz   -99.7  dmg  0.06%  maxVM  31.65  slip C4/C3 0.1164/0.2063  contact 0.11 (15 outer, 402s)
step  33 shear_lat_pos 1.650 mm  load    230.77 N  Fz  -101.7  dmg  2.30%  maxVM  34.87  slip C4/C3 0.4976/0.8922  contact 0.09 (15 outer, 1027s)
step  52 shear_lat_pos 2.600 mm  load    391.39 N  Fz  -102.8  dmg  2.20%  maxVM  34.86  slip C4/C3 0.7501/1.5233  contact 0.10 (15 outer, 1144s)
step   9 shear_lat_neg -0.450 mm  load   -151.57 N  Fz  -100.0  dmg  0.06%  maxVM  32.71  slip C4/C3 0.1273/0.2272  contact 0.13 (15 outer, 413s)
step  10 shear_lat_neg -0.500 mm  load   -131.43 N  Fz   -99.7  dmg  0.06%  maxVM  29.37  slip C4/C3 0.1450/0.2581  contact 0.10 (15 outer, 426s)
step  11 shear_lat_neg -0.550 mm  load   -198.04 N  Fz  -100.0  dmg  0.06%  maxVM  31.41  slip C4/C3 0.1580/0.2818  contact 0.11 (15 outer, 432s)
step  53 shear_lat_pos 2.650 mm  load    223.93 N  Fz  -100.8  dmg  2.26%  maxVM  34.55  slip C4/C3 0.7617/1.5635  contact 0.10 (15 outer, 1167s)
step  34 shear_lat_pos 1.700 mm  load    210.20 N  Fz  -101.2  dmg  2.38%  maxVM  34.71  slip C4/C3 0.5060/0.9281  contact 0.09 (15 outer, 1057s)
step  54 shear_lat_pos 2.700 mm  load    410.03 N  Fz  -100.7  dmg  2.26%  maxVM  34.48  slip C4/C3 0.7647/1.5889  contact 0.10 (15 outer, 1174s)
step  12 shear_lat_neg -0.600 mm  load   -153.77 N  Fz   -99.9  dmg  0.06%  maxVM  33.08  slip C4/C3 0.1724/0.3162  contact 0.11 (15 outer, 449s)
step  55 shear_lat_pos 2.750 mm  load    280.39 N  Fz  -100.8  dmg  2.28%  maxVM  34.06  slip C4/C3 0.7750/1.6263  contact 0.11 (15 outer, 1185s)
step  13 shear_lat_neg -0.650 mm  load   -163.74 N  Fz   -99.9  dmg  0.07%  maxVM  33.69  slip C4/C3 0.1887/0.3438  contact 0.11 (15 outer, 461s)
step  56 shear_lat_pos 2.800 mm  load    397.83 N  Fz  -100.9  dmg  2.30%  maxVM  32.78  slip C4/C3 0.7794/1.6568  contact 0.11 (15 outer, 1195s)
step  35 shear_lat_pos 1.750 mm  load    223.71 N  Fz  -101.2  dmg  2.44%  maxVM  34.19  slip C4/C3 0.5123/0.9645  contact 0.09 (15 outer, 1091s)
step  14 shear_lat_neg -0.700 mm  load   -175.34 N  Fz  -100.1  dmg  0.07%  maxVM  34.29  slip C4/C3 0.2036/0.3731  contact 0.11 (15 outer, 472s)
step  57 shear_lat_pos 2.850 mm  load    281.61 N  Fz  -100.8  dmg  2.33%  maxVM  33.07  slip C4/C3 0.7894/1.6982  contact 0.10 (15 outer, 1211s)
step  15 shear_lat_neg -0.750 mm  load   -209.98 N  Fz  -100.2  dmg  0.07%  maxVM  34.83  slip C4/C3 0.2158/0.3922  contact 0.11 (15 outer, 480s)
step  58 shear_lat_pos 2.900 mm  load    571.14 N  Fz  -100.9  dmg  2.33%  maxVM  34.81  slip C4/C3 0.7919/1.7184  contact 0.11 (15 outer, 1217s)
step  36 shear_lat_pos 1.800 mm  load    206.96 N  Fz  -101.3  dmg  2.50%  maxVM  33.76  slip C4/C3 0.5231/0.9969  contact 0.09 (15 outer, 1117s)
step  16 shear_lat_neg -0.800 mm  load   -163.25 N  Fz   -99.9  dmg  0.12%  maxVM  33.09  slip C4/C3 0.2368/0.4335  contact 0.10 (15 outer, 497s)
step  37 shear_lat_pos 1.850 mm  load    346.01 N  Fz  -101.0  dmg  2.54%  maxVM  34.82  slip C4/C3 0.5285/1.0218  contact 0.09 (15 outer, 1126s)
step  59 shear_lat_pos 2.950 mm  load    259.59 N  Fz  -101.2  dmg  2.38%  maxVM  34.93  slip C4/C3 0.8051/1.7716  contact 0.11 (15 outer, 1244s)
step  17 shear_lat_neg -0.850 mm  load   -163.90 N  Fz  -100.1  dmg  0.17%  maxVM  34.46  slip C4/C3 0.2556/0.4654  contact 0.10 (15 outer, 513s)
step  18 shear_lat_neg -0.900 mm  load   -185.36 N  Fz  -100.3  dmg  0.18%  maxVM  34.55  slip C4/C3 0.2704/0.4897  contact 0.10 (15 outer, 522s)
step  60 shear_lat_pos 3.000 mm  load    304.28 N  Fz  -100.9  dmg  2.39%  maxVM  32.03  slip C4/C3 0.8095/1.8093  contact 0.10 (15 outer, 1266s)
{"design": "A_smooth", "mode": "shear_lat_pos", "dof": 0, "stop_reason": "imposed limit reached", "preload_N": 100.0, "max_imposed": 2.9999999999999973, "max_imposed_unit": "mm", "max_load": 571.1433352287017, "load_unit": "N", "load_at_endpoint": 304.2827677297481, "final_damage": 0.023926902509916016, "final_slip": 1.8092702867439723, "max_vm": 34.981563803327006, "steps": 60, "wall_s": 1265.7230460643768}
[gpu_pool] pid 1907005 cuda:1(GPU4) done ('sixdof', 'A_smooth', 'shear_lat_pos') 1266.6s
=== Test 3 6-DOF B_tread shear_lat_neg: preload 100.0 N (force), dof 0 displacement-controlled, device cuda:1
step  19 shear_lat_neg -0.950 mm  load   -209.24 N  Fz  -100.5  dmg  0.24%  maxVM  34.87  slip C4/C3 0.2867/0.5206  contact 0.11 (15 outer, 536s)
step  38 shear_lat_pos 1.900 mm  load    204.83 N  Fz  -100.5  dmg  2.64%  maxVM  34.04  slip C4/C3 0.5403/1.0639  contact 0.09 (15 outer, 1159s)
step  20 shear_lat_neg -1.000 mm  load   -256.14 N  Fz  -100.7  dmg  0.25%  maxVM  34.70  slip C4/C3 0.2986/0.5449  contact 0.11 (15 outer, 542s)
   preload secant 0: Uz 0.00833 mm -> Fz -105.30 N
step  21 shear_lat_neg -1.050 mm  load   -146.17 N  Fz  -100.1  dmg  0.26%  maxVM  34.09  slip C4/C3 0.3160/0.5690  contact 0.09 (15 outer, 551s)
   preload secant 1: Uz 0.00789 mm -> Fz -95.33 N
step  22 shear_lat_neg -1.100 mm  load   -246.16 N  Fz  -100.4  dmg  0.34%  maxVM  34.82  slip C4/C3 0.3304/0.6041  contact 0.10 (15 outer, 562s)
   preload secant 2: Uz 0.00810 mm -> Fz -95.61 N
   preload secant 3: Uz 0.01131 mm -> Fz -136.22 N
   preload secant 4: Uz 0.00845 mm -> Fz -99.27 N
step  23 shear_lat_neg -1.150 mm  load   -230.07 N  Fz  -100.5  dmg  0.41%  maxVM  34.44  slip C4/C3 0.3470/0.6365  contact 0.10 (15 outer, 575s)
step  39 shear_lat_pos 1.950 mm  load    202.54 N  Fz  -101.2  dmg  2.71%  maxVM  34.12  slip C4/C3 0.5486/1.0980  contact 0.09 (15 outer, 1201s)
step  40 shear_lat_pos 2.000 mm  load    308.50 N  Fz  -101.3  dmg  2.74%  maxVM  33.18  slip C4/C3 0.5548/1.1241  contact 0.09 (15 outer, 1215s)
step  24 shear_lat_neg -1.200 mm  load   -206.56 N  Fz  -100.6  dmg  0.58%  maxVM  40.24  slip C4/C3 0.3643/0.6708  contact 0.10 (15 outer, 602s)
step  41 shear_lat_pos 2.050 mm  load    312.33 N  Fz  -101.8  dmg  2.77%  maxVM  33.06  slip C4/C3 0.5623/1.1560  contact 0.09 (15 outer, 1232s)
step  25 shear_lat_neg -1.250 mm  load   -214.13 N  Fz  -100.9  dmg  0.63%  maxVM  34.58  slip C4/C3 0.3788/0.6989  contact 0.10 (15 outer, 617s)
step  42 shear_lat_pos 2.100 mm  load    280.59 N  Fz  -101.9  dmg  2.81%  maxVM  34.15  slip C4/C3 0.5710/1.1874  contact 0.10 (15 outer, 1247s)
step  26 shear_lat_neg -1.300 mm  load   -226.40 N  Fz  -101.0  dmg  0.68%  maxVM  34.97  slip C4/C3 0.3934/0.7242  contact 0.11 (15 outer, 626s)
step  27 shear_lat_neg -1.350 mm  load   -235.21 N  Fz  -101.1  dmg  0.75%  maxVM  34.40  slip C4/C3 0.4092/0.7517  contact 0.11 (15 outer, 638s)
step  28 shear_lat_neg -1.400 mm  load   -235.14 N  Fz  -101.1  dmg  0.84%  maxVM  34.92  slip C4/C3 0.4253/0.7806  contact 0.11 (15 outer, 650s)
step  29 shear_lat_neg -1.450 mm  load   -156.12 N  Fz  -100.6  dmg  1.00%  maxVM  32.27  slip C4/C3 0.4433/0.8237  contact 0.10 (15 outer, 685s)
step  30 shear_lat_neg -1.500 mm  load   -210.42 N  Fz  -100.9  dmg  1.01%  maxVM  34.62  slip C4/C3 0.4534/0.8457  contact 0.11 (15 outer, 692s)
step  43 shear_lat_pos 2.150 mm  load    212.16 N  Fz  -101.1  dmg  3.06%  maxVM  36.34  slip C4/C3 0.5837/1.2287  contact 0.09 (15 outer, 1323s)
step  31 shear_lat_neg -1.550 mm  load   -184.25 N  Fz  -100.9  dmg  1.11%  maxVM  34.97  slip C4/C3 0.4708/0.8798  contact 0.10 (15 outer, 709s)
   preload done: Fz -100.00 N, Uz -0.00862 mm
step  32 shear_lat_neg -1.600 mm  load   -190.70 N  Fz  -101.0  dmg  1.15%  maxVM  33.40  slip C4/C3 0.4846/0.9101  contact 0.10 (15 outer, 723s)
step   1 shear_lat_neg -0.050 mm  load   -142.57 N  Fz  -100.0  dmg  0.00%  maxVM  11.93  slip C4/C3 0.0037/0.0044  contact 0.32 (8 outer, 203s)
step  33 shear_lat_neg -1.650 mm  load   -194.45 N  Fz  -101.0  dmg  1.19%  maxVM  33.46  slip C4/C3 0.4978/0.9406  contact 0.10 (15 outer, 737s)
step   2 shear_lat_neg -0.100 mm  load   -165.11 N  Fz  -100.0  dmg  0.00%  maxVM  21.89  slip C4/C3 0.0167/0.0210  contact 0.18 (15 outer, 229s)
step  34 shear_lat_neg -1.700 mm  load   -144.27 N  Fz  -100.5  dmg  1.28%  maxVM  34.34  slip C4/C3 0.5118/0.9795  contact 0.09 (15 outer, 763s)
step  35 shear_lat_neg -1.750 mm  load   -198.48 N  Fz  -101.1  dmg  1.29%  maxVM  33.93  slip C4/C3 0.5215/1.0036  contact 0.10 (15 outer, 771s)
step  44 shear_lat_pos 2.200 mm  load    205.16 N  Fz  -101.5  dmg  3.18%  maxVM  33.23  slip C4/C3 0.6004/1.2574  contact 0.09 (15 outer, 1393s)
step  45 shear_lat_pos 2.250 mm  load    375.17 N  Fz  -101.6  dmg  3.18%  maxVM  32.14  slip C4/C3 0.6050/1.2799  contact 0.08 (15 outer, 1402s)
step   3 shear_lat_neg -0.150 mm  load   -182.22 N  Fz  -100.0  dmg  0.00%  maxVM  30.37  slip C4/C3 0.0306/0.0401  contact 0.14 (13 outer, 253s)
step  46 shear_lat_pos 2.300 mm  load    267.56 N  Fz  -100.6  dmg  3.19%  maxVM  34.01  slip C4/C3 0.6150/1.3145  contact 0.09 (15 outer, 1414s)
step  47 shear_lat_pos 2.350 mm  load    346.21 N  Fz  -101.4  dmg  3.20%  maxVM  34.85  slip C4/C3 0.6217/1.3424  contact 0.09 (15 outer, 1425s)
step  36 shear_lat_neg -1.800 mm  load   -122.80 N  Fz  -100.4  dmg  1.47%  maxVM  33.31  slip C4/C3 0.5369/1.0464  contact 0.09 (15 outer, 803s)
step  48 shear_lat_pos 2.400 mm  load    368.43 N  Fz  -101.3  dmg  3.22%  maxVM  32.91  slip C4/C3 0.6293/1.3752  contact 0.10 (15 outer, 1440s)
step   4 shear_lat_neg -0.200 mm  load   -134.80 N  Fz   -99.9  dmg  0.00%  maxVM  28.53  slip C4/C3 0.0516/0.0689  contact 0.11 (13 outer, 290s)
step  37 shear_lat_neg -1.850 mm  load   -142.67 N  Fz  -101.2  dmg  1.54%  maxVM  33.19  slip C4/C3 0.5477/1.0795  contact 0.09 (15 outer, 824s)
step  38 shear_lat_neg -1.900 mm  load   -198.48 N  Fz  -101.1  dmg  1.57%  maxVM  34.98  slip C4/C3 0.5571/1.1076  contact 0.09 (15 outer, 837s)
step   5 shear_lat_neg -0.250 mm  load   -164.29 N  Fz  -100.0  dmg  0.00%  maxVM  33.10  slip C4/C3 0.0660/0.0877  contact 0.11 (15 outer, 311s)
step  39 shear_lat_neg -1.950 mm  load   -172.66 N  Fz  -100.8  dmg  1.63%  maxVM  34.76  slip C4/C3 0.5693/1.1427  contact 0.09 (15 outer, 856s)
step   6 shear_lat_neg -0.300 mm  load   -159.93 N  Fz  -100.2  dmg  0.01%  maxVM  32.20  slip C4/C3 0.0829/0.1170  contact 0.10 (12 outer, 332s)
step  40 shear_lat_neg -2.000 mm  load   -149.29 N  Fz  -100.7  dmg  1.71%  maxVM  33.25  slip C4/C3 0.5813/1.1767  contact 0.09 (15 outer, 877s)
step   7 shear_lat_neg -0.350 mm  load   -155.31 N  Fz  -100.1  dmg  0.03%  maxVM  33.32  slip C4/C3 0.0988/0.1437  contact 0.08 (9 outer, 349s)
step  41 shear_lat_neg -2.050 mm  load   -257.48 N  Fz  -101.2  dmg  1.73%  maxVM  33.99  slip C4/C3 0.5896/1.2025  contact 0.09 (15 outer, 887s)
step  49 shear_lat_pos 2.450 mm  load    237.15 N  Fz  -101.5  dmg  3.32%  maxVM  34.94  slip C4/C3 0.6446/1.4142  contact 0.09 (15 outer, 1511s)
step   8 shear_lat_neg -0.400 mm  load   -167.17 N  Fz  -100.1  dmg  0.03%  maxVM  34.48  slip C4/C3 0.1132/0.1694  contact 0.08 (15 outer, 363s)
step  42 shear_lat_neg -2.100 mm  load   -211.19 N  Fz  -101.2  dmg  1.79%  maxVM  33.91  slip C4/C3 0.6011/1.2393  contact 0.10 (15 outer, 903s)
step  43 shear_lat_neg -2.150 mm  load   -281.41 N  Fz  -101.2  dmg  1.81%  maxVM  34.68  slip C4/C3 0.6087/1.2640  contact 0.10 (15 outer, 910s)
step  50 shear_lat_pos 2.500 mm  load    271.65 N  Fz  -101.6  dmg  3.34%  maxVM  34.47  slip C4/C3 0.6548/1.4414  contact 0.09 (15 outer, 1533s)
step   9 shear_lat_neg -0.450 mm  load   -156.63 N  Fz  -100.2  dmg  0.04%  maxVM  34.56  slip C4/C3 0.1284/0.2010  contact 0.07 (15 outer, 379s)
step  51 shear_lat_pos 2.550 mm  load    361.05 N  Fz  -102.3  dmg  3.36%  maxVM  34.58  slip C4/C3 0.6608/1.4708  contact 0.09 (15 outer, 1550s)
step  44 shear_lat_neg -2.200 mm  load   -172.41 N  Fz  -100.9  dmg  1.91%  maxVM  34.70  slip C4/C3 0.6217/1.3088  contact 0.10 (15 outer, 933s)
step  10 shear_lat_neg -0.500 mm  load   -142.62 N  Fz  -100.3  dmg  0.07%  maxVM  32.87  slip C4/C3 0.1444/0.2363  contact 0.06 (15 outer, 400s)
step  52 shear_lat_pos 2.600 mm  load    341.76 N  Fz  -102.8  dmg  3.36%  maxVM  34.27  slip C4/C3 0.6683/1.5008  contact 0.10 (15 outer, 1559s)
step  45 shear_lat_neg -2.250 mm  load   -289.85 N  Fz  -100.8  dmg  1.92%  maxVM  32.88  slip C4/C3 0.6286/1.3360  contact 0.10 (15 outer, 944s)
step  11 shear_lat_neg -0.550 mm  load   -169.44 N  Fz  -100.3  dmg  0.11%  maxVM  34.56  slip C4/C3 0.1559/0.2643  contact 0.07 (15 outer, 414s)
step  12 shear_lat_neg -0.600 mm  load   -145.11 N  Fz  -100.3  dmg  0.18%  maxVM  34.85  slip C4/C3 0.1676/0.3014  contact 0.06 (15 outer, 435s)
step  46 shear_lat_neg -2.300 mm  load   -137.08 N  Fz  -100.8  dmg  2.01%  maxVM  33.52  slip C4/C3 0.6402/1.3809  contact 0.09 (15 outer, 973s)
step  47 shear_lat_neg -2.350 mm  load   -382.69 N  Fz  -101.2  dmg  2.02%  maxVM  33.36  slip C4/C3 0.6440/1.4047  contact 0.10 (15 outer, 983s)
step  13 shear_lat_neg -0.650 mm  load   -162.75 N  Fz  -100.3  dmg  0.22%  maxVM  34.67  slip C4/C3 0.1779/0.3304  contact 0.06 (15 outer, 452s)
step  48 shear_lat_neg -2.400 mm  load   -160.63 N  Fz  -100.8  dmg  2.04%  maxVM  33.39  slip C4/C3 0.6576/1.4450  contact 0.10 (15 outer, 1001s)
step  53 shear_lat_pos 2.650 mm  load    250.67 N  Fz  -100.9  dmg  3.49%  maxVM  33.90  slip C4/C3 0.6870/1.5357  contact 0.09 (15 outer, 1624s)
step  14 shear_lat_neg -0.700 mm  load   -159.79 N  Fz  -100.3  dmg  0.31%  maxVM  34.46  slip C4/C3 0.1912/0.3659  contact 0.06 (15 outer, 478s)
step  49 shear_lat_neg -2.450 mm  load   -331.59 N  Fz  -101.0  dmg  2.05%  maxVM  34.91  slip C4/C3 0.6632/1.4734  contact 0.10 (15 outer, 1012s)
step  54 shear_lat_pos 2.700 mm  load    377.62 N  Fz  -100.7  dmg  3.49%  maxVM  33.99  slip C4/C3 0.6929/1.5620  contact 0.09 (15 outer, 1635s)
step  15 shear_lat_neg -0.750 mm  load   -175.27 N  Fz  -100.5  dmg  0.38%  maxVM  33.66  slip C4/C3 0.2001/0.3994  contact 0.07 (15 outer, 493s)
step  50 shear_lat_neg -2.500 mm  load   -202.69 N  Fz  -101.5  dmg  2.09%  maxVM  34.34  slip C4/C3 0.6743/1.5124  contact 0.10 (15 outer, 1028s)
step  55 shear_lat_pos 2.750 mm  load    336.73 N  Fz  -101.3  dmg  3.51%  maxVM  34.77  slip C4/C3 0.7019/1.5952  contact 0.09 (15 outer, 1655s)
step  16 shear_lat_neg -0.800 mm  load   -176.71 N  Fz  -100.6  dmg  0.40%  maxVM  34.21  slip C4/C3 0.2103/0.4265  contact 0.07 (15 outer, 506s)
step  17 shear_lat_neg -0.850 mm  load   -186.85 N  Fz  -100.7  dmg  0.51%  maxVM  34.54  slip C4/C3 0.2209/0.4626  contact 0.07 (15 outer, 527s)
step  51 shear_lat_neg -2.550 mm  load   -123.37 N  Fz  -101.8  dmg  2.14%  maxVM  34.90  slip C4/C3 0.6872/1.5530  contact 0.09 (15 outer, 1060s)
step  56 shear_lat_pos 2.800 mm  load    343.91 N  Fz  -102.4  dmg  3.54%  maxVM  34.92  slip C4/C3 0.7114/1.6273  contact 0.09 (15 outer, 1683s)
step  52 shear_lat_neg -2.600 mm  load   -470.95 N  Fz  -100.9  dmg  2.14%  maxVM  34.48  slip C4/C3 0.6901/1.5720  contact 0.10 (15 outer, 1067s)
step  18 shear_lat_neg -0.900 mm  load   -190.07 N  Fz  -100.7  dmg  0.58%  maxVM  34.63  slip C4/C3 0.2309/0.4951  contact 0.07 (15 outer, 543s)
step  53 shear_lat_neg -2.650 mm  load   -261.20 N  Fz  -102.8  dmg  2.17%  maxVM  34.98  slip C4/C3 0.6999/1.6162  contact 0.10 (15 outer, 1084s)
step  57 shear_lat_pos 2.850 mm  load    305.79 N  Fz  -101.0  dmg  3.58%  maxVM  33.66  slip C4/C3 0.7226/1.6599  contact 0.10 (15 outer, 1708s)
step  54 shear_lat_neg -2.700 mm  load   -496.92 N  Fz  -101.2  dmg  2.17%  maxVM  34.75  slip C4/C3 0.7034/1.6401  contact 0.10 (15 outer, 1091s)
step  19 shear_lat_neg -0.950 mm  load   -201.72 N  Fz  -101.0  dmg  0.65%  maxVM  34.93  slip C4/C3 0.2418/0.5278  contact 0.07 (15 outer, 564s)
step  55 shear_lat_neg -2.750 mm  load   -238.29 N  Fz  -101.1  dmg  2.23%  maxVM  34.97  slip C4/C3 0.7149/1.6884  contact 0.10 (15 outer, 1110s)
step  58 shear_lat_pos 2.900 mm  load    327.24 N  Fz  -102.1  dmg  3.61%  maxVM  34.84  slip C4/C3 0.7323/1.6895  contact 0.10 (15 outer, 1734s)
step  20 shear_lat_neg -1.000 mm  load   -239.15 N  Fz  -100.9  dmg  0.78%  maxVM  34.63  slip C4/C3 0.2495/0.5639  contact 0.07 (15 outer, 579s)
step  56 shear_lat_neg -2.800 mm  load   -197.35 N  Fz  -103.3  dmg  2.26%  maxVM  33.69  slip C4/C3 0.7231/1.7303  contact 0.10 (15 outer, 1135s)
step  21 shear_lat_neg -1.050 mm  load   -197.75 N  Fz  -101.1  dmg  0.91%  maxVM  33.93  slip C4/C3 0.2592/0.6020  contact 0.07 (15 outer, 603s)
step  57 shear_lat_neg -2.850 mm  load   -481.36 N  Fz  -101.9  dmg  2.27%  maxVM  33.86  slip C4/C3 0.7264/1.7527  contact 0.10 (15 outer, 1143s)
step  22 shear_lat_neg -1.100 mm  load   -237.67 N  Fz  -101.2  dmg  1.01%  maxVM  34.92  slip C4/C3 0.2668/0.6346  contact 0.08 (15 outer, 619s)
step  59 shear_lat_pos 2.950 mm  load    297.03 N  Fz  -102.1  dmg  3.66%  maxVM  34.43  slip C4/C3 0.7494/1.7183  contact 0.09 (15 outer, 1776s)
step  60 shear_lat_pos 3.000 mm  load    561.68 N  Fz  -100.9  dmg  3.66%  maxVM  34.62  slip C4/C3 0.7535/1.7407  contact 0.09 (15 outer, 1782s)
{"design": "B_tread", "mode": "shear_lat_pos", "dof": 0, "stop_reason": "imposed limit reached", "preload_N": 100.0, "max_imposed": 2.9999999999999973, "max_imposed_unit": "mm", "max_load": 561.6779842339155, "load_unit": "N", "load_at_endpoint": 561.6779842339155, "final_damage": 0.036639056786806956, "final_slip": 1.7406818073147623, "max_vm": 36.339414785353156, "steps": 60, "wall_s": 1782.0356101989746}
[gpu_pool] pid 1907006 cuda:2(GPU7) done ('sixdof', 'B_tread', 'shear_lat_pos') 1782.9s
step  58 shear_lat_neg -2.900 mm  load   -172.67 N  Fz  -100.9  dmg  2.30%  maxVM  33.72  slip C4/C3 0.7408/1.8019  contact 0.10 (15 outer, 1169s)
step  23 shear_lat_neg -1.150 mm  load   -203.23 N  Fz  -101.2  dmg  1.14%  maxVM  34.99  slip C4/C3 0.2761/0.6723  contact 0.08 (15 outer, 642s)
step  59 shear_lat_neg -2.950 mm  load   -431.84 N  Fz  -101.4  dmg  2.31%  maxVM  34.05  slip C4/C3 0.7447/1.8256  contact 0.11 (15 outer, 1178s)
step  60 shear_lat_neg -3.000 mm  load   -417.62 N  Fz  -101.2  dmg  2.33%  maxVM  33.98  slip C4/C3 0.7502/1.8638  contact 0.10 (15 outer, 1190s)
{"design": "A_smooth", "mode": "shear_lat_neg", "dof": 0, "stop_reason": "imposed limit reached", "preload_N": 100.0, "max_imposed": -2.9999999999999973, "max_imposed_unit": "mm", "max_load": 496.92489654797305, "load_unit": "N", "load_at_endpoint": 417.6191676284681, "final_damage": 0.02326851123279752, "final_slip": 1.8638364378413328, "max_vm": 40.237016519552114, "steps": 60, "wall_s": 1190.1756389141083}
[gpu_pool] pid 1907004 cuda:0(GPU3) done ('sixdof', 'A_smooth', 'shear_lat_neg') 1191.0s
step  24 shear_lat_neg -1.200 mm  load   -221.23 N  Fz  -101.4  dmg  1.21%  maxVM  34.71  slip C4/C3 0.2836/0.7070  contact 0.08 (15 outer, 662s)
step  25 shear_lat_neg -1.250 mm  load   -241.12 N  Fz  -101.3  dmg  1.30%  maxVM  34.10  slip C4/C3 0.2918/0.7383  contact 0.09 (15 outer, 676s)
step  26 shear_lat_neg -1.300 mm  load   -193.86 N  Fz  -101.3  dmg  1.43%  maxVM  34.39  slip C4/C3 0.2997/0.7800  contact 0.08 (15 outer, 705s)
step  27 shear_lat_neg -1.350 mm  load   -156.53 N  Fz  -101.0  dmg  1.70%  maxVM  48.01  slip C4/C3 0.3058/0.8265  contact 0.07 (15 outer, 771s)
step  28 shear_lat_neg -1.400 mm  load   -177.92 N  Fz  -101.3  dmg  1.75%  maxVM  34.76  slip C4/C3 0.3129/0.8598  contact 0.07 (15 outer, 806s)
step  29 shear_lat_neg -1.450 mm  load   -257.76 N  Fz  -101.5  dmg  1.77%  maxVM  34.28  slip C4/C3 0.3191/0.8870  contact 0.08 (15 outer, 816s)
step  30 shear_lat_neg -1.500 mm  load   -205.98 N  Fz  -101.2  dmg  1.82%  maxVM  33.28  slip C4/C3 0.3274/0.9238  contact 0.08 (15 outer, 837s)
step  31 shear_lat_neg -1.550 mm  load   -218.40 N  Fz  -101.2  dmg  1.87%  maxVM  33.80  slip C4/C3 0.3347/0.9577  contact 0.08 (15 outer, 855s)
step  32 shear_lat_neg -1.600 mm  load   -183.96 N  Fz  -101.1  dmg  1.97%  maxVM  34.77  slip C4/C3 0.3406/0.9995  contact 0.08 (15 outer, 894s)
step  33 shear_lat_neg -1.650 mm  load   -252.48 N  Fz  -101.2  dmg  1.98%  maxVM  34.07  slip C4/C3 0.3468/1.0270  contact 0.08 (15 outer, 906s)
step  34 shear_lat_neg -1.700 mm  load   -207.40 N  Fz  -101.6  dmg  2.05%  maxVM  34.58  slip C4/C3 0.3537/1.0677  contact 0.08 (15 outer, 940s)
step  35 shear_lat_neg -1.750 mm  load   -264.10 N  Fz  -102.0  dmg  2.09%  maxVM  34.82  slip C4/C3 0.3591/1.1010  contact 0.08 (15 outer, 960s)
step  36 shear_lat_neg -1.800 mm  load   -263.64 N  Fz  -101.4  dmg  2.13%  maxVM  33.98  slip C4/C3 0.3658/1.1347  contact 0.08 (15 outer, 981s)
step  37 shear_lat_neg -1.850 mm  load   -280.77 N  Fz  -101.6  dmg  2.16%  maxVM  33.76  slip C4/C3 0.3724/1.1668  contact 0.09 (15 outer, 997s)
step  38 shear_lat_neg -1.900 mm  load   -239.66 N  Fz  -101.4  dmg  2.27%  maxVM  34.37  slip C4/C3 0.3798/1.2053  contact 0.09 (15 outer, 1027s)
step  39 shear_lat_neg -1.950 mm  load   -304.49 N  Fz  -101.7  dmg  2.28%  maxVM  34.72  slip C4/C3 0.3879/1.2325  contact 0.09 (15 outer, 1040s)
step  40 shear_lat_neg -2.000 mm  load   -276.63 N  Fz  -101.2  dmg  2.36%  maxVM  34.29  slip C4/C3 0.3955/1.2694  contact 0.08 (15 outer, 1067s)
step  41 shear_lat_neg -2.050 mm  load   -263.30 N  Fz  -101.7  dmg  2.39%  maxVM  32.61  slip C4/C3 0.4046/1.3048  contact 0.09 (15 outer, 1092s)
step  42 shear_lat_neg -2.100 mm  load   -319.50 N  Fz  -101.7  dmg  2.42%  maxVM  33.46  slip C4/C3 0.4118/1.3334  contact 0.09 (15 outer, 1104s)
step  43 shear_lat_neg -2.150 mm  load   -223.88 N  Fz   -99.8  dmg  2.48%  maxVM  34.43  slip C4/C3 0.4229/1.3709  contact 0.09 (15 outer, 1145s)
step  44 shear_lat_neg -2.200 mm  load   -339.08 N  Fz  -102.0  dmg  2.49%  maxVM  34.46  slip C4/C3 0.4301/1.3977  contact 0.09 (15 outer, 1157s)
step  45 shear_lat_neg -2.250 mm  load   -279.38 N  Fz  -101.8  dmg  2.56%  maxVM  34.51  slip C4/C3 0.4416/1.4349  contact 0.08 (15 outer, 1194s)
step  46 shear_lat_neg -2.300 mm  load   -272.70 N  Fz  -102.3  dmg  2.60%  maxVM  34.65  slip C4/C3 0.4530/1.4674  contact 0.08 (15 outer, 1231s)
step  47 shear_lat_neg -2.350 mm  load   -299.13 N  Fz  -102.5  dmg  2.63%  maxVM  34.19  slip C4/C3 0.4632/1.5009  contact 0.08 (15 outer, 1272s)
step  48 shear_lat_neg -2.400 mm  load   -335.46 N  Fz  -101.7  dmg  2.63%  maxVM  33.82  slip C4/C3 0.4710/1.5291  contact 0.09 (15 outer, 1281s)
step  49 shear_lat_neg -2.450 mm  load   -287.86 N  Fz  -101.8  dmg  2.67%  maxVM  34.76  slip C4/C3 0.4824/1.5630  contact 0.09 (15 outer, 1306s)
step  50 shear_lat_neg -2.500 mm  load   -326.14 N  Fz  -101.7  dmg  2.69%  maxVM  34.97  slip C4/C3 0.4918/1.5910  contact 0.09 (15 outer, 1322s)
step  51 shear_lat_neg -2.550 mm  load   -311.91 N  Fz  -101.8  dmg  2.74%  maxVM  33.36  slip C4/C3 0.5020/1.6292  contact 0.09 (15 outer, 1359s)
step  52 shear_lat_neg -2.600 mm  load   -356.85 N  Fz  -102.3  dmg  2.75%  maxVM  34.28  slip C4/C3 0.5107/1.6555  contact 0.09 (15 outer, 1372s)
step  53 shear_lat_neg -2.650 mm  load   -409.61 N  Fz  -102.0  dmg  2.77%  maxVM  34.83  slip C4/C3 0.5185/1.6869  contact 0.08 (15 outer, 1390s)
step  54 shear_lat_neg -2.700 mm  load   -313.57 N  Fz  -102.0  dmg  2.82%  maxVM  34.65  slip C4/C3 0.5303/1.7235  contact 0.09 (15 outer, 1418s)
step  55 shear_lat_neg -2.750 mm  load   -394.81 N  Fz  -101.3  dmg  2.83%  maxVM  34.87  slip C4/C3 0.5375/1.7521  contact 0.09 (15 outer, 1431s)
step  56 shear_lat_neg -2.800 mm  load   -391.60 N  Fz  -102.1  dmg  2.84%  maxVM  34.85  slip C4/C3 0.5456/1.7826  contact 0.09 (15 outer, 1441s)
step  57 shear_lat_neg -2.850 mm  load   -355.02 N  Fz  -102.1  dmg  2.91%  maxVM  34.70  slip C4/C3 0.5581/1.8204  contact 0.09 (15 outer, 1472s)
step  58 shear_lat_neg -2.900 mm  load   -479.10 N  Fz  -102.7  dmg  2.91%  maxVM  34.79  slip C4/C3 0.5635/1.8422  contact 0.09 (15 outer, 1478s)
step  59 shear_lat_neg -2.950 mm  load   -351.05 N  Fz  -102.2  dmg  2.96%  maxVM  34.39  slip C4/C3 0.5769/1.8842  contact 0.10 (15 outer, 1504s)
step  60 shear_lat_neg -3.000 mm  load   -456.54 N  Fz  -102.7  dmg  2.96%  maxVM  34.39  slip C4/C3 0.5836/1.9101  contact 0.09 (15 outer, 1514s)
{"design": "B_tread", "mode": "shear_lat_neg", "dof": 0, "stop_reason": "imposed limit reached", "preload_N": 100.0, "max_imposed": -2.9999999999999973, "max_imposed_unit": "mm", "max_load": 479.10481368640825, "load_unit": "N", "load_at_endpoint": 456.5350134717782, "final_damage": 0.029639579135885386, "final_slip": 1.910138343431517, "max_vm": 48.00884787616504, "steps": 60, "wall_s": 1513.8379998207092}
[gpu_pool] pid 1907005 cuda:1(GPU4) done ('sixdof', 'B_tread', 'shear_lat_neg') 1514.7s
[gpu_pool] 10 jobs -> workers cuda:0 (physical GPU 3), cuda:1 (physical GPU 4), cuda:2 (physical GPU 7)
=== Test 2 cyclic A_smooth: level 0.750 x F_fail 1299 N -> Fmax 974 N, Fmin 97 N, device cuda:0
=== Test 2 cyclic B_tread: level 0.750 x F_fail 1343 N -> Fmax 1007 N, Fmin 101 N, device cuda:2
=== Test 2 cyclic A_smooth: level 0.625 x F_fail 1299 N -> Fmax 812 N, Fmin 81 N, device cuda:1
   preload secant 0: Uz 0.00677 mm -> Fz -84.96 N
   preload secant 0: Uz 0.00812 mm -> Fz -101.96 N
   preload secant 0: Uz 0.00839 mm -> Fz -106.26 N
   preload secant 1: Uz 0.00645 mm -> Fz -75.83 N
   preload secant 1: Uz 0.00774 mm -> Fz -90.98 N
   preload secant 1: Uz 0.00793 mm -> Fz -95.77 N
   preload secant 2: Uz 0.00664 mm -> Fz -75.21 N
   preload secant 2: Uz 0.00796 mm -> Fz -90.32 N
   preload secant 2: Uz 0.00815 mm -> Fz -96.24 N
   preload secant 3: Uz 0.01260 mm -> Fz -150.17 N
   preload secant 3: Uz 0.01507 mm -> Fz -179.38 N
   preload secant 3: Uz 0.01022 mm -> Fz -122.40 N
   preload secant 4: Uz 0.00711 mm -> Fz -79.84 N
   preload secant 4: Uz 0.00850 mm -> Fz -100.08 N
   preload secant 4: Uz 0.00853 mm -> Fz -95.76 N
   preload done: Fz -100.71 N, Uz -0.00868 mm
   preload done: Fz -81.18 N, Uz -0.00736 mm
   preload done: Fz -97.42 N, Uz -0.00883 mm
block   1 N        17622 (+     17620) maxD 0.100 dmg   0.00%  maxVM@Fmax  24.40  ratchet 2.26e-04 mm/cyc slip 3.9809 mm  k    12594 N/mm (1140s)
{"design": "B_tread", "level": 0.75, "F_fail_static": 1342.8287145388174, "Fmax": 1007.121535904113, "Fmin": 100.7121535904113, "stop_reason": "slip >= 2 mm", "cycles_run": 17621.583169562244, "runout": false, "cycles_to_endpoint": 17621.583169562244, "endpoint_type": "slip 2 mm", "damage_crossings": {"0.1": null, "0.15": null, "0.2": null}, "final_damage": 0.0, "final_slip_mm": 3.9830587276842637, "initial_stiffness": 12593.902534847988, "final_stiffness": 12593.902534847988, "blocks": 1, "wall_s": 1140.2690773010254, "test_duration_days_at_5Hz": 0.04079070178139408}
[gpu_pool] pid 2164133 cuda:2(GPU7) done ('cyclic', 'B_tread', 0.75, 1342.8287145388174) 1140.8s
=== Test 2 cyclic B_tread: level 0.625 x F_fail 1343 N -> Fmax 839 N, Fmin 84 N, device cuda:2
   preload secant 0: Uz 0.00699 mm -> Fz -88.55 N
   preload secant 1: Uz 0.00661 mm -> Fz -79.83 N
   preload secant 2: Uz 0.00679 mm -> Fz -80.31 N
   preload secant 3: Uz 0.00816 mm -> Fz -97.44 N
   preload secant 4: Uz 0.00708 mm -> Fz -83.22 N
block   1 N       255983 (+    255981) maxD 0.100 dmg   0.00%  maxVM@Fmax  19.37  ratchet 5.10e-04 mm/cyc slip 130.4612 mm  k    12408 N/mm (1200s)
{"design": "A_smooth", "level": 0.625, "F_fail_static": 1298.9409202902436, "Fmax": 811.8380751814022, "Fmin": 81.18380751814023, "stop_reason": "slip >= 2 mm", "cycles_run": 255983.48649976624, "runout": false, "cycles_to_endpoint": 255983.48649976624, "endpoint_type": "slip 2 mm", "damage_crossings": {"0.1": null, "0.15": null, "0.2": null}, "final_damage": 0.0, "final_slip_mm": 130.4642482585394, "initial_stiffness": 12407.631079130835, "final_stiffness": 12407.631079130835, "blocks": 1, "wall_s": 1200.1786696910858, "test_duration_days_at_5Hz": 0.592554366897607}
[gpu_pool] pid 2164132 cuda:1(GPU4) done ('cyclic', 'A_smooth', 0.625, 1298.9409202902436) 1200.7s
=== Test 2 cyclic A_smooth: level 0.500 x F_fail 1299 N -> Fmax 649 N, Fmin 65 N, device cuda:1
block   1 N        29972 (+     29970) maxD 0.100 dmg   0.00%  maxVM@Fmax  23.24  ratchet 6.12e-04 mm/cyc slip 18.3284 mm  k    12408 N/mm (1203s)
{"design": "A_smooth", "level": 0.75, "F_fail_static": 1298.9409202902436, "Fmax": 974.2056902176828, "Fmin": 97.42056902176827, "stop_reason": "slip >= 2 mm", "cycles_run": 29971.543912468245, "runout": false, "cycles_to_endpoint": 29971.543912468245, "endpoint_type": "slip 2 mm", "damage_crossings": {"0.1": null, "0.15": null, "0.2": null}, "final_damage": 0.0, "final_slip_mm": 18.331994469557138, "initial_stiffness": 12407.634917917654, "final_stiffness": 12407.634917917654, "blocks": 1, "wall_s": 1202.7038021087646, "test_duration_days_at_5Hz": 0.06937857387145427}
[gpu_pool] pid 2164131 cuda:0(GPU3) done ('cyclic', 'A_smooth', 0.75, 1298.9409202902436) 1203.8s
=== Test 2 cyclic B_tread: level 0.500 x F_fail 1343 N -> Fmax 671 N, Fmin 67 N, device cuda:0
   preload secant 0: Uz 0.00541 mm -> Fz -67.97 N
   preload secant 0: Uz 0.00560 mm -> Fz -70.84 N
   preload secant 1: Uz 0.00516 mm -> Fz -60.85 N
   preload secant 1: Uz 0.00529 mm -> Fz -63.86 N
   preload secant 2: Uz 0.00531 mm -> Fz -60.13 N
   preload secant 2: Uz 0.00543 mm -> Fz -64.26 N
   preload secant 3: Uz 0.01012 mm -> Fz -120.58 N
   preload secant 3: Uz 0.00647 mm -> Fz -77.23 N
   preload secant 4: Uz 0.00569 mm -> Fz -63.87 N
   preload secant 4: Uz 0.00566 mm -> Fz -66.59 N
   preload done: Fz -83.92 N, Uz -0.00724 mm
   preload done: Fz -67.14 N, Uz -0.00579 mm
   preload done: Fz -64.94 N, Uz -0.00588 mm
block   1 N       159189 (+    159187) maxD 0.100 dmg   0.00%  maxVM@Fmax  20.26  ratchet 1.95e-04 mm/cyc slip 31.0945 mm  k    12618 N/mm (995s)
{"design": "B_tread", "level": 0.625, "F_fail_static": 1342.8287145388174, "Fmax": 839.2679465867609, "Fmin": 83.92679465867609, "stop_reason": "slip >= 2 mm", "cycles_run": 159188.70857775043, "runout": false, "cycles_to_endpoint": 159188.70857775043, "endpoint_type": "slip 2 mm", "damage_crossings": {"0.1": null, "0.15": null, "0.2": null}, "final_damage": 0.0, "final_slip_mm": 31.09608151208085, "initial_stiffness": 12617.962900764403, "final_stiffness": 12617.962900764403, "blocks": 1, "wall_s": 994.6702990531921, "test_duration_days_at_5Hz": 0.36849238096701487}
[gpu_pool] pid 2164133 cuda:2(GPU7) done ('cyclic', 'B_tread', 0.625, 1342.8287145388174) 994.8s
=== Test 2 cyclic A_smooth: level 0.375 x F_fail 1299 N -> Fmax 487 N, Fmin 49 N, device cuda:2
   preload secant 0: Uz 0.00406 mm -> Fz -50.98 N
   preload secant 1: Uz 0.00387 mm -> Fz -45.49 N
   preload secant 2: Uz 0.00398 mm -> Fz -45.16 N
   preload secant 3: Uz 0.00753 mm -> Fz -89.69 N
   preload secant 4: Uz 0.00426 mm -> Fz -47.88 N
block   1 N      2198224 (+   2198222) maxD 0.100 dmg   0.00%  maxVM@Fmax  16.20  ratchet 1.56e-04 mm/cyc slip 343.5985 mm  k    12618 N/mm (996s)
{"design": "B_tread", "level": 0.5, "F_fail_static": 1342.8287145388174, "Fmax": 671.4143572694087, "Fmin": 67.14143572694087, "stop_reason": "slip >= 2 mm", "cycles_run": 2198224.320553007, "runout": false, "cycles_to_endpoint": 2198224.320553007, "endpoint_type": "slip 2 mm", "damage_crossings": {"0.1": null, "0.15": null, "0.2": null}, "final_damage": 0.0, "final_slip_mm": 343.59976693224246, "initial_stiffness": 12617.899612218345, "final_stiffness": 12617.899612218345, "blocks": 1, "wall_s": 995.5613188743591, "test_duration_days_at_5Hz": 5.088482223502331}
[gpu_pool] pid 2164131 cuda:0(GPU3) done ('cyclic', 'B_tread', 0.5, 1342.8287145388174) 995.7s
=== Test 2 cyclic B_tread: level 0.375 x F_fail 1343 N -> Fmax 504 N, Fmin 50 N, device cuda:0
   preload secant 0: Uz 0.00420 mm -> Fz -53.13 N
   preload secant 1: Uz 0.00396 mm -> Fz -47.88 N
   preload secant 2: Uz 0.00407 mm -> Fz -48.12 N
   preload secant 3: Uz 0.00511 mm -> Fz -61.20 N
   preload secant 4: Uz 0.00425 mm -> Fz -50.04 N
   preload done: Fz -48.71 N, Uz -0.00441 mm
   preload done: Fz -50.35 N, Uz -0.00434 mm
block   1 N      3534382 (+   3534380) maxD 0.100 dmg   0.00%  maxVM@Fmax  15.50  ratchet 4.08e-04 mm/cyc slip 1441.0115 mm  k    12408 N/mm (1200s)
{"design": "A_smooth", "level": 0.5, "F_fail_static": 1298.9409202902436, "Fmax": 649.4704601451218, "Fmin": 64.94704601451218, "stop_reason": "slip >= 2 mm", "cycles_run": 3534381.552395064, "runout": false, "cycles_to_endpoint": 3534381.552395064, "endpoint_type": "slip 2 mm", "damage_crossings": {"0.1": null, "0.15": null, "0.2": null}, "final_damage": 0.0, "final_slip_mm": 1441.0139411051903, "initial_stiffness": 12407.6267894489, "final_stiffness": 12407.6267894489, "blocks": 1, "wall_s": 1199.9843266010284, "test_duration_days_at_5Hz": 8.181438778692277}
[gpu_pool] pid 2164132 cuda:1(GPU4) done ('cyclic', 'A_smooth', 0.5, 1298.9409202902436) 1200.1s
=== Test 2 cyclic A_smooth: level 0.250 x F_fail 1299 N -> Fmax 325 N, Fmin 32 N, device cuda:1
   preload secant 0: Uz 0.00271 mm -> Fz -33.98 N
   preload secant 1: Uz 0.00258 mm -> Fz -30.42 N
   preload secant 2: Uz 0.00265 mm -> Fz -30.07 N
   preload secant 3: Uz 0.00506 mm -> Fz -60.29 N
   preload secant 4: Uz 0.00284 mm -> Fz -31.94 N
   preload done: Fz -32.47 N, Uz -0.00294 mm
block   1 N      5000002 (+   5000000) maxD 0.008 dmg   0.00%  maxVM@Fmax  12.15  ratchet 1.17e-04 mm/cyc slip 585.9298 mm  k    12618 N/mm (999s)
{"design": "B_tread", "level": 0.375, "F_fail_static": 1342.8287145388174, "Fmax": 503.5607679520565, "Fmin": 50.35607679520565, "stop_reason": "slip >= 2 mm", "cycles_run": 5000002.0, "runout": false, "cycles_to_endpoint": 5000002.0, "endpoint_type": "slip 2 mm", "damage_crossings": {"0.1": null, "0.15": null, "0.2": null}, "final_damage": 0.0, "final_slip_mm": 585.9307099188148, "initial_stiffness": 12618.177228460723, "final_stiffness": 12618.177228460723, "blocks": 1, "wall_s": 998.698778629303, "test_duration_days_at_5Hz": 11.574078703703703}
[gpu_pool] pid 2164131 cuda:0(GPU3) done ('cyclic', 'B_tread', 0.375, 1342.8287145388174) 998.9s
=== Test 2 cyclic B_tread: level 0.250 x F_fail 1343 N -> Fmax 336 N, Fmin 34 N, device cuda:0
   preload secant 0: Uz 0.00280 mm -> Fz -35.42 N
   preload secant 1: Uz 0.00264 mm -> Fz -31.93 N
   preload secant 2: Uz 0.00272 mm -> Fz -32.13 N
   preload secant 3: Uz 0.00324 mm -> Fz -38.62 N
   preload secant 4: Uz 0.00283 mm -> Fz -33.29 N
block   1 N      5000002 (+   5000000) maxD 0.005 dmg   0.00%  maxVM@Fmax  11.62  ratchet 3.06e-04 mm/cyc slip 1528.9166 mm  k    12408 N/mm (1201s)
{"design": "A_smooth", "level": 0.375, "F_fail_static": 1298.9409202902436, "Fmax": 487.1028451088414, "Fmin": 48.71028451088414, "stop_reason": "slip >= 2 mm", "cycles_run": 5000002.0, "runout": false, "cycles_to_endpoint": 5000002.0, "endpoint_type": "slip 2 mm", "damage_crossings": {"0.1": null, "0.15": null, "0.2": null}, "final_damage": 0.0, "final_slip_mm": 1528.9184434013382, "initial_stiffness": 12407.634917917654, "final_stiffness": 12407.634917917654, "blocks": 1, "wall_s": 1201.4080374240875, "test_duration_days_at_5Hz": 11.574078703703703}
[gpu_pool] pid 2164133 cuda:2(GPU7) done ('cyclic', 'A_smooth', 0.375, 1298.9409202902436) 1201.6s
   preload done: Fz -33.57 N, Uz -0.00290 mm
block   1 N      5000002 (+   5000000) maxD 0.000 dmg   0.00%  maxVM@Fmax   7.75  ratchet 2.04e-04 mm/cyc slip 1019.2818 mm  k    12408 N/mm (1200s)
{"design": "A_smooth", "level": 0.25, "F_fail_static": 1298.9409202902436, "Fmax": 324.7352300725609, "Fmin": 32.47352300725609, "stop_reason": "slip >= 2 mm", "cycles_run": 5000002.0, "runout": false, "cycles_to_endpoint": 5000002.0, "endpoint_type": "slip 2 mm", "damage_crossings": {"0.1": null, "0.15": null, "0.2": null}, "final_damage": 0.0, "final_slip_mm": 1019.2830255844731, "initial_stiffness": 12407.6267894489, "final_stiffness": 12407.6267894489, "blocks": 1, "wall_s": 1200.0325906276703, "test_duration_days_at_5Hz": 11.574078703703703}
[gpu_pool] pid 2164132 cuda:1(GPU4) done ('cyclic', 'A_smooth', 0.25, 1298.9409202902436) 1200.2s
block   1 N      5000002 (+   5000000) maxD 0.000 dmg   0.00%  maxVM@Fmax   8.10  ratchet 7.82e-05 mm/cyc slip 390.7686 mm  k    12618 N/mm (996s)
{"design": "B_tread", "level": 0.25, "F_fail_static": 1342.8287145388174, "Fmax": 335.70717863470435, "Fmin": 33.570717863470435, "stop_reason": "slip >= 2 mm", "cycles_run": 5000002.0, "runout": false, "cycles_to_endpoint": 5000002.0, "endpoint_type": "slip 2 mm", "damage_crossings": {"0.1": null, "0.15": null, "0.2": null}, "final_damage": 0.0, "final_slip_mm": 390.7692221638057, "initial_stiffness": 12617.899612218345, "final_stiffness": 12617.899612218345, "blocks": 1, "wall_s": 995.5204463005066, "test_duration_days_at_5Hz": 11.574078703703703}
[gpu_pool] pid 2164131 cuda:0(GPU3) done ('cyclic', 'B_tread', 0.25, 1342.8287145388174) 995.7s
